feature,family,distinct_development_values,minimum,maximum,nonzero_fraction,availability,status
time.day,horizon,30,0.0,29.0,0.9668508287292817,current_legal_observation,provisional_not_selected
time.hour,horizon,7,0.0,22.0,0.8342541436464088,current_legal_observation,provisional_not_selected
time.decisions_remaining,horizon,181,1.0,719.0,1.0,current_legal_observation,provisional_not_selected
time.hours_until_refresh,horizon,7,2.0,24.0,1.0,current_legal_observation,provisional_not_selected
time.season_fraction,horizon,181,0.0,0.9986091794158554,0.994475138121547,current_legal_observation,provisional_not_selected
relative.cash_lead,relative_state,3149,-14884.0,23918.0,0.8636049723756906,current_legal_observation,provisional_not_selected
relative.worker_lead,relative_state,3,0.0,2.0,0.2828038674033149,current_legal_observation,provisional_not_selected
relative.land_lead,relative_state,1,0.0,0.0,0.0,current_legal_observation,coverage_gap_constant
logistics.shed_used,logistics,41,0.0,45.0,0.8106008287292817,current_legal_observation,provisional_not_selected
logistics.shed_free,logistics,41,55.0,100.0,1.0,current_legal_observation,provisional_not_selected
logistics.carried_total,logistics,42,0.0,42.0,0.8230317679558011,current_legal_observation,provisional_not_selected
logistics.refresh_overflow,logistics,1,0.0,0.0,0.0,current_legal_observation,coverage_gap_constant
demand.BAKERY.instances,town_demand,5,0.0,4.0,0.3798342541436464,current_legal_observation,provisional_not_selected
demand.BRUNCH_SPOT.instances,town_demand,4,0.0,3.0,0.43585980662983426,current_legal_observation,provisional_not_selected
demand.FARMERS_MARKET.instances,town_demand,3,0.0,2.0,0.2265193370165746,current_legal_observation,provisional_not_selected
demand.ICE_CREAM_SHOP.instances,town_demand,3,0.0,2.0,0.31077348066298344,current_legal_observation,provisional_not_selected
demand.PET_CAFE.instances,town_demand,5,0.0,4.0,0.47306629834254144,current_legal_observation,provisional_not_selected
demand.PIZZA_SHOP.instances,town_demand,4,0.0,3.0,0.6448549723756906,current_legal_observation,provisional_not_selected
demand.SMOOTHIE_SHOP.instances,town_demand,3,0.0,2.0,0.4333563535911602,current_legal_observation,provisional_not_selected
demand.YARN_STORE.instances,town_demand,4,0.0,3.0,0.39433701657458564,current_legal_observation,provisional_not_selected
market.WHEAT.price,market_curves,30,25.0,55.0,1.0,current_legal_observation,provisional_not_selected
market.WHEAT.normalized_price,market_curves,30,1.0,2.2,1.0,current_legal_observation,provisional_not_selected
market.WHEAT.normalized_supply,market_curves,744,-2.3,0.0,0.994475138121547,current_legal_observation,provisional_not_selected
market.WHEAT.one_unit_price_impact,market_curves,2,0.0,1.0,0.053349447513812154,current_legal_observation,provisional_not_selected
market.WHEAT.sell_5_revenue,market_curves,128,121.0,275.0,1.0,current_legal_observation,provisional_not_selected
market.WHEAT.sell_20_revenue,market_curves,446,467.0,1100.0,1.0,current_legal_observation,provisional_not_selected
demand.WHEAT.current_daily_units,town_demand,8,1.0,43.0,1.0,current_legal_observation,provisional_not_selected
inventory.WHEAT.shed,logistics,22,0.0,25.0,0.8016229281767956,current_legal_observation,provisional_not_selected
inventory.WHEAT.carried,logistics,22,0.0,25.0,0.8080110497237569,current_legal_observation,provisional_not_selected
inventory.WHEAT.immediate_sale_value,market_curves,488,0.0,1200.0,0.8016229281767956,current_legal_observation,provisional_not_selected
market.CARROT.price,market_curves,86,35.0,125.0,1.0,current_legal_observation,provisional_not_selected
market.CARROT.normalized_price,market_curves,86,1.0,3.5714285714285716,1.0,current_legal_observation,provisional_not_selected
market.CARROT.normalized_supply,market_curves,572,-1.3866666666666667,0.0,0.994475138121547,current_legal_observation,provisional_not_selected
market.CARROT.one_unit_price_impact,market_curves,2,0.0,1.0,0.07890193370165746,current_legal_observation,provisional_not_selected
market.CARROT.sell_5_revenue,market_curves,295,168.0,621.0,1.0,current_legal_observation,provisional_not_selected
market.CARROT.sell_20_revenue,market_curves,572,634.0,2404.0,1.0,current_legal_observation,provisional_not_selected
demand.CARROT.current_daily_units,town_demand,9,1.0,49.0,1.0,current_legal_observation,provisional_not_selected
inventory.CARROT.shed,logistics,1,0.0,0.0,0.0,current_legal_observation,coverage_gap_constant
inventory.CARROT.carried,logistics,1,0.0,0.0,0.0,current_legal_observation,coverage_gap_constant
inventory.CARROT.immediate_sale_value,market_curves,1,0.0,0.0,0.0,current_legal_observation,coverage_gap_constant
market.TOMATO.price,market_curves,192,45.0,361.0,1.0,current_legal_observation,provisional_not_selected
market.TOMATO.normalized_price,market_curves,192,0.75,6.016666666666667,1.0,current_legal_observation,provisional_not_selected
market.TOMATO.normalized_supply,market_curves,417,-2.14,0.18,0.9839433701657458,current_legal_observation,provisional_not_selected
market.TOMATO.one_unit_price_impact,market_curves,4,0.0,3.0,0.1959599447513812,current_legal_observation,provisional_not_selected
market.TOMATO.sell_5_revenue,market_curves,337,222.0,1782.0,1.0,current_legal_observation,provisional_not_selected
market.TOMATO.sell_20_revenue,market_curves,417,858.0,6791.0,1.0,current_legal_observation,provisional_not_selected
demand.TOMATO.current_daily_units,town_demand,5,1.0,25.0,1.0,current_legal_observation,provisional_not_selected
inventory.TOMATO.shed,logistics,7,0.0,6.0,0.053349447513812154,current_legal_observation,provisional_not_selected
inventory.TOMATO.carried,logistics,7,0.0,6.0,0.10618093922651933,current_legal_observation,provisional_not_selected
inventory.TOMATO.immediate_sale_value,market_curves,130,0.0,979.0,0.053349447513812154,current_legal_observation,provisional_not_selected
market.STRAWBERRY.price,market_curves,185,110.0,318.0,1.0,current_legal_observation,provisional_not_selected
market.STRAWBERRY.normalized_price,market_curves,185,0.9166666666666666,2.65,1.0,current_legal_observation,provisional_not_selected
market.STRAWBERRY.normalized_supply,market_curves,482,-5.54,0.05,0.993439226519337,current_legal_observation,provisional_not_selected
market.STRAWBERRY.one_unit_price_impact,market_curves,6,0.0,8.0,0.6358770718232044,current_legal_observation,provisional_not_selected
market.STRAWBERRY.sell_5_revenue,market_curves,479,533.0,1587.0,1.0,current_legal_observation,provisional_not_selected
market.STRAWBERRY.sell_20_revenue,market_curves,482,1844.0,6320.0,1.0,current_legal_observation,provisional_not_selected
demand.STRAWBERRY.current_daily_units,town_demand,7,1.0,37.0,1.0,current_legal_observation,provisional_not_selected
inventory.STRAWBERRY.shed,logistics,4,0.0,4.0,0.0369475138121547,current_legal_observation,provisional_not_selected
inventory.STRAWBERRY.carried,logistics,5,0.0,4.0,0.1294889502762431,current_legal_observation,provisional_not_selected
inventory.STRAWBERRY.immediate_sale_value,market_curves,133,0.0,882.0,0.0369475138121547,current_legal_observation,provisional_not_selected
market.MELON.price,market_curves,38,4.0,280.0,1.0,current_legal_observation,provisional_not_selected
market.MELON.normalized_price,market_curves,38,0.016,1.12,1.0,current_legal_observation,provisional_not_selected
market.MELON.normalized_supply,market_curves,49,-0.1,0.5233333333333333,0.994475138121547,current_legal_observation,provisional_not_selected
market.MELON.one_unit_price_impact,market_curves,6,0.0,6.0,0.8121546961325967,current_legal_observation,provisional_not_selected
market.MELON.sell_5_revenue,market_curves,49,8.0,1398.0,1.0,current_legal_observation,provisional_not_selected
market.MELON.sell_20_revenue,market_curves,49,23.0,5531.0,1.0,current_legal_observation,provisional_not_selected
demand.MELON.current_daily_units,town_demand,1,1.0,1.0,1.0,current_legal_observation,coverage_gap_constant
inventory.MELON.shed,logistics,1,0.0,0.0,0.0,current_legal_observation,coverage_gap_constant
inventory.MELON.carried,logistics,1,0.0,0.0,0.0,current_legal_observation,coverage_gap_constant
inventory.MELON.immediate_sale_value,market_curves,1,0.0,0.0,0.0,current_legal_observation,coverage_gap_constant
market.EGG.price,market_curves,35,41.0,75.0,1.0,current_legal_observation,provisional_not_selected
market.EGG.normalized_price,market_curves,35,0.82,1.5,1.0,current_legal_observation,provisional_not_selected
market.EGG.normalized_supply,market_curves,427,-1.1325301204819278,0.5421686746987951,0.9816988950276243,current_legal_observation,provisional_not_selected
market.EGG.one_unit_price_impact,market_curves,2,0.0,1.0,0.09219613259668508,current_legal_observation,provisional_not_selected
market.EGG.sell_5_revenue,market_curves,134,205.0,375.0,1.0,current_legal_observation,provisional_not_selected
market.EGG.sell_20_revenue,market_curves,367,820.0,1477.0,1.0,current_legal_observation,provisional_not_selected
demand.EGG.current_daily_units,town_demand,6,1.0,31.0,1.0,current_legal_observation,provisional_not_selected
inventory.EGG.shed,logistics,6,0.0,8.0,0.1051450276243094,current_legal_observation,provisional_not_selected
inventory.EGG.carried,logistics,6,0.0,8.0,0.5977209944751382,current_legal_observation,provisional_not_selected
inventory.EGG.immediate_sale_value,market_curves,98,0.0,408.0,0.1051450276243094,current_legal_observation,provisional_not_selected
market.MILK.price,market_curves,213,103.0,364.0,1.0,current_legal_observation,provisional_not_selected
market.MILK.normalized_price,market_curves,213,0.64375,2.275,1.0,current_legal_observation,provisional_not_selected
market.MILK.normalized_supply,market_curves,479,-4.524590163934426,0.22131147540983606,0.991885359116022,current_legal_observation,provisional_not_selected
market.MILK.one_unit_price_impact,market_curves,5,0.0,9.0,0.6942334254143646,current_legal_observation,provisional_not_selected
market.MILK.sell_5_revenue,market_curves,479,495.0,1819.0,1.0,current_legal_observation,provisional_not_selected
market.MILK.sell_20_revenue,market_curves,479,1668.0,7249.0,1.0,current_legal_observation,provisional_not_selected
demand.MILK.current_daily_units,town_demand,6,1.0,31.0,1.0,current_legal_observation,provisional_not_selected
inventory.MILK.shed,logistics,6,0.0,12.0,0.03228591160220994,current_legal_observation,provisional_not_selected
inventory.MILK.carried,logistics,8,0.0,12.0,0.23532458563535913,current_legal_observation,provisional_not_selected
inventory.MILK.immediate_sale_value,market_curves,122,0.0,2710.0,0.03228591160220994,current_legal_observation,provisional_not_selected
market.WOOL.price,market_curves,98,1.0,255.0,1.0,current_legal_observation,provisional_not_selected
market.WOOL.normalized_price,market_curves,98,0.005,1.275,1.0,current_legal_observation,provisional_not_selected
market.WOOL.normalized_supply,market_curves,507,-5.752380952380952,0.5619047619047619,0.9886049723756906,current_legal_observation,provisional_not_selected
market.WOOL.one_unit_price_impact,market_curves,8,0.0,7.0,0.5908149171270718,current_legal_observation,provisional_not_selected
market.WOOL.sell_5_revenue,market_curves,204,5.0,1275.0,1.0,current_legal_observation,provisional_not_selected
market.WOOL.sell_20_revenue,market_curves,398,20.0,5100.0,1.0,current_legal_observation,provisional_not_selected
demand.WOOL.current_daily_units,town_demand,4,1.0,37.0,1.0,current_legal_observation,provisional_not_selected
inventory.WOOL.shed,logistics,6,0.0,6.0,0.0393646408839779,current_legal_observation,provisional_not_selected
inventory.WOOL.carried,logistics,7,0.0,6.0,0.2581146408839779,current_legal_observation,provisional_not_selected
inventory.WOOL.immediate_sale_value,market_curves,117,0.0,1440.0,0.0393646408839779,current_legal_observation,provisional_not_selected
market.FERTILIZER.price,market_curves,68,33.0,100.0,1.0,current_legal_observation,provisional_not_selected
market.FERTILIZER.normalized_price,market_curves,68,0.33,1.0,1.0,current_legal_observation,provisional_not_selected
market.FERTILIZER.normalized_supply,market_curves,330,0.0,1.685,0.9537292817679558,current_legal_observation,provisional_not_selected
market.FERTILIZER.one_unit_price_impact,market_curves,2,0.0,1.0,0.20994475138121546,current_legal_observation,provisional_not_selected
market.FERTILIZER.sell_5_revenue,market_curves,330,161.0,498.0,1.0,current_legal_observation,provisional_not_selected
market.FERTILIZER.sell_20_revenue,market_curves,330,614.0,1962.0,1.0,current_legal_observation,provisional_not_selected
demand.FERTILIZER.current_daily_units,town_demand,1,0.0,0.0,0.0,current_legal_observation,coverage_gap_constant
inventory.FERTILIZER.shed,logistics,8,0.0,7.0,0.18042127071823205,current_legal_observation,provisional_not_selected
inventory.FERTILIZER.carried,logistics,8,0.0,7.0,0.62603591160221,current_legal_observation,provisional_not_selected
inventory.FERTILIZER.immediate_sale_value,market_curves,316,0.0,549.0,0.18042127071823205,current_legal_observation,provisional_not_selected
inventory.WHEAT.seeds,logistics,3,0.0,2.0,0.42299723756906077,current_legal_observation,provisional_not_selected
inventory.CARROT.seeds,logistics,1,0.0,0.0,0.0,current_legal_observation,coverage_gap_constant
inventory.TOMATO.seeds,logistics,3,0.0,2.0,0.45269337016574585,current_legal_observation,provisional_not_selected
inventory.STRAWBERRY.seeds,logistics,3,0.0,2.0,0.4504488950276243,current_legal_observation,provisional_not_selected
inventory.MELON.seeds,logistics,1,0.0,0.0,0.0,current_legal_observation,coverage_gap_constant
inventory.GOOSE.unplaced,logistics,2,0.0,1.0,0.011049723756906077,current_legal_observation,provisional_not_selected
inventory.COW.unplaced,logistics,3,0.0,2.0,0.015193370165745856,current_legal_observation,provisional_not_selected
inventory.SHEEP.unplaced,logistics,2,0.0,1.0,0.010359116022099447,current_legal_observation,provisional_not_selected
own.cash,labor_land,3622,17.0,57542.0,1.0,current_legal_observation,provisional_not_selected
own.workers,labor_land,2,1.0,4.0,1.0,current_legal_observation,provisional_not_selected
own.empty_tiles,labor_land,18,5.0,25.0,1.0,current_legal_observation,provisional_not_selected
own.weed_tiles,labor_land,9,0.0,8.0,0.6332009668508287,current_legal_observation,provisional_not_selected
own.unlocked_tiles,labor_land,1,25.0,25.0,1.0,current_legal_observation,coverage_gap_constant
own.next_hire_cost,labor_land,2,1.0,3.0,1.0,current_legal_observation,provisional_not_selected
own.worker_turns_today,labor_land,7,8.0,80.0,1.0,current_legal_observation,provisional_not_selected
own.water_actions_due,labor_land,11,0.0,10.0,0.8594613259668509,current_legal_observation,provisional_not_selected
own.feed_actions_due,labor_land,7,0.0,6.0,0.6268991712707183,current_legal_observation,provisional_not_selected
own.shed_distance,labor_land,8,0.0,7.0,0.7862569060773481,current_legal_observation,provisional_not_selected
own.crop.WHEAT.count,crop_state,5,0.0,4.0,0.9602900552486188,current_legal_observation,provisional_not_selected
own.crop.WHEAT.mean_age,crop_state,24,0.0,4.0,0.9521754143646409,current_legal_observation,provisional_not_selected
own.crop.WHEAT.harvestable_units,crop_state,19,0.0,19.0,0.888639502762431,current_legal_observation,provisional_not_selected
own.crop.WHEAT.water_due,crop_state,5,0.0,4.0,0.7425759668508287,current_legal_observation,provisional_not_selected
own.crop.WHEAT.death_risk_today,crop_state,2,0.0,1.0,0.02848756906077348,current_legal_observation,provisional_not_selected
own.crop.WHEAT.bonus_water_opportunities,crop_state,5,0.0,4.0,0.6215469613259669,current_legal_observation,provisional_not_selected
own.crop.WHEAT.fertilized_count,crop_state,5,0.0,4.0,0.06284530386740332,current_legal_observation,provisional_not_selected
own.crop.CARROT.count,crop_state,1,0.0,0.0,0.0,current_legal_observation,coverage_gap_constant
own.crop.CARROT.mean_age,crop_state,1,0.0,0.0,0.0,current_legal_observation,coverage_gap_constant
own.crop.CARROT.harvestable_units,crop_state,1,0.0,0.0,0.0,current_legal_observation,coverage_gap_constant
own.crop.CARROT.water_due,crop_state,1,0.0,0.0,0.0,current_legal_observation,coverage_gap_constant
own.crop.CARROT.death_risk_today,crop_state,1,0.0,0.0,0.0,current_legal_observation,coverage_gap_constant
own.crop.CARROT.bonus_water_opportunities,crop_state,1,0.0,0.0,0.0,current_legal_observation,coverage_gap_constant
own.crop.CARROT.fertilized_count,crop_state,1,0.0,0.0,0.0,current_legal_observation,coverage_gap_constant
own.crop.TOMATO.count,crop_state,4,0.0,3.0,0.8838052486187845,current_legal_observation,provisional_not_selected
own.crop.TOMATO.mean_age,crop_state,45,0.0,12.0,0.8803522099447514,current_legal_observation,provisional_not_selected
own.crop.TOMATO.harvestable_units,crop_state,7,0.0,6.0,0.33373618784530384,current_legal_observation,provisional_not_selected
own.crop.TOMATO.water_due,crop_state,4,0.0,3.0,0.757078729281768,current_legal_observation,provisional_not_selected
own.crop.TOMATO.death_risk_today,crop_state,2,0.0,1.0,0.013639502762430939,current_legal_observation,provisional_not_selected
own.crop.TOMATO.bonus_water_opportunities,crop_state,1,0.0,0.0,0.0,current_legal_observation,coverage_gap_constant
own.crop.TOMATO.fertilized_count,crop_state,4,0.0,3.0,0.1054903314917127,current_legal_observation,provisional_not_selected
own.crop.STRAWBERRY.count,crop_state,4,0.0,3.0,0.955628453038674,current_legal_observation,provisional_not_selected
own.crop.STRAWBERRY.mean_age,crop_state,60,0.0,17.0,0.9492403314917127,current_legal_observation,provisional_not_selected
own.crop.STRAWBERRY.harvestable_units,crop_state,5,0.0,4.0,0.22669198895027623,current_legal_observation,provisional_not_selected
own.crop.STRAWBERRY.water_due,crop_state,4,0.0,3.0,0.7095994475138122,current_legal_observation,provisional_not_selected
own.crop.STRAWBERRY.death_risk_today,crop_state,2,0.0,1.0,0.0025897790055248618,current_legal_observation,provisional_not_selected
own.crop.STRAWBERRY.bonus_water_opportunities,crop_state,1,0.0,0.0,0.0,current_legal_observation,coverage_gap_constant
own.crop.STRAWBERRY.fertilized_count,crop_state,4,0.0,3.0,0.11930248618784531,current_legal_observation,provisional_not_selected
own.crop.MELON.count,crop_state,1,0.0,0.0,0.0,current_legal_observation,coverage_gap_constant
own.crop.MELON.mean_age,crop_state,1,0.0,0.0,0.0,current_legal_observation,coverage_gap_constant
own.crop.MELON.harvestable_units,crop_state,1,0.0,0.0,0.0,current_legal_observation,coverage_gap_constant
own.crop.MELON.water_due,crop_state,1,0.0,0.0,0.0,current_legal_observation,coverage_gap_constant
own.crop.MELON.death_risk_today,crop_state,1,0.0,0.0,0.0,current_legal_observation,coverage_gap_constant
own.crop.MELON.bonus_water_opportunities,crop_state,1,0.0,0.0,0.0,current_legal_observation,coverage_gap_constant
own.crop.MELON.fertilized_count,crop_state,1,0.0,0.0,0.0,current_legal_observation,coverage_gap_constant
own.animal.GOOSE.count,animal_state,3,0.0,2.0,0.994475138121547,current_legal_observation,provisional_not_selected
own.animal.GOOSE.yield_units,animal_state,6,0.0,8.0,0.3140538674033149,current_legal_observation,provisional_not_selected
own.animal.GOOSE.feed_due,animal_state,3,0.0,2.0,0.375517955801105,current_legal_observation,provisional_not_selected
own.animal.GOOSE.escape_risk_today,animal_state,3,0.0,2.0,0.007941988950276244,current_legal_observation,provisional_not_selected
own.animal.GOOSE.fertilizer_available,animal_state,3,0.0,2.0,0.6127417127071824,current_legal_observation,provisional_not_selected
own.animal.GOOSE.care_bonus_banked,animal_state,5,0.0,6.0,0.9350828729281768,current_legal_observation,provisional_not_selected
own.animal.COW.count,animal_state,3,0.0,2.0,0.988950276243094,current_legal_observation,provisional_not_selected
own.animal.COW.yield_units,animal_state,8,0.0,12.0,0.1388121546961326,current_legal_observation,provisional_not_selected
own.animal.COW.feed_due,animal_state,3,0.0,2.0,0.42921270718232046,current_legal_observation,provisional_not_selected
own.animal.COW.escape_risk_today,animal_state,3,0.0,2.0,0.052486187845303865,current_legal_observation,provisional_not_selected
own.animal.COW.fertilizer_available,animal_state,3,0.0,2.0,0.6866367403314917,current_legal_observation,provisional_not_selected
own.animal.COW.care_bonus_banked,animal_state,9,0.0,14.0,0.9226519337016574,current_legal_observation,provisional_not_selected
own.animal.SHEEP.count,animal_state,3,0.0,2.0,0.988950276243094,current_legal_observation,provisional_not_selected
own.animal.SHEEP.yield_units,animal_state,7,0.0,6.0,0.20217541436464087,current_legal_observation,provisional_not_selected
own.animal.SHEEP.feed_due,animal_state,3,0.0,2.0,0.5711325966850829,current_legal_observation,provisional_not_selected
own.animal.SHEEP.escape_risk_today,animal_state,3,0.0,2.0,0.06336325966850828,current_legal_observation,provisional_not_selected
own.animal.SHEEP.fertilizer_available,animal_state,3,0.0,2.0,0.6274171270718232,current_legal_observation,provisional_not_selected
own.animal.SHEEP.care_bonus_banked,animal_state,8,0.0,7.0,0.9112569060773481,current_legal_observation,provisional_not_selected
opponent.cash,labor_land,2274,14.0,47912.0,1.0,current_legal_observation,provisional_not_selected
opponent.workers,labor_land,4,1.0,4.0,1.0,current_legal_observation,provisional_not_selected
opponent.empty_tiles,labor_land,23,0.0,25.0,0.737396408839779,current_legal_observation,provisional_not_selected
opponent.weed_tiles,labor_land,9,0.0,8.0,0.3449585635359116,current_legal_observation,provisional_not_selected
opponent.unlocked_tiles,labor_land,1,25.0,25.0,1.0,current_legal_observation,coverage_gap_constant
opponent.next_hire_cost,labor_land,3,1.0,3.0,1.0,current_legal_observation,provisional_not_selected
opponent.worker_turns_today,labor_land,13,4.0,80.0,1.0,current_legal_observation,provisional_not_selected
opponent.water_actions_due,labor_land,26,0.0,25.0,0.8969267955801105,current_legal_observation,provisional_not_selected
opponent.feed_actions_due,labor_land,7,0.0,6.0,0.24119475138121546,current_legal_observation,provisional_not_selected
opponent.shed_distance,labor_land,9,0.0,8.0,0.8005870165745856,current_legal_observation,provisional_not_selected
opponent.crop.WHEAT.count,crop_state,21,0.0,20.0,0.5730317679558011,current_legal_observation,provisional_not_selected
opponent.crop.WHEAT.mean_age,crop_state,80,0.0,4.0,0.5650897790055248,current_legal_observation,provisional_not_selected
opponent.crop.WHEAT.harvestable_units,crop_state,53,0.0,57.0,0.5250345303867403,current_legal_observation,provisional_not_selected
opponent.crop.WHEAT.water_due,crop_state,21,0.0,20.0,0.45079419889502764,current_legal_observation,provisional_not_selected
opponent.crop.WHEAT.death_risk_today,crop_state,4,0.0,3.0,0.027451657458563535,current_legal_observation,provisional_not_selected
opponent.crop.WHEAT.bonus_water_opportunities,crop_state,21,0.0,20.0,0.3575621546961326,current_legal_observation,provisional_not_selected
opponent.crop.WHEAT.fertilized_count,crop_state,1,0.0,0.0,0.0,current_legal_observation,coverage_gap_constant
opponent.crop.CARROT.count,crop_state,21,0.0,20.0,0.07475828729281768,current_legal_observation,provisional_not_selected
opponent.crop.CARROT.mean_age,crop_state,132,0.0,3.0,0.0706146408839779,current_legal_observation,provisional_not_selected
opponent.crop.CARROT.harvestable_units,crop_state,36,0.0,40.0,0.05714779005524862,current_legal_observation,provisional_not_selected
opponent.crop.CARROT.water_due,crop_state,21,0.0,20.0,0.07095994475138122,current_legal_observation,provisional_not_selected
opponent.crop.CARROT.death_risk_today,crop_state,4,0.0,3.0,0.01631560773480663,current_legal_observation,provisional_not_selected
opponent.crop.CARROT.bonus_water_opportunities,crop_state,19,0.0,19.0,0.04204074585635359,current_legal_observation,provisional_not_selected
opponent.crop.CARROT.fertilized_count,crop_state,1,0.0,0.0,0.0,current_legal_observation,coverage_gap_constant
opponent.crop.TOMATO.count,crop_state,4,0.0,3.0,0.43249309392265195,current_legal_observation,provisional_not_selected
opponent.crop.TOMATO.mean_age,crop_state,32,0.0,12.0,0.42955801104972374,current_legal_observation,provisional_not_selected
opponent.crop.TOMATO.harvestable_units,crop_state,4,0.0,3.0,0.162292817679558,current_legal_observation,provisional_not_selected
opponent.crop.TOMATO.water_due,crop_state,4,0.0,3.0,0.35410911602209943,current_legal_observation,provisional_not_selected
opponent.crop.TOMATO.death_risk_today,crop_state,2,0.0,1.0,0.0050069060773480665,current_legal_observation,provisional_not_selected
opponent.crop.TOMATO.bonus_water_opportunities,crop_state,1,0.0,0.0,0.0,current_legal_observation,coverage_gap_constant
opponent.crop.TOMATO.fertilized_count,crop_state,1,0.0,0.0,0.0,current_legal_observation,coverage_gap_constant
opponent.crop.STRAWBERRY.count,crop_state,6,0.0,5.0,0.710635359116022,current_legal_observation,provisional_not_selected
opponent.crop.STRAWBERRY.mean_age,crop_state,97,0.0,17.0,0.705110497237569,current_legal_observation,provisional_not_selected
opponent.crop.STRAWBERRY.harvestable_units,crop_state,20,0.0,20.0,0.22159875690607736,current_legal_observation,provisional_not_selected
opponent.crop.STRAWBERRY.water_due,crop_state,6,0.0,5.0,0.589174723756906,current_legal_observation,provisional_not_selected
opponent.crop.STRAWBERRY.death_risk_today,crop_state,4,0.0,3.0,0.05274516574585635,current_legal_observation,provisional_not_selected
opponent.crop.STRAWBERRY.bonus_water_opportunities,crop_state,1,0.0,0.0,0.0,current_legal_observation,coverage_gap_constant
opponent.crop.STRAWBERRY.fertilized_count,crop_state,1,0.0,0.0,0.0,current_legal_observation,coverage_gap_constant
opponent.crop.MELON.count,crop_state,22,0.0,25.0,0.37396408839779005,current_legal_observation,provisional_not_selected
opponent.crop.MELON.mean_age,crop_state,42,0.0,10.0,0.36015193370165743,current_legal_observation,provisional_not_selected
opponent.crop.MELON.harvestable_units,crop_state,22,0.0,125.0,0.05991022099447514,current_legal_observation,provisional_not_selected
opponent.crop.MELON.water_due,crop_state,23,0.0,25.0,0.3510013812154696,current_legal_observation,provisional_not_selected
opponent.crop.MELON.death_risk_today,crop_state,6,0.0,8.0,0.03504834254143646,current_legal_observation,provisional_not_selected
opponent.crop.MELON.bonus_water_opportunities,crop_state,17,0.0,25.0,0.18577348066298344,current_legal_observation,provisional_not_selected
opponent.crop.MELON.fertilized_count,crop_state,1,0.0,0.0,0.0,current_legal_observation,coverage_gap_constant
opponent.animal.GOOSE.count,animal_state,3,0.0,2.0,0.4972375690607735,current_legal_observation,provisional_not_selected
opponent.animal.GOOSE.yield_units,animal_state,5,0.0,8.0,0.143646408839779,current_legal_observation,provisional_not_selected
opponent.animal.GOOSE.feed_due,animal_state,3,0.0,2.0,0.16574585635359115,current_legal_observation,provisional_not_selected
opponent.animal.GOOSE.escape_risk_today,animal_state,1,0.0,0.0,0.0,current_legal_observation,coverage_gap_constant
opponent.animal.GOOSE.fertilizer_available,animal_state,3,0.0,2.0,0.3138812154696133,current_legal_observation,provisional_not_selected
opponent.animal.GOOSE.care_bonus_banked,animal_state,5,0.0,6.0,0.47099447513812154,current_legal_observation,provisional_not_selected
opponent.animal.COW.count,animal_state,3,0.0,2.0,0.494475138121547,current_legal_observation,provisional_not_selected
opponent.animal.COW.yield_units,animal_state,5,0.0,12.0,0.0649171270718232,current_legal_observation,provisional_not_selected
opponent.animal.COW.feed_due,animal_state,3,0.0,2.0,0.16574585635359115,current_legal_observation,provisional_not_selected
opponent.animal.COW.escape_risk_today,animal_state,1,0.0,0.0,0.0,current_legal_observation,coverage_gap_constant
opponent.animal.COW.fertilizer_available,animal_state,3,0.0,2.0,0.35911602209944754,current_legal_observation,provisional_not_selected
opponent.animal.COW.care_bonus_banked,animal_state,10,0.0,14.0,0.48342541436464087,current_legal_observation,provisional_not_selected
opponent.animal.SHEEP.count,animal_state,3,0.0,2.0,0.494475138121547,current_legal_observation,provisional_not_selected
opponent.animal.SHEEP.yield_units,animal_state,3,0.0,6.0,0.10445441988950276,current_legal_observation,provisional_not_selected
opponent.animal.SHEEP.feed_due,animal_state,3,0.0,2.0,0.23566988950276244,current_legal_observation,provisional_not_selected
opponent.animal.SHEEP.escape_risk_today,animal_state,1,0.0,0.0,0.0,current_legal_observation,coverage_gap_constant
opponent.animal.SHEEP.fertilizer_available,animal_state,3,0.0,2.0,0.30334944751381215,current_legal_observation,provisional_not_selected
opponent.animal.SHEEP.care_bonus_banked,animal_state,8,0.0,7.0,0.48342541436464087,current_legal_observation,provisional_not_selected
storage.free_before_market,storage_interactions,41,55.0,100.0,1.0,current_legal_observation,provisional_not_selected
storage.free_after_sell_all,storage_interactions,2,99.0,100.0,1.0,current_legal_observation,provisional_not_selected
storage.night_overflow_if_pass,storage_interactions,1,0.0,0.0,0.0,current_legal_observation,coverage_gap_constant
storage.night_overflow_after_sell_all,storage_interactions,1,0.0,0.0,0.0,current_legal_observation,coverage_gap_constant
storage.ready_wave_overflow_after_sell_all,storage_interactions,1,0.0,0.0,0.0,current_legal_observation,coverage_gap_constant
storage.carried_plus_ready_units,storage_interactions,50,0.0,49.0,0.9791091160220995,current_legal_observation,provisional_not_selected
storage.ready_wave_units,storage_interactions,32,0.0,31.0,0.9074585635359116,current_legal_observation,provisional_not_selected
storage.nonsellable_capacity_lock,storage_interactions,2,0.0,1.0,0.009668508287292817,current_legal_observation,provisional_not_selected
storage.carry_fraction_of_capacity,storage_interactions,42,0.0,0.42,0.8230317679558011,current_legal_observation,provisional_not_selected
capital.receipt_wait_scenario_actions,cashflow,11,5.0,37.0,1.0,current_legal_observation,provisional_not_selected
capital.staffing_days_scenario,cashflow,2,1.0,2.0,1.0,current_legal_observation,provisional_not_selected
capital.daily_full_staff_cost,cashflow,1,4.0,4.0,1.0,current_legal_observation,coverage_gap_constant
capital.labor_reserve,cashflow,3,4.0,12.0,1.0,current_legal_observation,provisional_not_selected
capital.seed_spendable_cash,cashflow,3819,13.0,57538.0,1.0,current_legal_observation,provisional_not_selected
capital.cash_to_reserve_ratio,cashflow,3835,4.25,14385.5,1.0,current_legal_observation,provisional_not_selected
capital.reserve_shortfall,cashflow,1,0.0,0.0,0.0,current_legal_observation,coverage_gap_constant
delivery.unit0.active,delivery_feasibility,1,1.0,1.0,1.0,current_legal_observation,coverage_gap_constant
delivery.unit0.shed_distance,delivery_feasibility,8,0.0,7.0,0.7862569060773481,current_legal_observation,provisional_not_selected
delivery.unit0.carried_units,delivery_feasibility,18,0.0,17.0,0.7904005524861878,current_legal_observation,provisional_not_selected
delivery.unit0.conditional_sale_value,delivery_feasibility,1091,0.0,1704.0,0.7890193370165746,current_legal_observation,provisional_not_selected
delivery.unit0.dump_loss_before_market,delivery_feasibility,1,0.0,0.0,0.0,current_legal_observation,coverage_gap_constant
delivery.unit0.delivery_refresh_slack,delivery_feasibility,24,-4.0,23.0,0.9583908839779005,current_legal_observation,provisional_not_selected
delivery.unit0.delivery_terminal_slack,delivery_feasibility,429,-4.0,718.0,0.9951657458563536,current_legal_observation,provisional_not_selected
delivery.unit0.value_per_delivery_action,delivery_feasibility,1726,0.0,1379.0,0.7890193370165746,current_legal_observation,provisional_not_selected
delivery.unit1.active,delivery_feasibility,2,0.0,1.0,0.8342541436464088,current_legal_observation,provisional_not_selected
delivery.unit1.shed_distance,delivery_feasibility,8,0.0,7.0,0.7185773480662984,current_legal_observation,provisional_not_selected
delivery.unit1.carried_units,delivery_feasibility,19,0.0,18.0,0.7834944751381215,current_legal_observation,provisional_not_selected
delivery.unit1.conditional_sale_value,delivery_feasibility,1189,0.0,2326.0,0.7765883977900553,current_legal_observation,provisional_not_selected
delivery.unit1.dump_loss_before_market,delivery_feasibility,1,0.0,0.0,0.0,current_legal_observation,coverage_gap_constant
delivery.unit1.delivery_refresh_slack,delivery_feasibility,22,-4.0,19.0,0.793335635359116,current_legal_observation,provisional_not_selected
delivery.unit1.delivery_terminal_slack,delivery_feasibility,425,-5.0,714.0,0.831664364640884,current_legal_observation,provisional_not_selected
delivery.unit1.value_per_delivery_action,delivery_feasibility,1818,0.0,2092.0,0.7765883977900553,current_legal_observation,provisional_not_selected
delivery.unit2.active,delivery_feasibility,2,0.0,1.0,0.8342541436464088,current_legal_observation,provisional_not_selected
delivery.unit2.shed_distance,delivery_feasibility,7,0.0,6.0,0.6919889502762431,current_legal_observation,provisional_not_selected
delivery.unit2.carried_units,delivery_feasibility,19,0.0,19.0,0.7696823204419889,current_legal_observation,provisional_not_selected
delivery.unit2.conditional_sale_value,delivery_feasibility,716,0.0,2060.0,0.7655386740331491,current_legal_observation,provisional_not_selected
delivery.unit2.dump_loss_before_market,delivery_feasibility,1,0.0,0.0,0.0,current_legal_observation,coverage_gap_constant
delivery.unit2.delivery_refresh_slack,delivery_feasibility,22,-4.0,19.0,0.8012776243093923,current_legal_observation,provisional_not_selected
delivery.unit2.delivery_terminal_slack,delivery_feasibility,478,-5.0,714.0,0.8299378453038674,current_legal_observation,provisional_not_selected
delivery.unit2.value_per_delivery_action,delivery_feasibility,1224,0.0,1973.0,0.7655386740331491,current_legal_observation,provisional_not_selected
delivery.unit3.active,delivery_feasibility,2,0.0,1.0,0.8342541436464088,current_legal_observation,provisional_not_selected
delivery.unit3.shed_distance,delivery_feasibility,7,0.0,6.0,0.5385013812154696,current_legal_observation,provisional_not_selected
delivery.unit3.carried_units,delivery_feasibility,15,0.0,15.0,0.6253453038674033,current_legal_observation,provisional_not_selected
delivery.unit3.conditional_sale_value,delivery_feasibility,666,0.0,1977.0,0.62396408839779,current_legal_observation,provisional_not_selected
delivery.unit3.dump_loss_before_market,delivery_feasibility,1,0.0,0.0,0.0,current_legal_observation,coverage_gap_constant
delivery.unit3.delivery_refresh_slack,delivery_feasibility,21,-4.0,19.0,0.7969613259668509,current_legal_observation,provisional_not_selected
delivery.unit3.delivery_terminal_slack,delivery_feasibility,449,-5.0,714.0,0.8314917127071824,current_legal_observation,provisional_not_selected
delivery.unit3.value_per_delivery_action,delivery_feasibility,1095,0.0,1320.0,0.62396408839779,current_legal_observation,provisional_not_selected
own.timing.WHEAT.capped_ready_tiles,crop_resource_timing,2,0.0,1.0,0.0006906077348066298,current_legal_observation,provisional_not_selected
own.timing.WHEAT.avoidable_wait_unit_days,crop_resource_timing,1,0.0,0.0,0.0,current_legal_observation,coverage_gap_constant
own.timing.WHEAT.water_now_increment_units,crop_resource_timing,9,0.0,8.0,0.6215469613259669,current_legal_observation,provisional_not_selected
own.timing.WHEAT.refresh_yield_saved_by_water,crop_resource_timing,9,0.0,8.0,0.6448549723756906,current_legal_observation,provisional_not_selected
own.timing.WHEAT.refresh_increment_from_fertilizer_given_water,crop_resource_timing,5,0.0,4.0,0.5954765193370166,current_legal_observation,provisional_not_selected
own.timing.WHEAT.next_refresh_production_events,crop_resource_timing,1,0.0,0.0,0.0,current_legal_observation,coverage_gap_constant
own.timing.WHEAT.ready_units_with_active_delivery_route,crop_resource_timing,19,0.0,19.0,0.7482734806629834,current_legal_observation,provisional_not_selected
own.timing.WHEAT.ready_units_without_terminal_route,crop_resource_timing,6,0.0,7.0,0.0013812154696132596,current_legal_observation,provisional_not_selected
own.timing.WHEAT.water_death_tasks_unreachable_today,crop_resource_timing,1,0.0,0.0,0.0,current_legal_observation,coverage_gap_constant
own.timing.WHEAT.decay_within_two_actions,crop_resource_timing,2,0.0,1.0,0.0003453038674033149,current_legal_observation,provisional_not_selected
own.timing.WHEAT.present,crop_resource_timing,2,0.0,1.0,0.9602900552486188,current_legal_observation,provisional_not_selected
own.timing.WHEAT.first_maturity_actions,crop_resource_timing,10,0.0,719.0,0.11136049723756906,current_legal_observation,provisional_not_selected
own.timing.WHEAT.known_decay_present,crop_resource_timing,2,0.0,1.0,0.9602900552486188,current_legal_observation,provisional_not_selected
own.timing.WHEAT.first_decay_actions,crop_resource_timing,29,2.0,719.0,1.0,current_legal_observation,provisional_not_selected
own.timing.WHEAT.mean_worker_distance,crop_resource_timing,19,0.0,4.0,0.9414709944751382,current_legal_observation,provisional_not_selected
own.timing.CARROT.capped_ready_tiles,crop_resource_timing,1,0.0,0.0,0.0,current_legal_observation,coverage_gap_constant
own.timing.CARROT.avoidable_wait_unit_days,crop_resource_timing,1,0.0,0.0,0.0,current_legal_observation,coverage_gap_constant
own.timing.CARROT.water_now_increment_units,crop_resource_timing,1,0.0,0.0,0.0,current_legal_observation,coverage_gap_constant
own.timing.CARROT.refresh_yield_saved_by_water,crop_resource_timing,1,0.0,0.0,0.0,current_legal_observation,coverage_gap_constant
own.timing.CARROT.refresh_increment_from_fertilizer_given_water,crop_resource_timing,1,0.0,0.0,0.0,current_legal_observation,coverage_gap_constant
own.timing.CARROT.next_refresh_production_events,crop_resource_timing,1,0.0,0.0,0.0,current_legal_observation,coverage_gap_constant
own.timing.CARROT.ready_units_with_active_delivery_route,crop_resource_timing,1,0.0,0.0,0.0,current_legal_observation,coverage_gap_constant
own.timing.CARROT.ready_units_without_terminal_route,crop_resource_timing,1,0.0,0.0,0.0,current_legal_observation,coverage_gap_constant
own.timing.CARROT.water_death_tasks_unreachable_today,crop_resource_timing,1,0.0,0.0,0.0,current_legal_observation,coverage_gap_constant
own.timing.CARROT.decay_within_two_actions,crop_resource_timing,1,0.0,0.0,0.0,current_legal_observation,coverage_gap_constant
own.timing.CARROT.present,crop_resource_timing,1,0.0,0.0,0.0,current_legal_observation,coverage_gap_constant
own.timing.CARROT.first_maturity_actions,crop_resource_timing,1,719.0,719.0,1.0,current_legal_observation,coverage_gap_constant
own.timing.CARROT.known_decay_present,crop_resource_timing,1,0.0,0.0,0.0,current_legal_observation,coverage_gap_constant
own.timing.CARROT.first_decay_actions,crop_resource_timing,1,719.0,719.0,1.0,current_legal_observation,coverage_gap_constant
own.timing.CARROT.mean_worker_distance,crop_resource_timing,1,0.0,0.0,0.0,current_legal_observation,coverage_gap_constant
own.timing.TOMATO.capped_ready_tiles,crop_resource_timing,1,0.0,0.0,0.0,current_legal_observation,coverage_gap_constant
own.timing.TOMATO.avoidable_wait_unit_days,crop_resource_timing,1,0.0,0.0,0.0,current_legal_observation,coverage_gap_constant
own.timing.TOMATO.water_now_increment_units,crop_resource_timing,1,0.0,0.0,0.0,current_legal_observation,coverage_gap_constant
own.timing.TOMATO.refresh_yield_saved_by_water,crop_resource_timing,6,0.0,5.0,0.08270027624309392,current_legal_observation,provisional_not_selected
own.timing.TOMATO.refresh_increment_from_fertilizer_given_water,crop_resource_timing,4,0.0,3.0,0.33459944751381215,current_legal_observation,provisional_not_selected
own.timing.TOMATO.next_refresh_production_events,crop_resource_timing,4,0.0,3.0,0.41004834254143646,current_legal_observation,provisional_not_selected
own.timing.TOMATO.ready_units_with_active_delivery_route,crop_resource_timing,7,0.0,6.0,0.30127762430939226,current_legal_observation,provisional_not_selected
own.timing.TOMATO.ready_units_without_terminal_route,crop_resource_timing,3,0.0,2.0,0.007078729281767956,current_legal_observation,provisional_not_selected
own.timing.TOMATO.water_death_tasks_unreachable_today,crop_resource_timing,1,0.0,0.0,0.0,current_legal_observation,coverage_gap_constant
own.timing.TOMATO.decay_within_two_actions,crop_resource_timing,4,0.0,3.0,0.0231353591160221,current_legal_observation,provisional_not_selected
own.timing.TOMATO.present,crop_resource_timing,2,0.0,1.0,0.8838052486187845,current_legal_observation,provisional_not_selected
own.timing.TOMATO.first_maturity_actions,crop_resource_timing,46,0.0,719.0,0.5908149171270718,current_legal_observation,provisional_not_selected
own.timing.TOMATO.known_decay_present,crop_resource_timing,2,0.0,1.0,0.15331491712707182,current_legal_observation,provisional_not_selected
own.timing.TOMATO.first_decay_actions,crop_resource_timing,9,0.0,719.0,0.9773825966850829,current_legal_observation,provisional_not_selected
own.timing.TOMATO.mean_worker_distance,crop_resource_timing,21,0.0,6.0,0.8577348066298343,current_legal_observation,provisional_not_selected
own.timing.STRAWBERRY.capped_ready_tiles,crop_resource_timing,1,0.0,0.0,0.0,current_legal_observation,coverage_gap_constant
own.timing.STRAWBERRY.avoidable_wait_unit_days,crop_resource_timing,1,0.0,0.0,0.0,current_legal_observation,coverage_gap_constant
own.timing.STRAWBERRY.water_now_increment_units,crop_resource_timing,1,0.0,0.0,0.0,current_legal_observation,coverage_gap_constant
own.timing.STRAWBERRY.refresh_yield_saved_by_water,crop_resource_timing,3,0.0,2.0,0.06232734806629834,current_legal_observation,provisional_not_selected
own.timing.STRAWBERRY.refresh_increment_from_fertilizer_given_water,crop_resource_timing,3,0.0,2.0,0.2779696132596685,current_legal_observation,provisional_not_selected
own.timing.STRAWBERRY.next_refresh_production_events,crop_resource_timing,3,0.0,2.0,0.36187845303867405,current_legal_observation,provisional_not_selected
own.timing.STRAWBERRY.ready_units_with_active_delivery_route,crop_resource_timing,5,0.0,4.0,0.22133977900552487,current_legal_observation,provisional_not_selected
own.timing.STRAWBERRY.ready_units_without_terminal_route,crop_resource_timing,3,0.0,2.0,0.0055248618784530384,current_legal_observation,provisional_not_selected
own.timing.STRAWBERRY.water_death_tasks_unreachable_today,crop_resource_timing,1,0.0,0.0,0.0,current_legal_observation,coverage_gap_constant
own.timing.STRAWBERRY.decay_within_two_actions,crop_resource_timing,3,0.0,2.0,0.011049723756906077,current_legal_observation,provisional_not_selected
own.timing.STRAWBERRY.present,crop_resource_timing,2,0.0,1.0,0.955628453038674,current_legal_observation,provisional_not_selected
own.timing.STRAWBERRY.first_maturity_actions,crop_resource_timing,58,0.0,719.0,0.6338052486187845,current_legal_observation,provisional_not_selected
own.timing.STRAWBERRY.known_decay_present,crop_resource_timing,2,0.0,1.0,0.0718232044198895,current_legal_observation,provisional_not_selected
own.timing.STRAWBERRY.first_decay_actions,crop_resource_timing,8,0.0,719.0,0.988950276243094,current_legal_observation,provisional_not_selected
own.timing.STRAWBERRY.mean_worker_distance,crop_resource_timing,16,0.0,4.0,0.9164364640883977,current_legal_observation,provisional_not_selected
own.timing.MELON.capped_ready_tiles,crop_resource_timing,1,0.0,0.0,0.0,current_legal_observation,coverage_gap_constant
own.timing.MELON.avoidable_wait_unit_days,crop_resource_timing,1,0.0,0.0,0.0,current_legal_observation,coverage_gap_constant
own.timing.MELON.water_now_increment_units,crop_resource_timing,1,0.0,0.0,0.0,current_legal_observation,coverage_gap_constant
own.timing.MELON.refresh_yield_saved_by_water,crop_resource_timing,1,0.0,0.0,0.0,current_legal_observation,coverage_gap_constant
own.timing.MELON.refresh_increment_from_fertilizer_given_water,crop_resource_timing,1,0.0,0.0,0.0,current_legal_observation,coverage_gap_constant
own.timing.MELON.next_refresh_production_events,crop_resource_timing,1,0.0,0.0,0.0,current_legal_observation,coverage_gap_constant
own.timing.MELON.ready_units_with_active_delivery_route,crop_resource_timing,1,0.0,0.0,0.0,current_legal_observation,coverage_gap_constant
own.timing.MELON.ready_units_without_terminal_route,crop_resource_timing,1,0.0,0.0,0.0,current_legal_observation,coverage_gap_constant
own.timing.MELON.water_death_tasks_unreachable_today,crop_resource_timing,1,0.0,0.0,0.0,current_legal_observation,coverage_gap_constant
own.timing.MELON.decay_within_two_actions,crop_resource_timing,1,0.0,0.0,0.0,current_legal_observation,coverage_gap_constant
own.timing.MELON.present,crop_resource_timing,1,0.0,0.0,0.0,current_legal_observation,coverage_gap_constant
own.timing.MELON.first_maturity_actions,crop_resource_timing,1,719.0,719.0,1.0,current_legal_observation,coverage_gap_constant
own.timing.MELON.known_decay_present,crop_resource_timing,1,0.0,0.0,0.0,current_legal_observation,coverage_gap_constant
own.timing.MELON.first_decay_actions,crop_resource_timing,1,719.0,719.0,1.0,current_legal_observation,coverage_gap_constant
own.timing.MELON.mean_worker_distance,crop_resource_timing,1,0.0,0.0,0.0,current_legal_observation,coverage_gap_constant
own.husbandry.GOOSE.escape_prevented_by_feed,animal_feed_care_interactions,3,0.0,2.0,0.007941988950276244,current_legal_observation,provisional_not_selected
own.husbandry.GOOSE.refresh_units_saved_by_feed,animal_feed_care_interactions,6,0.0,6.0,0.2941988950276243,current_legal_observation,provisional_not_selected
own.husbandry.GOOSE.care_bank_marginal,animal_feed_care_interactions,3,0.0,2.0,0.6831837016574586,current_legal_observation,provisional_not_selected
own.husbandry.GOOSE.next_production_events,animal_feed_care_interactions,2,0.0,2.0,0.9005524861878453,current_legal_observation,provisional_not_selected
own.husbandry.GOOSE.cap_headroom,animal_feed_care_interactions,6,0.0,8.0,0.9903314917127072,current_legal_observation,provisional_not_selected
own.husbandry.GOOSE.banked_bonus_at_risk_if_unfed,animal_feed_care_interactions,5,0.0,6.0,0.30196823204419887,current_legal_observation,provisional_not_selected
own.husbandry.GOOSE.next_fed_production_saturation,animal_feed_care_interactions,3,0.0,4.0,0.008287292817679558,current_legal_observation,provisional_not_selected
own.husbandry.COW.escape_prevented_by_feed,animal_feed_care_interactions,3,0.0,2.0,0.052486187845303865,current_legal_observation,provisional_not_selected
own.husbandry.COW.refresh_units_saved_by_feed,animal_feed_care_interactions,8,0.0,10.0,0.13535911602209943,current_legal_observation,provisional_not_selected
own.husbandry.COW.care_bank_marginal,animal_feed_care_interactions,3,0.0,2.0,0.710635359116022,current_legal_observation,provisional_not_selected
own.husbandry.COW.next_production_events,animal_feed_care_interactions,2,0.0,2.0,0.40331491712707185,current_legal_observation,provisional_not_selected
own.husbandry.COW.cap_headroom,animal_feed_care_interactions,8,0.0,12.0,0.9806629834254144,current_legal_observation,provisional_not_selected
own.husbandry.COW.banked_bonus_at_risk_if_unfed,animal_feed_care_interactions,10,0.0,14.0,0.1298342541436464,current_legal_observation,provisional_not_selected
own.husbandry.COW.next_fed_production_saturation,animal_feed_care_interactions,2,0.0,4.0,0.008287292817679558,current_legal_observation,provisional_not_selected
own.husbandry.SHEEP.escape_prevented_by_feed,animal_feed_care_interactions,3,0.0,2.0,0.06336325966850828,current_legal_observation,provisional_not_selected
own.husbandry.SHEEP.refresh_units_saved_by_feed,animal_feed_care_interactions,6,0.0,5.0,0.1895718232044199,current_legal_observation,provisional_not_selected
own.husbandry.SHEEP.care_bank_marginal,animal_feed_care_interactions,3,0.0,2.0,0.7335980662983426,current_legal_observation,provisional_not_selected
own.husbandry.SHEEP.next_production_events,animal_feed_care_interactions,2,0.0,1.0,0.5441988950276243,current_legal_observation,provisional_not_selected
own.husbandry.SHEEP.cap_headroom,animal_feed_care_interactions,8,0.0,12.0,0.988950276243094,current_legal_observation,provisional_not_selected
own.husbandry.SHEEP.banked_bonus_at_risk_if_unfed,animal_feed_care_interactions,6,0.0,5.0,0.18594613259668508,current_legal_observation,provisional_not_selected
own.husbandry.SHEEP.next_fed_production_saturation,animal_feed_care_interactions,1,0.0,0.0,0.0,current_legal_observation,coverage_gap_constant
opponent.timing.WHEAT.capped_ready_tiles,crop_resource_timing,1,0.0,0.0,0.0,current_legal_observation,coverage_gap_constant
opponent.timing.WHEAT.avoidable_wait_unit_days,crop_resource_timing,1,0.0,0.0,0.0,current_legal_observation,coverage_gap_constant
opponent.timing.WHEAT.water_now_increment_units,crop_resource_timing,21,0.0,20.0,0.3575621546961326,current_legal_observation,provisional_not_selected
opponent.timing.WHEAT.refresh_yield_saved_by_water,crop_resource_timing,22,0.0,22.0,0.3798342541436464,current_legal_observation,provisional_not_selected
opponent.timing.WHEAT.refresh_increment_from_fertilizer_given_water,crop_resource_timing,21,0.0,20.0,0.3575621546961326,current_legal_observation,provisional_not_selected
opponent.timing.WHEAT.next_refresh_production_events,crop_resource_timing,1,0.0,0.0,0.0,current_legal_observation,coverage_gap_constant
opponent.timing.WHEAT.ready_units_with_active_delivery_route,crop_resource_timing,51,0.0,57.0,0.4399171270718232,current_legal_observation,provisional_not_selected
opponent.timing.WHEAT.ready_units_without_terminal_route,crop_resource_timing,11,0.0,14.0,0.006215469613259668,current_legal_observation,provisional_not_selected
opponent.timing.WHEAT.water_death_tasks_unreachable_today,crop_resource_timing,1,0.0,0.0,0.0,current_legal_observation,coverage_gap_constant
opponent.timing.WHEAT.decay_within_two_actions,crop_resource_timing,5,0.0,4.0,0.0027624309392265192,current_legal_observation,provisional_not_selected
opponent.timing.WHEAT.present,crop_resource_timing,2,0.0,1.0,0.5730317679558011,current_legal_observation,provisional_not_selected
opponent.timing.WHEAT.first_maturity_actions,crop_resource_timing,11,0.0,719.0,0.4749654696132597,current_legal_observation,provisional_not_selected
opponent.timing.WHEAT.known_decay_present,crop_resource_timing,2,0.0,1.0,0.5730317679558011,current_legal_observation,provisional_not_selected
opponent.timing.WHEAT.first_decay_actions,crop_resource_timing,30,0.0,719.0,0.9979281767955801,current_legal_observation,provisional_not_selected
opponent.timing.WHEAT.mean_worker_distance,crop_resource_timing,130,0.0,5.75,0.5650897790055248,current_legal_observation,provisional_not_selected
opponent.timing.CARROT.capped_ready_tiles,crop_resource_timing,1,0.0,0.0,0.0,current_legal_observation,coverage_gap_constant
opponent.timing.CARROT.avoidable_wait_unit_days,crop_resource_timing,1,0.0,0.0,0.0,current_legal_observation,coverage_gap_constant
opponent.timing.CARROT.water_now_increment_units,crop_resource_timing,19,0.0,19.0,0.04204074585635359,current_legal_observation,provisional_not_selected
opponent.timing.CARROT.refresh_yield_saved_by_water,crop_resource_timing,19,0.0,19.0,0.05404005524861878,current_legal_observation,provisional_not_selected
opponent.timing.CARROT.refresh_increment_from_fertilizer_given_water,crop_resource_timing,19,0.0,19.0,0.04204074585635359,current_legal_observation,provisional_not_selected
opponent.timing.CARROT.next_refresh_production_events,crop_resource_timing,1,0.0,0.0,0.0,current_legal_observation,coverage_gap_constant
opponent.timing.CARROT.ready_units_with_active_delivery_route,crop_resource_timing,36,0.0,40.0,0.0456664364640884,current_legal_observation,provisional_not_selected
opponent.timing.CARROT.ready_units_without_terminal_route,crop_resource_timing,15,0.0,14.0,0.008373618784530386,current_legal_observation,provisional_not_selected
opponent.timing.CARROT.water_death_tasks_unreachable_today,crop_resource_timing,1,0.0,0.0,0.0,current_legal_observation,coverage_gap_constant
opponent.timing.CARROT.decay_within_two_actions,crop_resource_timing,5,0.0,4.0,0.0024171270718232043,current_legal_observation,provisional_not_selected
opponent.timing.CARROT.present,crop_resource_timing,2,0.0,1.0,0.07475828729281768,current_legal_observation,provisional_not_selected
opponent.timing.CARROT.first_maturity_actions,crop_resource_timing,11,0.0,719.0,0.9428522099447514,current_legal_observation,provisional_not_selected
opponent.timing.CARROT.known_decay_present,crop_resource_timing,2,0.0,1.0,0.07475828729281768,current_legal_observation,provisional_not_selected
opponent.timing.CARROT.first_decay_actions,crop_resource_timing,25,0.0,719.0,0.99896408839779,current_legal_observation,provisional_not_selected
opponent.timing.CARROT.mean_worker_distance,crop_resource_timing,192,0.0,8.0,0.0730317679558011,current_legal_observation,provisional_not_selected
opponent.timing.TOMATO.capped_ready_tiles,crop_resource_timing,1,0.0,0.0,0.0,current_legal_observation,coverage_gap_constant
opponent.timing.TOMATO.avoidable_wait_unit_days,crop_resource_timing,1,0.0,0.0,0.0,current_legal_observation,coverage_gap_constant
opponent.timing.TOMATO.water_now_increment_units,crop_resource_timing,1,0.0,0.0,0.0,current_legal_observation,coverage_gap_constant
opponent.timing.TOMATO.refresh_yield_saved_by_water,crop_resource_timing,1,0.0,0.0,0.0,current_legal_observation,coverage_gap_constant
opponent.timing.TOMATO.refresh_increment_from_fertilizer_given_water,crop_resource_timing,4,0.0,3.0,0.19924033149171272,current_legal_observation,provisional_not_selected
opponent.timing.TOMATO.next_refresh_production_events,crop_resource_timing,4,0.0,3.0,0.19924033149171272,current_legal_observation,provisional_not_selected
opponent.timing.TOMATO.ready_units_with_active_delivery_route,crop_resource_timing,4,0.0,3.0,0.15037983425414364,current_legal_observation,provisional_not_selected
opponent.timing.TOMATO.ready_units_without_terminal_route,crop_resource_timing,2,0.0,1.0,0.001553867403314917,current_legal_observation,provisional_not_selected
opponent.timing.TOMATO.water_death_tasks_unreachable_today,crop_resource_timing,1,0.0,0.0,0.0,current_legal_observation,coverage_gap_constant
opponent.timing.TOMATO.decay_within_two_actions,crop_resource_timing,3,0.0,2.0,0.013294198895027625,current_legal_observation,provisional_not_selected
opponent.timing.TOMATO.present,crop_resource_timing,2,0.0,1.0,0.43249309392265195,current_legal_observation,provisional_not_selected
opponent.timing.TOMATO.first_maturity_actions,crop_resource_timing,46,0.0,719.0,0.7976519337016574,current_legal_observation,provisional_not_selected
opponent.timing.TOMATO.known_decay_present,crop_resource_timing,2,0.0,1.0,0.08753453038674033,current_legal_observation,provisional_not_selected
opponent.timing.TOMATO.first_decay_actions,crop_resource_timing,9,0.0,719.0,0.986878453038674,current_legal_observation,provisional_not_selected
opponent.timing.TOMATO.mean_worker_distance,crop_resource_timing,19,0.0,5.0,0.4143646408839779,current_legal_observation,provisional_not_selected
opponent.timing.STRAWBERRY.capped_ready_tiles,crop_resource_timing,1,0.0,0.0,0.0,current_legal_observation,coverage_gap_constant
opponent.timing.STRAWBERRY.avoidable_wait_unit_days,crop_resource_timing,1,0.0,0.0,0.0,current_legal_observation,coverage_gap_constant
opponent.timing.STRAWBERRY.water_now_increment_units,crop_resource_timing,1,0.0,0.0,0.0,current_legal_observation,coverage_gap_constant
opponent.timing.STRAWBERRY.refresh_yield_saved_by_water,crop_resource_timing,8,0.0,9.0,0.022703729281767955,current_legal_observation,provisional_not_selected
opponent.timing.STRAWBERRY.refresh_increment_from_fertilizer_given_water,crop_resource_timing,6,0.0,5.0,0.2463743093922652,current_legal_observation,provisional_not_selected
opponent.timing.STRAWBERRY.next_refresh_production_events,crop_resource_timing,6,0.0,5.0,0.27330801104972374,current_legal_observation,provisional_not_selected
opponent.timing.STRAWBERRY.ready_units_with_active_delivery_route,crop_resource_timing,20,0.0,20.0,0.20226174033149172,current_legal_observation,provisional_not_selected
opponent.timing.STRAWBERRY.ready_units_without_terminal_route,crop_resource_timing,4,0.0,8.0,0.006733425414364641,current_legal_observation,provisional_not_selected
opponent.timing.STRAWBERRY.water_death_tasks_unreachable_today,crop_resource_timing,1,0.0,0.0,0.0,current_legal_observation,coverage_gap_constant
opponent.timing.STRAWBERRY.decay_within_two_actions,crop_resource_timing,6,0.0,5.0,0.010013812154696133,current_legal_observation,provisional_not_selected
opponent.timing.STRAWBERRY.present,crop_resource_timing,2,0.0,1.0,0.710635359116022,current_legal_observation,provisional_not_selected
opponent.timing.STRAWBERRY.first_maturity_actions,crop_resource_timing,60,0.0,719.0,0.7044198895027625,current_legal_observation,provisional_not_selected
opponent.timing.STRAWBERRY.known_decay_present,crop_resource_timing,2,0.0,1.0,0.06560773480662983,current_legal_observation,provisional_not_selected
opponent.timing.STRAWBERRY.first_decay_actions,crop_resource_timing,9,0.0,719.0,0.9917127071823204,current_legal_observation,provisional_not_selected
opponent.timing.STRAWBERRY.mean_worker_distance,crop_resource_timing,46,0.0,6.5,0.6931111878453039,current_legal_observation,provisional_not_selected
opponent.timing.MELON.capped_ready_tiles,crop_resource_timing,4,0.0,3.0,0.03314917127071823,current_legal_observation,provisional_not_selected
opponent.timing.MELON.avoidable_wait_unit_days,crop_resource_timing,4,0.0,24.0,0.03314917127071823,current_legal_observation,provisional_not_selected
opponent.timing.MELON.water_now_increment_units,crop_resource_timing,17,0.0,25.0,0.18577348066298344,current_legal_observation,provisional_not_selected
opponent.timing.MELON.refresh_yield_saved_by_water,crop_resource_timing,21,0.0,48.0,0.20148480662983426,current_legal_observation,provisional_not_selected
opponent.timing.MELON.refresh_increment_from_fertilizer_given_water,crop_resource_timing,12,0.0,25.0,0.14520027624309392,current_legal_observation,provisional_not_selected
opponent.timing.MELON.next_refresh_production_events,crop_resource_timing,1,0.0,0.0,0.0,current_legal_observation,coverage_gap_constant
opponent.timing.MELON.ready_units_with_active_delivery_route,crop_resource_timing,19,0.0,125.0,0.05145027624309392,current_legal_observation,provisional_not_selected
opponent.timing.MELON.ready_units_without_terminal_route,crop_resource_timing,1,0.0,0.0,0.0,current_legal_observation,coverage_gap_constant
opponent.timing.MELON.water_death_tasks_unreachable_today,crop_resource_timing,1,0.0,0.0,0.0,current_legal_observation,coverage_gap_constant
opponent.timing.MELON.decay_within_two_actions,crop_resource_timing,1,0.0,0.0,0.0,current_legal_observation,coverage_gap_constant
opponent.timing.MELON.present,crop_resource_timing,2,0.0,1.0,0.37396408839779005,current_legal_observation,provisional_not_selected
opponent.timing.MELON.first_maturity_actions,crop_resource_timing,61,0.0,719.0,0.9400897790055248,current_legal_observation,provisional_not_selected
opponent.timing.MELON.known_decay_present,crop_resource_timing,2,0.0,1.0,0.37396408839779005,current_legal_observation,provisional_not_selected
opponent.timing.MELON.first_decay_actions,crop_resource_timing,72,28.0,719.0,1.0,current_legal_observation,provisional_not_selected
opponent.timing.MELON.mean_worker_distance,crop_resource_timing,71,0.0,5.5,0.36671270718232046,current_legal_observation,provisional_not_selected
opponent.husbandry.GOOSE.escape_prevented_by_feed,animal_feed_care_interactions,1,0.0,0.0,0.0,current_legal_observation,coverage_gap_constant
opponent.husbandry.GOOSE.refresh_units_saved_by_feed,animal_feed_care_interactions,5,0.0,6.0,0.13950276243093923,current_legal_observation,provisional_not_selected
opponent.husbandry.GOOSE.care_bank_marginal,animal_feed_care_interactions,3,0.0,2.0,0.3867403314917127,current_legal_observation,provisional_not_selected
opponent.husbandry.GOOSE.next_production_events,animal_feed_care_interactions,2,0.0,2.0,0.45027624309392267,current_legal_observation,provisional_not_selected
opponent.husbandry.GOOSE.cap_headroom,animal_feed_care_interactions,5,0.0,8.0,0.494475138121547,current_legal_observation,provisional_not_selected
opponent.husbandry.GOOSE.banked_bonus_at_risk_if_unfed,animal_feed_care_interactions,5,0.0,6.0,0.14502762430939226,current_legal_observation,provisional_not_selected
opponent.husbandry.GOOSE.next_fed_production_saturation,animal_feed_care_interactions,3,0.0,4.0,0.0055248618784530384,current_legal_observation,provisional_not_selected
opponent.husbandry.COW.escape_prevented_by_feed,animal_feed_care_interactions,1,0.0,0.0,0.0,current_legal_observation,coverage_gap_constant
opponent.husbandry.COW.refresh_units_saved_by_feed,animal_feed_care_interactions,7,0.0,10.0,0.0718232044198895,current_legal_observation,provisional_not_selected
opponent.husbandry.COW.care_bank_marginal,animal_feed_care_interactions,3,0.0,2.0,0.3926104972375691,current_legal_observation,provisional_not_selected
opponent.husbandry.COW.next_production_events,animal_feed_care_interactions,2,0.0,2.0,0.20165745856353592,current_legal_observation,provisional_not_selected
opponent.husbandry.COW.cap_headroom,animal_feed_care_interactions,5,0.0,12.0,0.4889502762430939,current_legal_observation,provisional_not_selected
opponent.husbandry.COW.banked_bonus_at_risk_if_unfed,animal_feed_care_interactions,7,0.0,14.0,0.0718232044198895,current_legal_observation,provisional_not_selected
opponent.husbandry.COW.next_fed_production_saturation,animal_feed_care_interactions,2,0.0,4.0,0.016574585635359115,current_legal_observation,provisional_not_selected
opponent.husbandry.SHEEP.escape_prevented_by_feed,animal_feed_care_interactions,1,0.0,0.0,0.0,current_legal_observation,coverage_gap_constant
opponent.husbandry.SHEEP.refresh_units_saved_by_feed,animal_feed_care_interactions,3,0.0,5.0,0.10928867403314917,current_legal_observation,provisional_not_selected
opponent.husbandry.SHEEP.care_bank_marginal,animal_feed_care_interactions,3,0.0,2.0,0.3839779005524862,current_legal_observation,provisional_not_selected
opponent.husbandry.SHEEP.next_production_events,animal_feed_care_interactions,2,0.0,1.0,0.26795580110497236,current_legal_observation,provisional_not_selected
opponent.husbandry.SHEEP.cap_headroom,animal_feed_care_interactions,4,0.0,12.0,0.494475138121547,current_legal_observation,provisional_not_selected
opponent.husbandry.SHEEP.banked_bonus_at_risk_if_unfed,animal_feed_care_interactions,3,0.0,5.0,0.10928867403314917,current_legal_observation,provisional_not_selected
opponent.husbandry.SHEEP.next_fed_production_saturation,animal_feed_care_interactions,1,0.0,0.0,0.0,current_legal_observation,coverage_gap_constant
pressure.WHEAT.own_held_and_ready_wave,market_supply_demand_interactions,30,0.0,31.0,0.9925759668508287,current_legal_observation,provisional_not_selected
pressure.WHEAT.opponent_visible_ready_units,market_supply_demand_interactions,53,0.0,57.0,0.5250345303867403,current_legal_observation,provisional_not_selected
pressure.WHEAT.wave_conditional_revenue,market_supply_demand_interactions,760,0.0,1581.0,0.9925759668508287,current_legal_observation,provisional_not_selected
pressure.WHEAT.wave_average_price,market_supply_demand_interactions,1667,0.0,55.0,0.9925759668508287,current_legal_observation,provisional_not_selected
pressure.WHEAT.wave_price_impact_cost,market_supply_demand_interactions,31,0.0,38.0,0.648135359116022,current_legal_observation,provisional_not_selected
pressure.WHEAT.known_demand_next_day,market_supply_demand_interactions,28,0.0,43.0,0.994475138121547,current_legal_observation,provisional_not_selected
pressure.WHEAT.demand_only_next_day_price_change,market_supply_demand_interactions,2,0.0,1.0,0.5125172651933702,current_legal_observation,provisional_not_selected
pressure.WHEAT.wave_minus_known_day_demand,market_supply_demand_interactions,51,-28.0,22.0,0.9581319060773481,current_legal_observation,provisional_not_selected
pressure.WHEAT.visible_rival_supply_stress_price,market_supply_demand_interactions,30,25.0,55.0,1.0,current_legal_observation,provisional_not_selected
pressure.WHEAT.wave_revenue_after_rival_supply_stress,market_supply_demand_interactions,762,0.0,1575.0,0.9925759668508287,current_legal_observation,provisional_not_selected
pressure.CARROT.own_held_and_ready_wave,market_supply_demand_interactions,1,0.0,0.0,0.0,current_legal_observation,coverage_gap_constant
pressure.CARROT.opponent_visible_ready_units,market_supply_demand_interactions,36,0.0,40.0,0.05714779005524862,current_legal_observation,provisional_not_selected
pressure.CARROT.wave_conditional_revenue,market_supply_demand_interactions,1,0.0,0.0,0.0,current_legal_observation,coverage_gap_constant
pressure.CARROT.wave_average_price,market_supply_demand_interactions,1,0.0,0.0,0.0,current_legal_observation,coverage_gap_constant
pressure.CARROT.wave_price_impact_cost,market_supply_demand_interactions,1,0.0,0.0,0.0,current_legal_observation,coverage_gap_constant
pressure.CARROT.known_demand_next_day,market_supply_demand_interactions,31,0.0,49.0,0.9910220994475138,current_legal_observation,provisional_not_selected
pressure.CARROT.demand_only_next_day_price_change,market_supply_demand_interactions,25,0.0,24.0,0.5887430939226519,current_legal_observation,provisional_not_selected
pressure.CARROT.wave_minus_known_day_demand,market_supply_demand_interactions,31,-49.0,0.0,0.9910220994475138,current_legal_observation,provisional_not_selected
pressure.CARROT.visible_rival_supply_stress_price,market_supply_demand_interactions,84,35.0,125.0,1.0,current_legal_observation,provisional_not_selected
pressure.CARROT.wave_revenue_after_rival_supply_stress,market_supply_demand_interactions,1,0.0,0.0,0.0,current_legal_observation,coverage_gap_constant
pressure.TOMATO.own_held_and_ready_wave,market_supply_demand_interactions,13,0.0,12.0,0.40590469613259667,current_legal_observation,provisional_not_selected
pressure.TOMATO.opponent_visible_ready_units,market_supply_demand_interactions,4,0.0,3.0,0.162292817679558,current_legal_observation,provisional_not_selected
pressure.TOMATO.wave_conditional_revenue,market_supply_demand_interactions,378,0.0,1914.0,0.40590469613259667,current_legal_observation,provisional_not_selected
pressure.TOMATO.wave_average_price,market_supply_demand_interactions,326,0.0,300.0,0.40590469613259667,current_legal_observation,provisional_not_selected
pressure.TOMATO.wave_price_impact_cost,market_supply_demand_interactions,29,0.0,78.0,0.10238259668508287,current_legal_observation,provisional_not_selected
pressure.TOMATO.known_demand_next_day,market_supply_demand_interactions,18,0.0,25.0,0.991885359116022,current_legal_observation,provisional_not_selected
pressure.TOMATO.demand_only_next_day_price_change,market_supply_demand_interactions,43,0.0,42.0,0.6479627071823204,current_legal_observation,provisional_not_selected
pressure.TOMATO.wave_minus_known_day_demand,market_supply_demand_interactions,34,-25.0,11.0,0.9704765193370166,current_legal_observation,provisional_not_selected
pressure.TOMATO.visible_rival_supply_stress_price,market_supply_demand_interactions,192,45.0,361.0,1.0,current_legal_observation,provisional_not_selected
pressure.TOMATO.wave_revenue_after_rival_supply_stress,market_supply_demand_interactions,393,0.0,1914.0,0.40590469613259667,current_legal_observation,provisional_not_selected
pressure.STRAWBERRY.own_held_and_ready_wave,market_supply_demand_interactions,7,0.0,6.0,0.34547651933701656,current_legal_observation,provisional_not_selected
pressure.STRAWBERRY.opponent_visible_ready_units,market_supply_demand_interactions,20,0.0,20.0,0.22159875690607736,current_legal_observation,provisional_not_selected
pressure.STRAWBERRY.wave_conditional_revenue,market_supply_demand_interactions,561,0.0,1321.0,0.34547651933701656,current_legal_observation,provisional_not_selected
pressure.STRAWBERRY.wave_average_price,market_supply_demand_interactions,414,0.0,318.0,0.34547651933701656,current_legal_observation,provisional_not_selected
pressure.STRAWBERRY.wave_price_impact_cost,market_supply_demand_interactions,20,0.0,26.0,0.14528660220994474,current_legal_observation,provisional_not_selected
pressure.STRAWBERRY.known_demand_next_day,market_supply_demand_interactions,23,0.0,37.0,0.994475138121547,current_legal_observation,provisional_not_selected
pressure.STRAWBERRY.demand_only_next_day_price_change,market_supply_demand_interactions,16,0.0,22.0,0.9930939226519337,current_legal_observation,provisional_not_selected
pressure.STRAWBERRY.wave_minus_known_day_demand,market_supply_demand_interactions,39,-37.0,5.0,0.9861878453038674,current_legal_observation,provisional_not_selected
pressure.STRAWBERRY.visible_rival_supply_stress_price,market_supply_demand_interactions,184,110.0,318.0,1.0,current_legal_observation,provisional_not_selected
pressure.STRAWBERRY.wave_revenue_after_rival_supply_stress,market_supply_demand_interactions,555,0.0,1317.0,0.34547651933701656,current_legal_observation,provisional_not_selected
pressure.MELON.own_held_and_ready_wave,market_supply_demand_interactions,1,0.0,0.0,0.0,current_legal_observation,coverage_gap_constant
pressure.MELON.opponent_visible_ready_units,market_supply_demand_interactions,22,0.0,125.0,0.05991022099447514,current_legal_observation,provisional_not_selected
pressure.MELON.wave_conditional_revenue,market_supply_demand_interactions,1,0.0,0.0,0.0,current_legal_observation,coverage_gap_constant
pressure.MELON.wave_average_price,market_supply_demand_interactions,1,0.0,0.0,0.0,current_legal_observation,coverage_gap_constant
pressure.MELON.wave_price_impact_cost,market_supply_demand_interactions,1,0.0,0.0,0.0,current_legal_observation,coverage_gap_constant
pressure.MELON.known_demand_next_day,market_supply_demand_interactions,2,0.0,1.0,0.9668508287292817,current_legal_observation,provisional_not_selected
pressure.MELON.demand_only_next_day_price_change,market_supply_demand_interactions,6,0.0,6.0,0.7679558011049724,current_legal_observation,provisional_not_selected
pressure.MELON.wave_minus_known_day_demand,market_supply_demand_interactions,2,-1.0,0.0,0.9668508287292817,current_legal_observation,provisional_not_selected
pressure.MELON.visible_rival_supply_stress_price,market_supply_demand_interactions,50,1.0,280.0,1.0,current_legal_observation,provisional_not_selected
pressure.MELON.wave_revenue_after_rival_supply_stress,market_supply_demand_interactions,1,0.0,0.0,0.0,current_legal_observation,coverage_gap_constant
pressure.EGG.own_held_and_ready_wave,market_supply_demand_interactions,10,0.0,12.0,0.8499654696132597,current_legal_observation,provisional_not_selected
pressure.EGG.opponent_visible_ready_units,market_supply_demand_interactions,5,0.0,8.0,0.143646408839779,current_legal_observation,provisional_not_selected
pressure.EGG.wave_conditional_revenue,market_supply_demand_interactions,297,0.0,609.0,0.8499654696132597,current_legal_observation,provisional_not_selected
pressure.EGG.wave_average_price,market_supply_demand_interactions,192,0.0,73.0,0.8499654696132597,current_legal_observation,provisional_not_selected
pressure.EGG.wave_price_impact_cost,market_supply_demand_interactions,13,0.0,18.0,0.24766919889502761,current_legal_observation,provisional_not_selected
pressure.EGG.known_demand_next_day,market_supply_demand_interactions,19,0.0,31.0,0.9923169889502762,current_legal_observation,provisional_not_selected
pressure.EGG.demand_only_next_day_price_change,market_supply_demand_interactions,6,0.0,5.0,0.45079419889502764,current_legal_observation,provisional_not_selected
pressure.EGG.wave_minus_known_day_demand,market_supply_demand_interactions,33,-29.0,11.0,0.993439226519337,current_legal_observation,provisional_not_selected
pressure.EGG.visible_rival_supply_stress_price,market_supply_demand_interactions,35,41.0,75.0,1.0,current_legal_observation,provisional_not_selected
pressure.EGG.wave_revenue_after_rival_supply_stress,market_supply_demand_interactions,299,0.0,605.0,0.8499654696132597,current_legal_observation,provisional_not_selected
pressure.MILK.own_held_and_ready_wave,market_supply_demand_interactions,8,0.0,12.0,0.3886395027624309,current_legal_observation,provisional_not_selected
pressure.MILK.opponent_visible_ready_units,market_supply_demand_interactions,5,0.0,12.0,0.0649171270718232,current_legal_observation,provisional_not_selected
pressure.MILK.wave_conditional_revenue,market_supply_demand_interactions,728,0.0,2710.0,0.3886395027624309,current_legal_observation,provisional_not_selected
pressure.MILK.wave_average_price,market_supply_demand_interactions,649,0.0,358.0,0.3886395027624309,current_legal_observation,provisional_not_selected
pressure.MILK.wave_price_impact_cost,market_supply_demand_interactions,59,0.0,171.0,0.3722375690607735,current_legal_observation,provisional_not_selected
pressure.MILK.known_demand_next_day,market_supply_demand_interactions,19,0.0,31.0,0.994475138121547,current_legal_observation,provisional_not_selected
pressure.MILK.demand_only_next_day_price_change,market_supply_demand_interactions,38,0.0,41.0,0.9941298342541437,current_legal_observation,provisional_not_selected
pressure.MILK.wave_minus_known_day_demand,market_supply_demand_interactions,33,-31.0,11.0,0.994475138121547,current_legal_observation,provisional_not_selected
pressure.MILK.visible_rival_supply_stress_price,market_supply_demand_interactions,215,97.0,364.0,1.0,current_legal_observation,provisional_not_selected
pressure.MILK.wave_revenue_after_rival_supply_stress,market_supply_demand_interactions,724,0.0,2710.0,0.3886395027624309,current_legal_observation,provisional_not_selected
pressure.WOOL.own_held_and_ready_wave,market_supply_demand_interactions,11,0.0,10.0,0.47928176795580113,current_legal_observation,provisional_not_selected
pressure.WOOL.opponent_visible_ready_units,market_supply_demand_interactions,3,0.0,6.0,0.10445441988950276,current_legal_observation,provisional_not_selected
pressure.WOOL.wave_conditional_revenue,market_supply_demand_interactions,375,0.0,2381.0,0.47928176795580113,current_legal_observation,provisional_not_selected
pressure.WOOL.wave_average_price,market_supply_demand_interactions,310,0.0,255.0,0.47928176795580113,current_legal_observation,provisional_not_selected
pressure.WOOL.wave_price_impact_cost,market_supply_demand_interactions,59,0.0,162.0,0.29782458563535913,current_legal_observation,provisional_not_selected
pressure.WOOL.known_demand_next_day,market_supply_demand_interactions,16,0.0,37.0,0.9806629834254144,current_legal_observation,provisional_not_selected
pressure.WOOL.demand_only_next_day_price_change,market_supply_demand_interactions,18,0.0,23.0,0.8720649171270718,current_legal_observation,provisional_not_selected
pressure.WOOL.wave_minus_known_day_demand,market_supply_demand_interactions,36,-37.0,9.0,0.974274861878453,current_legal_observation,provisional_not_selected
pressure.WOOL.visible_rival_supply_stress_price,market_supply_demand_interactions,100,1.0,255.0,1.0,current_legal_observation,provisional_not_selected
pressure.WOOL.wave_revenue_after_rival_supply_stress,market_supply_demand_interactions,377,0.0,2381.0,0.47928176795580113,current_legal_observation,provisional_not_selected
pressure.FERTILIZER.own_held_and_ready_wave,market_supply_demand_interactions,8,0.0,7.0,0.786774861878453,current_legal_observation,provisional_not_selected
pressure.FERTILIZER.opponent_visible_ready_units,market_supply_demand_interactions,1,0.0,0.0,0.0,current_legal_observation,coverage_gap_constant
pressure.FERTILIZER.wave_conditional_revenue,market_supply_demand_interactions,474,0.0,646.0,0.786774861878453,current_legal_observation,provisional_not_selected
pressure.FERTILIZER.wave_average_price,market_supply_demand_interactions,556,0.0,100.0,0.786774861878453,current_legal_observation,provisional_not_selected
pressure.FERTILIZER.wave_price_impact_cost,market_supply_demand_interactions,7,0.0,7.0,0.3786256906077348,current_legal_observation,provisional_not_selected
pressure.FERTILIZER.known_demand_next_day,market_supply_demand_interactions,1,0.0,0.0,0.0,current_legal_observation,coverage_gap_constant
pressure.FERTILIZER.demand_only_next_day_price_change,market_supply_demand_interactions,1,0.0,0.0,0.0,current_legal_observation,coverage_gap_constant
pressure.FERTILIZER.wave_minus_known_day_demand,market_supply_demand_interactions,8,0.0,7.0,0.786774861878453,current_legal_observation,provisional_not_selected
pressure.FERTILIZER.visible_rival_supply_stress_price,market_supply_demand_interactions,68,33.0,100.0,1.0,current_legal_observation,provisional_not_selected
pressure.FERTILIZER.wave_revenue_after_rival_supply_stress,market_supply_demand_interactions,474,0.0,646.0,0.786774861878453,current_legal_observation,provisional_not_selected
interactions.water_bonus_under_overflow_pressure,cross_resource_interactions,1,0.0,0.0,0.0,current_legal_observation,coverage_gap_constant
interactions.capacity_pressure_per_worker,cross_resource_interactions,1,0.0,0.0,0.0,current_legal_observation,coverage_gap_constant
interactions.ready_units_per_worker_turn_today,cross_resource_interactions,91,0.0,1.2916666666666667,0.9074585635359116,current_legal_observation,provisional_not_selected
interactions.terminal_carry_at_risk,cross_resource_interactions,11,0.0,16.0,0.007424033149171271,current_legal_observation,provisional_not_selected
history.lag1.available,causal_market_history,2,0.0,1.0,0.994475138121547,current_and_past_legal_observations,provisional_not_selected
history.lag1.cash_change,causal_market_history,423,-500.0,2593.0,0.3831146408839779,current_and_past_legal_observations,provisional_not_selected
history.lag1.WHEAT.inventory_change,causal_market_history,15,-6.0,8.0,0.2512085635359116,current_and_past_legal_observations,provisional_not_selected
history.lag1.WHEAT.price_log_change,causal_market_history,37,-0.03278982282299084,0.03636764417087479,0.02503453038674033,current_and_past_legal_observations,provisional_not_selected
history.lag1.CARROT.inventory_change,causal_market_history,5,0.0,6.0,0.0037120165745856354,current_and_past_legal_observations,provisional_not_selected
history.lag1.CARROT.price_log_change,causal_market_history,9,-0.026317308317373417,0.0,0.0010359116022099447,current_and_past_legal_observations,provisional_not_selected
history.lag1.TOMATO.inventory_change,causal_market_history,5,0.0,4.0,0.010704419889502763,current_and_past_legal_observations,provisional_not_selected
history.lag1.TOMATO.price_log_change,causal_market_history,19,-0.05129329438755058,0.0,0.0032803867403314916,current_and_past_legal_observations,provisional_not_selected
history.lag1.STRAWBERRY.inventory_change,causal_market_history,5,0.0,4.0,0.011395027624309393,current_and_past_legal_observations,provisional_not_selected
history.lag1.STRAWBERRY.price_log_change,causal_market_history,32,-0.02247285585205863,0.0,0.006474447513812155,current_and_past_legal_observations,provisional_not_selected
history.lag1.MELON.inventory_change,causal_market_history,1,0.0,0.0,0.0,current_and_past_legal_observations,coverage_gap_constant
history.lag1.MELON.price_log_change,causal_market_history,1,0.0,0.0,0.0,current_and_past_legal_observations,coverage_gap_constant
history.lag1.EGG.inventory_change,causal_market_history,7,0.0,8.0,0.0531767955801105,current_and_past_legal_observations,provisional_not_selected
history.lag1.EGG.price_log_change,causal_market_history,22,-0.06187540371808753,0.0,0.01018646408839779,current_and_past_legal_observations,provisional_not_selected
history.lag1.MILK.inventory_change,causal_market_history,7,0.0,7.0,0.020200276243093923,current_and_past_legal_observations,provisional_not_selected
history.lag1.MILK.price_log_change,causal_market_history,78,-0.12783337150988489,0.0,0.01950966850828729,current_and_past_legal_observations,provisional_not_selected
history.lag1.WOOL.inventory_change,causal_market_history,9,0.0,12.0,0.01830110497237569,current_and_past_legal_observations,provisional_not_selected
history.lag1.WOOL.price_log_change,causal_market_history,43,-2.3978952727983707,0.0,0.01225828729281768,current_and_past_legal_observations,provisional_not_selected
history.lag1.FERTILIZER.inventory_change,causal_market_history,10,0.0,10.0,0.10531767955801105,current_and_past_legal_observations,provisional_not_selected
history.lag1.FERTILIZER.price_log_change,causal_market_history,61,-0.05715841383994864,0.0,0.033667127071823205,current_and_past_legal_observations,provisional_not_selected
history.lag24.available,causal_market_history,2,0.0,1.0,0.9668508287292817,current_and_past_legal_observations,provisional_not_selected
history.lag24.cash_change,causal_market_history,2561,-2824.0,5706.0,0.9668508287292817,current_and_past_legal_observations,provisional_not_selected
history.lag24.WHEAT.inventory_change,causal_market_history,68,-55.0,21.0,0.9640883977900553,current_and_past_legal_observations,provisional_not_selected
history.lag24.WHEAT.price_log_change,causal_market_history,53,-0.03390155167568134,0.2151113796169455,0.6440780386740331,current_and_past_legal_observations,provisional_not_selected
history.lag24.CARROT.inventory_change,causal_market_history,46,-49.0,5.0,0.9668508287292817,current_and_past_legal_observations,provisional_not_selected
history.lag24.CARROT.price_log_change,causal_market_history,235,-0.016529301951210582,0.18840060287033678,0.5719095303867403,current_and_past_legal_observations,provisional_not_selected
history.lag24.TOMATO.inventory_change,causal_market_history,34,-25.0,8.0,0.9504488950276243,current_and_past_legal_observations,provisional_not_selected
history.lag24.TOMATO.price_log_change,causal_market_history,352,-0.12405264866997888,0.19254311086549267,0.6274171270718232,current_and_past_legal_observations,provisional_not_selected
history.lag24.STRAWBERRY.inventory_change,causal_market_history,43,-37.0,5.0,0.9635704419889503,current_and_past_legal_observations,provisional_not_selected
history.lag24.STRAWBERRY.price_log_change,causal_market_history,863,-0.0813456394539524,0.16833531481921474,0.9623618784530387,current_and_past_legal_observations,provisional_not_selected
history.lag24.MELON.inventory_change,causal_market_history,6,-1.0,89.0,0.9502762430939227,current_and_past_legal_observations,provisional_not_selected
history.lag24.MELON.price_log_change,causal_market_history,39,-3.044522437723423,0.5596157879354227,0.7679558011049724,current_and_past_legal_observations,provisional_not_selected
history.lag24.EGG.inventory_change,causal_market_history,41,-27.0,19.0,0.9583908839779005,current_and_past_legal_observations,provisional_not_selected
history.lag24.EGG.price_log_change,causal_market_history,70,-0.10536051565782628,0.083381608939051,0.39088397790055246,current_and_past_legal_observations,provisional_not_selected
history.lag24.MILK.inventory_change,causal_market_history,48,-31.0,23.0,0.9646063535911602,current_and_past_legal_observations,provisional_not_selected
history.lag24.MILK.price_log_change,causal_market_history,1214,-0.35054935051204966,0.24664152258151373,0.9539019337016574,current_and_past_legal_observations,provisional_not_selected
history.lag24.WOOL.inventory_change,causal_market_history,50,-37.0,19.0,0.9295580110497238,current_and_past_legal_observations,provisional_not_selected
history.lag24.WOOL.price_log_change,causal_market_history,318,-3.7612001156935624,1.6094379124341003,0.8035220994475138,current_and_past_legal_observations,provisional_not_selected
history.lag24.FERTILIZER.inventory_change,causal_market_history,24,0.0,24.0,0.9526933701657458,current_and_past_legal_observations,provisional_not_selected
history.lag24.FERTILIZER.price_log_change,causal_market_history,177,-0.11441035117774422,0.0,0.9043508287292817,current_and_past_legal_observations,provisional_not_selected
market_plan.WHEAT.own_ready_units,post_decision_inventory,19,0.0,19.0,0.888639502762431,current_legal_observation,provisional_not_selected
market_plan.WHEAT.rival_ready_units,post_decision_inventory,53,0.0,57.0,0.5250345303867403,current_legal_observation,provisional_not_selected
market_plan.WHEAT.shed_units,post_decision_inventory,22,0.0,25.0,0.8016229281767956,current_legal_observation,provisional_not_selected
market_plan.WHEAT.carried_units,post_decision_inventory,22,0.0,25.0,0.8080110497237569,current_legal_observation,provisional_not_selected
market_plan.WHEAT.conditional_quantity,post_decision_inventory,30,0.0,31.0,0.9925759668508287,current_legal_observation,provisional_not_selected
market_plan.WHEAT.rival_earliest_delivery,post_decision_inventory,12,1.0,719.0,1.0,current_legal_observation,provisional_not_selected
market_plan.WHEAT.immediate_revenue,post_decision_inventory,760,0.0,1581.0,0.9925759668508287,current_legal_observation,provisional_not_selected
market_plan.WHEAT.h4.available,conditional_market_paths,2,0.0,1.0,0.988950276243094,current_legal_observation,provisional_not_selected
market_plan.WHEAT.h4.known_demand,conditional_market_paths,9,0.0,8.0,0.8491022099447514,current_legal_observation,provisional_not_selected
market_plan.WHEAT.h4.demand_only_inventory,conditional_market_paths,734,0.0,9999.0,0.988950276243094,current_legal_observation,provisional_not_selected
market_plan.WHEAT.h4.demand_only_price,conditional_market_paths,31,0.0,55.0,0.988950276243094,current_legal_observation,provisional_not_selected
market_plan.WHEAT.h4.quiet_revenue,conditional_market_paths,745,0.0,1581.0,0.9834254143646409,current_legal_observation,provisional_not_selected
market_plan.WHEAT.h4.rival_stress_revenue,conditional_market_paths,751,0.0,1581.0,0.9834254143646409,current_legal_observation,provisional_not_selected
market_plan.WHEAT.h4.rival_penalty,conditional_market_paths,24,0.0,23.0,0.14295580110497239,current_legal_observation,provisional_not_selected
market_plan.WHEAT.h4.quiet_holding_premium,conditional_market_paths,9,0.0,8.0,0.5924551104972375,current_legal_observation,provisional_not_selected
market_plan.WHEAT.h12.available,conditional_market_paths,2,0.0,1.0,0.9779005524861878,current_legal_observation,provisional_not_selected
market_plan.WHEAT.h12.known_demand,conditional_market_paths,16,0.0,22.0,0.8939917127071824,current_legal_observation,provisional_not_selected
market_plan.WHEAT.h12.demand_only_inventory,conditional_market_paths,743,0.0,9999.0,0.9779005524861878,current_legal_observation,provisional_not_selected
market_plan.WHEAT.h12.demand_only_price,conditional_market_paths,31,0.0,55.0,0.9779005524861878,current_legal_observation,provisional_not_selected
market_plan.WHEAT.h12.quiet_revenue,conditional_market_paths,733,0.0,1581.0,0.9723756906077348,current_legal_observation,provisional_not_selected
market_plan.WHEAT.h12.rival_stress_revenue,conditional_market_paths,732,0.0,1581.0,0.9723756906077348,current_legal_observation,provisional_not_selected
market_plan.WHEAT.h12.rival_penalty,conditional_market_paths,33,0.0,33.0,0.3705110497237569,current_legal_observation,provisional_not_selected
market_plan.WHEAT.h12.quiet_holding_premium,conditional_market_paths,20,0.0,19.0,0.7732216850828729,current_legal_observation,provisional_not_selected
market_plan.WHEAT.h24.available,conditional_market_paths,2,0.0,1.0,0.9613259668508287,current_legal_observation,provisional_not_selected
market_plan.WHEAT.h24.known_demand,conditional_market_paths,9,0.0,43.0,0.9613259668508287,current_legal_observation,provisional_not_selected
market_plan.WHEAT.h24.demand_only_inventory,conditional_market_paths,748,0.0,9999.0,0.9613259668508287,current_legal_observation,provisional_not_selected
market_plan.WHEAT.h24.demand_only_price,conditional_market_paths,32,0.0,56.0,0.9613259668508287,current_legal_observation,provisional_not_selected
market_plan.WHEAT.h24.quiet_revenue,conditional_market_paths,728,0.0,1599.0,0.9558011049723757,current_legal_observation,provisional_not_selected
market_plan.WHEAT.h24.rival_stress_revenue,conditional_market_paths,718,0.0,1591.0,0.9558011049723757,current_legal_observation,provisional_not_selected
market_plan.WHEAT.h24.rival_penalty,conditional_market_paths,36,0.0,40.0,0.36429558011049723,current_legal_observation,provisional_not_selected
market_plan.WHEAT.h24.quiet_holding_premium,conditional_market_paths,29,0.0,30.0,0.945010359116022,current_legal_observation,provisional_not_selected
market_plan.CARROT.own_ready_units,post_decision_inventory,1,0.0,0.0,0.0,current_legal_observation,coverage_gap_constant
market_plan.CARROT.rival_ready_units,post_decision_inventory,36,0.0,40.0,0.05714779005524862,current_legal_observation,provisional_not_selected
market_plan.CARROT.shed_units,post_decision_inventory,1,0.0,0.0,0.0,current_legal_observation,coverage_gap_constant
market_plan.CARROT.carried_units,post_decision_inventory,1,0.0,0.0,0.0,current_legal_observation,coverage_gap_constant
market_plan.CARROT.conditional_quantity,post_decision_inventory,1,0.0,0.0,0.0,current_legal_observation,coverage_gap_constant
market_plan.CARROT.rival_earliest_delivery,post_decision_inventory,13,1.0,719.0,1.0,current_legal_observation,provisional_not_selected
market_plan.CARROT.immediate_revenue,post_decision_inventory,1,0.0,0.0,0.0,current_legal_observation,coverage_gap_constant
market_plan.CARROT.h4.available,conditional_market_paths,2,0.0,1.0,0.988950276243094,current_legal_observation,provisional_not_selected
market_plan.CARROT.h4.known_demand,conditional_market_paths,10,0.0,9.0,0.645200276243094,current_legal_observation,provisional_not_selected
market_plan.CARROT.h4.demand_only_inventory,conditional_market_paths,571,0.0,9999.0,0.988950276243094,current_legal_observation,provisional_not_selected
market_plan.CARROT.h4.demand_only_price,conditional_market_paths,84,0.0,123.0,0.988950276243094,current_legal_observation,provisional_not_selected
market_plan.CARROT.h4.quiet_revenue,conditional_market_paths,1,0.0,0.0,0.0,current_legal_observation,coverage_gap_constant
market_plan.CARROT.h4.rival_stress_revenue,conditional_market_paths,1,0.0,0.0,0.0,current_legal_observation,coverage_gap_constant
market_plan.CARROT.h4.rival_penalty,conditional_market_paths,1,0.0,0.0,0.0,current_legal_observation,coverage_gap_constant
market_plan.CARROT.h4.quiet_holding_premium,conditional_market_paths,1,0.0,0.0,0.0,current_legal_observation,coverage_gap_constant
market_plan.CARROT.h12.available,conditional_market_paths,2,0.0,1.0,0.9779005524861878,current_legal_observation,provisional_not_selected
market_plan.CARROT.h12.known_demand,conditional_market_paths,18,0.0,25.0,0.7719267955801105,current_legal_observation,provisional_not_selected
market_plan.CARROT.h12.demand_only_inventory,conditional_market_paths,572,0.0,9999.0,0.9779005524861878,current_legal_observation,provisional_not_selected
market_plan.CARROT.h12.demand_only_price,conditional_market_paths,86,0.0,127.0,0.9779005524861878,current_legal_observation,provisional_not_selected
market_plan.CARROT.h12.quiet_revenue,conditional_market_paths,1,0.0,0.0,0.0,current_legal_observation,coverage_gap_constant
market_plan.CARROT.h12.rival_stress_revenue,conditional_market_paths,1,0.0,0.0,0.0,current_legal_observation,coverage_gap_constant
market_plan.CARROT.h12.rival_penalty,conditional_market_paths,1,0.0,0.0,0.0,current_legal_observation,coverage_gap_constant
market_plan.CARROT.h12.quiet_holding_premium,conditional_market_paths,1,0.0,0.0,0.0,current_legal_observation,coverage_gap_constant
market_plan.CARROT.h24.available,conditional_market_paths,2,0.0,1.0,0.9613259668508287,current_legal_observation,provisional_not_selected
market_plan.CARROT.h24.known_demand,conditional_market_paths,10,0.0,49.0,0.9613259668508287,current_legal_observation,provisional_not_selected
market_plan.CARROT.h24.demand_only_inventory,conditional_market_paths,574,0.0,9999.0,0.9613259668508287,current_legal_observation,provisional_not_selected
market_plan.CARROT.h24.demand_only_price,conditional_market_paths,89,0.0,135.0,0.9613259668508287,current_legal_observation,provisional_not_selected
market_plan.CARROT.h24.quiet_revenue,conditional_market_paths,1,0.0,0.0,0.0,current_legal_observation,coverage_gap_constant
market_plan.CARROT.h24.rival_stress_revenue,conditional_market_paths,1,0.0,0.0,0.0,current_legal_observation,coverage_gap_constant
market_plan.CARROT.h24.rival_penalty,conditional_market_paths,1,0.0,0.0,0.0,current_legal_observation,coverage_gap_constant
market_plan.CARROT.h24.quiet_holding_premium,conditional_market_paths,1,0.0,0.0,0.0,current_legal_observation,coverage_gap_constant
market_plan.TOMATO.own_ready_units,post_decision_inventory,7,0.0,6.0,0.33373618784530384,current_legal_observation,provisional_not_selected
market_plan.TOMATO.rival_ready_units,post_decision_inventory,4,0.0,3.0,0.162292817679558,current_legal_observation,provisional_not_selected
market_plan.TOMATO.shed_units,post_decision_inventory,7,0.0,6.0,0.053349447513812154,current_legal_observation,provisional_not_selected
market_plan.TOMATO.carried_units,post_decision_inventory,7,0.0,6.0,0.10618093922651933,current_legal_observation,provisional_not_selected
market_plan.TOMATO.conditional_quantity,post_decision_inventory,13,0.0,12.0,0.40590469613259667,current_legal_observation,provisional_not_selected
market_plan.TOMATO.rival_earliest_delivery,post_decision_inventory,10,2.0,719.0,1.0,current_legal_observation,provisional_not_selected
market_plan.TOMATO.immediate_revenue,post_decision_inventory,378,0.0,1914.0,0.40590469613259667,current_legal_observation,provisional_not_selected
market_plan.TOMATO.h4.available,conditional_market_paths,2,0.0,1.0,0.988950276243094,current_legal_observation,provisional_not_selected
market_plan.TOMATO.h4.known_demand,conditional_market_paths,6,0.0,5.0,0.7149516574585635,current_legal_observation,provisional_not_selected
market_plan.TOMATO.h4.demand_only_inventory,conditional_market_paths,412,0.0,10036.0,0.988950276243094,current_legal_observation,provisional_not_selected
market_plan.TOMATO.h4.demand_only_price,conditional_market_paths,187,0.0,354.0,0.988950276243094,current_legal_observation,provisional_not_selected
market_plan.TOMATO.h4.quiet_revenue,conditional_market_paths,383,0.0,1974.0,0.40107044198895025,current_legal_observation,provisional_not_selected
market_plan.TOMATO.h4.rival_stress_revenue,conditional_market_paths,382,0.0,1974.0,0.40107044198895025,current_legal_observation,provisional_not_selected
market_plan.TOMATO.h4.rival_penalty,conditional_market_paths,8,0.0,7.0,0.003970994475138122,current_legal_observation,provisional_not_selected
market_plan.TOMATO.h4.quiet_holding_premium,conditional_market_paths,29,0.0,60.0,0.15400552486187846,current_legal_observation,provisional_not_selected
market_plan.TOMATO.h12.available,conditional_market_paths,2,0.0,1.0,0.9779005524861878,current_legal_observation,provisional_not_selected
market_plan.TOMATO.h12.known_demand,conditional_market_paths,10,0.0,13.0,0.8137085635359116,current_legal_observation,provisional_not_selected
market_plan.TOMATO.h12.demand_only_inventory,conditional_market_paths,416,0.0,10036.0,0.9779005524861878,current_legal_observation,provisional_not_selected
market_plan.TOMATO.h12.demand_only_price,conditional_market_paths,189,0.0,354.0,0.9779005524861878,current_legal_observation,provisional_not_selected
market_plan.TOMATO.h12.quiet_revenue,conditional_market_paths,382,0.0,2065.0,0.39623618784530384,current_legal_observation,provisional_not_selected
market_plan.TOMATO.h12.rival_stress_revenue,conditional_market_paths,381,0.0,2065.0,0.39623618784530384,current_legal_observation,provisional_not_selected
market_plan.TOMATO.h12.rival_penalty,conditional_market_paths,17,0.0,23.0,0.07165055248618785,current_legal_observation,provisional_not_selected
market_plan.TOMATO.h12.quiet_holding_premium,conditional_market_paths,65,0.0,151.0,0.26329419889502764,current_legal_observation,provisional_not_selected
market_plan.TOMATO.h24.available,conditional_market_paths,2,0.0,1.0,0.9613259668508287,current_legal_observation,provisional_not_selected
market_plan.TOMATO.h24.known_demand,conditional_market_paths,6,0.0,25.0,0.9613259668508287,current_legal_observation,provisional_not_selected
market_plan.TOMATO.h24.demand_only_inventory,conditional_market_paths,408,0.0,10033.0,0.9613259668508287,current_legal_observation,provisional_not_selected
market_plan.TOMATO.h24.demand_only_price,conditional_market_paths,185,0.0,354.0,0.9613259668508287,current_legal_observation,provisional_not_selected
market_plan.TOMATO.h24.quiet_revenue,conditional_market_paths,398,0.0,2211.0,0.38743093922651933,current_legal_observation,provisional_not_selected
market_plan.TOMATO.h24.rival_stress_revenue,conditional_market_paths,402,0.0,2211.0,0.38743093922651933,current_legal_observation,provisional_not_selected
market_plan.TOMATO.h24.rival_penalty,conditional_market_paths,17,0.0,23.0,0.06906077348066299,current_legal_observation,provisional_not_selected
market_plan.TOMATO.h24.quiet_holding_premium,conditional_market_paths,87,0.0,297.0,0.3323549723756906,current_legal_observation,provisional_not_selected
market_plan.STRAWBERRY.own_ready_units,post_decision_inventory,5,0.0,4.0,0.22669198895027623,current_legal_observation,provisional_not_selected
market_plan.STRAWBERRY.rival_ready_units,post_decision_inventory,20,0.0,20.0,0.22159875690607736,current_legal_observation,provisional_not_selected
market_plan.STRAWBERRY.shed_units,post_decision_inventory,4,0.0,4.0,0.0369475138121547,current_legal_observation,provisional_not_selected
market_plan.STRAWBERRY.carried_units,post_decision_inventory,5,0.0,4.0,0.1294889502762431,current_legal_observation,provisional_not_selected
market_plan.STRAWBERRY.conditional_quantity,post_decision_inventory,7,0.0,6.0,0.34547651933701656,current_legal_observation,provisional_not_selected
market_plan.STRAWBERRY.rival_earliest_delivery,post_decision_inventory,14,2.0,719.0,1.0,current_legal_observation,provisional_not_selected
market_plan.STRAWBERRY.immediate_revenue,post_decision_inventory,561,0.0,1321.0,0.34547651933701656,current_legal_observation,provisional_not_selected
market_plan.STRAWBERRY.h4.available,conditional_market_paths,2,0.0,1.0,0.988950276243094,current_legal_observation,provisional_not_selected
market_plan.STRAWBERRY.h4.known_demand,conditional_market_paths,8,0.0,7.0,0.7739986187845304,current_legal_observation,provisional_not_selected
market_plan.STRAWBERRY.h4.demand_only_inventory,conditional_market_paths,478,0.0,10005.0,0.988950276243094,current_legal_observation,provisional_not_selected
market_plan.STRAWBERRY.h4.demand_only_price,conditional_market_paths,186,0.0,317.0,0.988950276243094,current_legal_observation,provisional_not_selected
market_plan.STRAWBERRY.h4.quiet_revenue,conditional_market_paths,559,0.0,1332.0,0.337707182320442,current_legal_observation,provisional_not_selected
market_plan.STRAWBERRY.h4.rival_stress_revenue,conditional_market_paths,548,0.0,1332.0,0.337707182320442,current_legal_observation,provisional_not_selected
market_plan.STRAWBERRY.h4.rival_penalty,conditional_market_paths,8,0.0,7.0,0.009409530386740332,current_legal_observation,provisional_not_selected
market_plan.STRAWBERRY.h4.quiet_holding_premium,conditional_market_paths,18,0.0,24.0,0.2950621546961326,current_legal_observation,provisional_not_selected
market_plan.STRAWBERRY.h12.available,conditional_market_paths,2,0.0,1.0,0.9779005524861878,current_legal_observation,provisional_not_selected
market_plan.STRAWBERRY.h12.known_demand,conditional_market_paths,14,0.0,19.0,0.8489295580110497,current_legal_observation,provisional_not_selected
market_plan.STRAWBERRY.h12.demand_only_inventory,conditional_market_paths,479,0.0,10005.0,0.9779005524861878,current_legal_observation,provisional_not_selected
market_plan.STRAWBERRY.h12.demand_only_price,conditional_market_paths,185,0.0,317.0,0.9779005524861878,current_legal_observation,provisional_not_selected
market_plan.STRAWBERRY.h12.quiet_revenue,conditional_market_paths,546,0.0,1349.0,0.32907458563535913,current_legal_observation,provisional_not_selected
market_plan.STRAWBERRY.h12.rival_stress_revenue,conditional_market_paths,545,0.0,1345.0,0.32907458563535913,current_legal_observation,provisional_not_selected
market_plan.STRAWBERRY.h12.rival_penalty,conditional_market_paths,16,0.0,16.0,0.1087707182320442,current_legal_observation,provisional_not_selected
market_plan.STRAWBERRY.h12.quiet_holding_premium,conditional_market_paths,29,0.0,37.0,0.3145718232044199,current_legal_observation,provisional_not_selected
market_plan.STRAWBERRY.h24.available,conditional_market_paths,2,0.0,1.0,0.9613259668508287,current_legal_observation,provisional_not_selected
market_plan.STRAWBERRY.h24.known_demand,conditional_market_paths,8,0.0,37.0,0.9613259668508287,current_legal_observation,provisional_not_selected
market_plan.STRAWBERRY.h24.demand_only_inventory,conditional_market_paths,483,0.0,10004.0,0.9613259668508287,current_legal_observation,provisional_not_selected
market_plan.STRAWBERRY.h24.demand_only_price,conditional_market_paths,188,0.0,320.0,0.9613259668508287,current_legal_observation,provisional_not_selected
market_plan.STRAWBERRY.h24.quiet_revenue,conditional_market_paths,532,0.0,1373.0,0.3157803867403315,current_legal_observation,provisional_not_selected
market_plan.STRAWBERRY.h24.rival_stress_revenue,conditional_market_paths,534,0.0,1369.0,0.3157803867403315,current_legal_observation,provisional_not_selected
market_plan.STRAWBERRY.h24.rival_penalty,conditional_market_paths,16,0.0,16.0,0.10376381215469613,current_legal_observation,provisional_not_selected
market_plan.STRAWBERRY.h24.quiet_holding_premium,conditional_market_paths,50,0.0,60.0,0.3157803867403315,current_legal_observation,provisional_not_selected
market_plan.MELON.own_ready_units,post_decision_inventory,1,0.0,0.0,0.0,current_legal_observation,coverage_gap_constant
market_plan.MELON.rival_ready_units,post_decision_inventory,22,0.0,125.0,0.05991022099447514,current_legal_observation,provisional_not_selected
market_plan.MELON.shed_units,post_decision_inventory,1,0.0,0.0,0.0,current_legal_observation,coverage_gap_constant
market_plan.MELON.carried_units,post_decision_inventory,1,0.0,0.0,0.0,current_legal_observation,coverage_gap_constant
market_plan.MELON.conditional_quantity,post_decision_inventory,1,0.0,0.0,0.0,current_legal_observation,coverage_gap_constant
market_plan.MELON.rival_earliest_delivery,post_decision_inventory,10,1.0,719.0,1.0,current_legal_observation,provisional_not_selected
market_plan.MELON.immediate_revenue,post_decision_inventory,1,0.0,0.0,0.0,current_legal_observation,coverage_gap_constant
market_plan.MELON.h4.available,conditional_market_paths,2,0.0,1.0,0.988950276243094,current_legal_observation,provisional_not_selected
market_plan.MELON.h4.known_demand,conditional_market_paths,2,0.0,1.0,0.16574585635359115,current_legal_observation,provisional_not_selected
market_plan.MELON.h4.demand_only_inventory,conditional_market_paths,51,0.0,10157.0,0.988950276243094,current_legal_observation,provisional_not_selected
market_plan.MELON.h4.demand_only_price,conditional_market_paths,40,0.0,280.0,0.988950276243094,current_legal_observation,provisional_not_selected
market_plan.MELON.h4.quiet_revenue,conditional_market_paths,1,0.0,0.0,0.0,current_legal_observation,coverage_gap_constant
market_plan.MELON.h4.rival_stress_revenue,conditional_market_paths,1,0.0,0.0,0.0,current_legal_observation,coverage_gap_constant
market_plan.MELON.h4.rival_penalty,conditional_market_paths,1,0.0,0.0,0.0,current_legal_observation,coverage_gap_constant
market_plan.MELON.h4.quiet_holding_premium,conditional_market_paths,1,0.0,0.0,0.0,current_legal_observation,coverage_gap_constant
market_plan.MELON.h12.available,conditional_market_paths,2,0.0,1.0,0.9779005524861878,current_legal_observation,provisional_not_selected
market_plan.MELON.h12.known_demand,conditional_market_paths,2,0.0,1.0,0.4861878453038674,current_legal_observation,provisional_not_selected
market_plan.MELON.h12.demand_only_inventory,conditional_market_paths,51,0.0,10157.0,0.9779005524861878,current_legal_observation,provisional_not_selected
market_plan.MELON.h12.demand_only_price,conditional_market_paths,40,0.0,280.0,0.9779005524861878,current_legal_observation,provisional_not_selected
market_plan.MELON.h12.quiet_revenue,conditional_market_paths,1,0.0,0.0,0.0,current_legal_observation,coverage_gap_constant
market_plan.MELON.h12.rival_stress_revenue,conditional_market_paths,1,0.0,0.0,0.0,current_legal_observation,coverage_gap_constant
market_plan.MELON.h12.rival_penalty,conditional_market_paths,1,0.0,0.0,0.0,current_legal_observation,coverage_gap_constant
market_plan.MELON.h12.quiet_holding_premium,conditional_market_paths,1,0.0,0.0,0.0,current_legal_observation,coverage_gap_constant
market_plan.MELON.h24.available,conditional_market_paths,2,0.0,1.0,0.9613259668508287,current_legal_observation,provisional_not_selected
market_plan.MELON.h24.known_demand,conditional_market_paths,2,0.0,1.0,0.9613259668508287,current_legal_observation,provisional_not_selected
market_plan.MELON.h24.demand_only_inventory,conditional_market_paths,48,0.0,10156.0,0.9613259668508287,current_legal_observation,provisional_not_selected
market_plan.MELON.h24.demand_only_price,conditional_market_paths,37,0.0,280.0,0.9613259668508287,current_legal_observation,provisional_not_selected
market_plan.MELON.h24.quiet_revenue,conditional_market_paths,1,0.0,0.0,0.0,current_legal_observation,coverage_gap_constant
market_plan.MELON.h24.rival_stress_revenue,conditional_market_paths,1,0.0,0.0,0.0,current_legal_observation,coverage_gap_constant
market_plan.MELON.h24.rival_penalty,conditional_market_paths,1,0.0,0.0,0.0,current_legal_observation,coverage_gap_constant
market_plan.MELON.h24.quiet_holding_premium,conditional_market_paths,1,0.0,0.0,0.0,current_legal_observation,coverage_gap_constant
market_plan.EGG.own_ready_units,post_decision_inventory,6,0.0,8.0,0.3140538674033149,current_legal_observation,provisional_not_selected
market_plan.EGG.rival_ready_units,post_decision_inventory,5,0.0,8.0,0.143646408839779,current_legal_observation,provisional_not_selected
market_plan.EGG.shed_units,post_decision_inventory,6,0.0,8.0,0.1051450276243094,current_legal_observation,provisional_not_selected
market_plan.EGG.carried_units,post_decision_inventory,6,0.0,8.0,0.5977209944751382,current_legal_observation,provisional_not_selected
market_plan.EGG.conditional_quantity,post_decision_inventory,10,0.0,12.0,0.8499654696132597,current_legal_observation,provisional_not_selected
market_plan.EGG.rival_earliest_delivery,post_decision_inventory,3,1.0,719.0,1.0,current_legal_observation,provisional_not_selected
market_plan.EGG.immediate_revenue,post_decision_inventory,297,0.0,609.0,0.8499654696132597,current_legal_observation,provisional_not_selected
market_plan.EGG.h4.available,conditional_market_paths,2,0.0,1.0,0.988950276243094,current_legal_observation,provisional_not_selected
market_plan.EGG.h4.known_demand,conditional_market_paths,7,0.0,6.0,0.6449412983425414,current_legal_observation,provisional_not_selected
market_plan.EGG.h4.demand_only_inventory,conditional_market_paths,425,0.0,10180.0,0.988950276243094,current_legal_observation,provisional_not_selected
market_plan.EGG.h4.demand_only_price,conditional_market_paths,36,0.0,75.0,0.988950276243094,current_legal_observation,provisional_not_selected
market_plan.EGG.h4.quiet_revenue,conditional_market_paths,298,0.0,611.0,0.8466850828729282,current_legal_observation,provisional_not_selected
market_plan.EGG.h4.rival_stress_revenue,conditional_market_paths,299,0.0,609.0,0.8466850828729282,current_legal_observation,provisional_not_selected
market_plan.EGG.h4.rival_penalty,conditional_market_paths,11,0.0,11.0,0.07475828729281768,current_legal_observation,provisional_not_selected
market_plan.EGG.h4.quiet_holding_premium,conditional_market_paths,13,0.0,12.0,0.2512085635359116,current_legal_observation,provisional_not_selected
market_plan.EGG.h12.available,conditional_market_paths,2,0.0,1.0,0.9779005524861878,current_legal_observation,provisional_not_selected
market_plan.EGG.h12.known_demand,conditional_market_paths,12,0.0,16.0,0.771667817679558,current_legal_observation,provisional_not_selected
market_plan.EGG.h12.demand_only_inventory,conditional_market_paths,432,0.0,10176.0,0.9779005524861878,current_legal_observation,provisional_not_selected
market_plan.EGG.h12.demand_only_price,conditional_market_paths,36,0.0,75.0,0.9779005524861878,current_legal_observation,provisional_not_selected
market_plan.EGG.h12.quiet_revenue,conditional_market_paths,289,0.0,612.0,0.8408149171270718,current_legal_observation,provisional_not_selected
market_plan.EGG.h12.rival_stress_revenue,conditional_market_paths,290,0.0,609.0,0.8408149171270718,current_legal_observation,provisional_not_selected
market_plan.EGG.h12.rival_penalty,conditional_market_paths,16,0.0,24.0,0.07147790055248619,current_legal_observation,provisional_not_selected
market_plan.EGG.h12.quiet_holding_premium,conditional_market_paths,19,0.0,21.0,0.41203383977900554,current_legal_observation,provisional_not_selected
market_plan.EGG.h24.available,conditional_market_paths,2,0.0,1.0,0.9613259668508287,current_legal_observation,provisional_not_selected
market_plan.EGG.h24.known_demand,conditional_market_paths,7,0.0,31.0,0.9613259668508287,current_legal_observation,provisional_not_selected
market_plan.EGG.h24.demand_only_inventory,conditional_market_paths,421,0.0,10168.0,0.9613259668508287,current_legal_observation,provisional_not_selected
market_plan.EGG.h24.demand_only_price,conditional_market_paths,38,0.0,77.0,0.9613259668508287,current_legal_observation,provisional_not_selected
market_plan.EGG.h24.quiet_revenue,conditional_market_paths,299,0.0,612.0,0.8242403314917127,current_legal_observation,provisional_not_selected
market_plan.EGG.h24.rival_stress_revenue,conditional_market_paths,300,0.0,612.0,0.8242403314917127,current_legal_observation,provisional_not_selected
market_plan.EGG.h24.rival_penalty,conditional_market_paths,16,0.0,24.0,0.06560773480662983,current_legal_observation,provisional_not_selected
market_plan.EGG.h24.quiet_holding_premium,conditional_market_paths,29,0.0,32.0,0.5704419889502762,current_legal_observation,provisional_not_selected
market_plan.MILK.own_ready_units,post_decision_inventory,8,0.0,12.0,0.1388121546961326,current_legal_observation,provisional_not_selected
market_plan.MILK.rival_ready_units,post_decision_inventory,5,0.0,12.0,0.0649171270718232,current_legal_observation,provisional_not_selected
market_plan.MILK.shed_units,post_decision_inventory,6,0.0,12.0,0.03228591160220994,current_legal_observation,provisional_not_selected
market_plan.MILK.carried_units,post_decision_inventory,8,0.0,12.0,0.23532458563535913,current_legal_observation,provisional_not_selected
market_plan.MILK.conditional_quantity,post_decision_inventory,8,0.0,12.0,0.3886395027624309,current_legal_observation,provisional_not_selected
market_plan.MILK.rival_earliest_delivery,post_decision_inventory,3,2.0,719.0,1.0,current_legal_observation,provisional_not_selected
market_plan.MILK.immediate_revenue,post_decision_inventory,728,0.0,2710.0,0.3886395027624309,current_legal_observation,provisional_not_selected
market_plan.MILK.h4.available,conditional_market_paths,2,0.0,1.0,0.988950276243094,current_legal_observation,provisional_not_selected
market_plan.MILK.h4.known_demand,conditional_market_paths,7,0.0,6.0,0.8076657458563536,current_legal_observation,provisional_not_selected
market_plan.MILK.h4.demand_only_inventory,conditional_market_paths,476,0.0,10026.0,0.988950276243094,current_legal_observation,provisional_not_selected
market_plan.MILK.h4.demand_only_price,conditional_market_paths,212,0.0,363.0,0.988950276243094,current_legal_observation,provisional_not_selected
market_plan.MILK.h4.quiet_revenue,conditional_market_paths,715,0.0,2738.0,0.3886395027624309,current_legal_observation,provisional_not_selected
market_plan.MILK.h4.rival_stress_revenue,conditional_market_paths,719,0.0,2738.0,0.3886395027624309,current_legal_observation,provisional_not_selected
market_plan.MILK.h4.rival_penalty,conditional_market_paths,68,0.0,374.0,0.0649171270718232,current_legal_observation,provisional_not_selected
market_plan.MILK.h4.quiet_holding_premium,conditional_market_paths,46,0.0,83.0,0.3696477900552486,current_legal_observation,provisional_not_selected
market_plan.MILK.h12.available,conditional_market_paths,2,0.0,1.0,0.9779005524861878,current_legal_observation,provisional_not_selected
market_plan.MILK.h12.known_demand,conditional_market_paths,12,0.0,16.0,0.8691298342541437,current_legal_observation,provisional_not_selected
market_plan.MILK.h12.demand_only_inventory,conditional_market_paths,477,0.0,10024.0,0.9779005524861878,current_legal_observation,provisional_not_selected
market_plan.MILK.h12.demand_only_price,conditional_market_paths,210,0.0,363.0,0.9779005524861878,current_legal_observation,provisional_not_selected
market_plan.MILK.h12.quiet_revenue,conditional_market_paths,726,0.0,2777.0,0.3886395027624309,current_legal_observation,provisional_not_selected
market_plan.MILK.h12.rival_stress_revenue,conditional_market_paths,731,0.0,2777.0,0.3886395027624309,current_legal_observation,provisional_not_selected
market_plan.MILK.h12.rival_penalty,conditional_market_paths,73,0.0,374.0,0.0649171270718232,current_legal_observation,provisional_not_selected
market_plan.MILK.h12.quiet_holding_premium,conditional_market_paths,89,0.0,171.0,0.37724447513812154,current_legal_observation,provisional_not_selected
market_plan.MILK.h24.available,conditional_market_paths,2,0.0,1.0,0.9613259668508287,current_legal_observation,provisional_not_selected
market_plan.MILK.h24.known_demand,conditional_market_paths,7,0.0,31.0,0.9613259668508287,current_legal_observation,provisional_not_selected
market_plan.MILK.h24.demand_only_inventory,conditional_market_paths,476,0.0,10023.0,0.9613259668508287,current_legal_observation,provisional_not_selected
market_plan.MILK.h24.demand_only_price,conditional_market_paths,208,0.0,364.0,0.9613259668508287,current_legal_observation,provisional_not_selected
market_plan.MILK.h24.quiet_revenue,conditional_market_paths,726,0.0,2832.0,0.387603591160221,current_legal_observation,provisional_not_selected
market_plan.MILK.h24.rival_stress_revenue,conditional_market_paths,738,0.0,2832.0,0.387603591160221,current_legal_observation,provisional_not_selected
market_plan.MILK.h24.rival_penalty,conditional_market_paths,73,0.0,380.0,0.0649171270718232,current_legal_observation,provisional_not_selected
market_plan.MILK.h24.quiet_holding_premium,conditional_market_paths,130,0.0,243.0,0.387603591160221,current_legal_observation,provisional_not_selected
market_plan.WOOL.own_ready_units,post_decision_inventory,7,0.0,6.0,0.20217541436464087,current_legal_observation,provisional_not_selected
market_plan.WOOL.rival_ready_units,post_decision_inventory,3,0.0,6.0,0.10445441988950276,current_legal_observation,provisional_not_selected
market_plan.WOOL.shed_units,post_decision_inventory,6,0.0,6.0,0.0393646408839779,current_legal_observation,provisional_not_selected
market_plan.WOOL.carried_units,post_decision_inventory,7,0.0,6.0,0.2581146408839779,current_legal_observation,provisional_not_selected
market_plan.WOOL.conditional_quantity,post_decision_inventory,11,0.0,10.0,0.47928176795580113,current_legal_observation,provisional_not_selected
market_plan.WOOL.rival_earliest_delivery,post_decision_inventory,5,2.0,719.0,1.0,current_legal_observation,provisional_not_selected
market_plan.WOOL.immediate_revenue,post_decision_inventory,375,0.0,2381.0,0.47928176795580113,current_legal_observation,provisional_not_selected
market_plan.WOOL.h4.available,conditional_market_paths,2,0.0,1.0,0.988950276243094,current_legal_observation,provisional_not_selected
market_plan.WOOL.h4.known_demand,conditional_market_paths,8,0.0,7.0,0.48929558011049723,current_legal_observation,provisional_not_selected
market_plan.WOOL.h4.demand_only_inventory,conditional_market_paths,509,0.0,10059.0,0.988950276243094,current_legal_observation,provisional_not_selected
market_plan.WOOL.h4.demand_only_price,conditional_market_paths,100,0.0,255.0,0.988950276243094,current_legal_observation,provisional_not_selected
market_plan.WOOL.h4.quiet_revenue,conditional_market_paths,374,0.0,2384.0,0.47928176795580113,current_legal_observation,provisional_not_selected
market_plan.WOOL.h4.rival_stress_revenue,conditional_market_paths,378,0.0,2384.0,0.47928176795580113,current_legal_observation,provisional_not_selected
market_plan.WOOL.h4.rival_penalty,conditional_market_paths,49,0.0,173.0,0.053349447513812154,current_legal_observation,provisional_not_selected
market_plan.WOOL.h4.quiet_holding_premium,conditional_market_paths,36,0.0,48.0,0.1538328729281768,current_legal_observation,provisional_not_selected
market_plan.WOOL.h12.available,conditional_market_paths,2,0.0,1.0,0.9779005524861878,current_legal_observation,provisional_not_selected
market_plan.WOOL.h12.known_demand,conditional_market_paths,8,0.0,19.0,0.6792127071823204,current_legal_observation,provisional_not_selected
market_plan.WOOL.h12.demand_only_inventory,conditional_market_paths,511,0.0,10059.0,0.9779005524861878,current_legal_observation,provisional_not_selected
market_plan.WOOL.h12.demand_only_price,conditional_market_paths,98,0.0,255.0,0.9779005524861878,current_legal_observation,provisional_not_selected
market_plan.WOOL.h12.quiet_revenue,conditional_market_paths,380,0.0,2388.0,0.4784185082872928,current_legal_observation,provisional_not_selected
market_plan.WOOL.h12.rival_stress_revenue,conditional_market_paths,395,0.0,2388.0,0.4784185082872928,current_legal_observation,provisional_not_selected
market_plan.WOOL.h12.rival_penalty,conditional_market_paths,62,0.0,196.0,0.06388121546961326,current_legal_observation,provisional_not_selected
market_plan.WOOL.h12.quiet_holding_premium,conditional_market_paths,48,0.0,88.0,0.27952348066298344,current_legal_observation,provisional_not_selected
market_plan.WOOL.h24.available,conditional_market_paths,2,0.0,1.0,0.9613259668508287,current_legal_observation,provisional_not_selected
market_plan.WOOL.h24.known_demand,conditional_market_paths,5,0.0,37.0,0.9613259668508287,current_legal_observation,provisional_not_selected
market_plan.WOOL.h24.demand_only_inventory,conditional_market_paths,507,0.0,10058.0,0.9613259668508287,current_legal_observation,provisional_not_selected
market_plan.WOOL.h24.demand_only_price,conditional_market_paths,97,0.0,255.0,0.9613259668508287,current_legal_observation,provisional_not_selected
market_plan.WOOL.h24.quiet_revenue,conditional_market_paths,372,0.0,2393.0,0.4703038674033149,current_legal_observation,provisional_not_selected
market_plan.WOOL.h24.rival_stress_revenue,conditional_market_paths,380,0.0,2393.0,0.4703038674033149,current_legal_observation,provisional_not_selected
market_plan.WOOL.h24.rival_penalty,conditional_market_paths,65,0.0,196.0,0.06319060773480663,current_legal_observation,provisional_not_selected
market_plan.WOOL.h24.quiet_holding_premium,conditional_market_paths,55,0.0,129.0,0.444060773480663,current_legal_observation,provisional_not_selected
market_plan.FERTILIZER.own_ready_units,post_decision_inventory,1,0.0,0.0,0.0,current_legal_observation,coverage_gap_constant
market_plan.FERTILIZER.rival_ready_units,post_decision_inventory,1,0.0,0.0,0.0,current_legal_observation,coverage_gap_constant
market_plan.FERTILIZER.shed_units,post_decision_inventory,8,0.0,7.0,0.18042127071823205,current_legal_observation,provisional_not_selected
market_plan.FERTILIZER.carried_units,post_decision_inventory,8,0.0,7.0,0.62603591160221,current_legal_observation,provisional_not_selected
market_plan.FERTILIZER.conditional_quantity,post_decision_inventory,8,0.0,7.0,0.786774861878453,current_legal_observation,provisional_not_selected
market_plan.FERTILIZER.rival_earliest_delivery,post_decision_inventory,1,719.0,719.0,1.0,current_legal_observation,coverage_gap_constant
market_plan.FERTILIZER.immediate_revenue,post_decision_inventory,474,0.0,646.0,0.786774861878453,current_legal_observation,provisional_not_selected
market_plan.FERTILIZER.h4.available,conditional_market_paths,2,0.0,1.0,0.988950276243094,current_legal_observation,provisional_not_selected
market_plan.FERTILIZER.h4.known_demand,conditional_market_paths,1,0.0,0.0,0.0,current_legal_observation,coverage_gap_constant
market_plan.FERTILIZER.h4.demand_only_inventory,conditional_market_paths,328,0.0,10334.0,0.988950276243094,current_legal_observation,provisional_not_selected
market_plan.FERTILIZER.h4.demand_only_price,conditional_market_paths,69,0.0,100.0,0.988950276243094,current_legal_observation,provisional_not_selected
market_plan.FERTILIZER.h4.quiet_revenue,conditional_market_paths,473,0.0,646.0,0.7781422651933702,current_legal_observation,provisional_not_selected
market_plan.FERTILIZER.h4.rival_stress_revenue,conditional_market_paths,473,0.0,646.0,0.7781422651933702,current_legal_observation,provisional_not_selected
market_plan.FERTILIZER.h4.rival_penalty,conditional_market_paths,1,0.0,0.0,0.0,current_legal_observation,coverage_gap_constant
market_plan.FERTILIZER.h4.quiet_holding_premium,conditional_market_paths,1,0.0,0.0,0.0,current_legal_observation,coverage_gap_constant
market_plan.FERTILIZER.h12.available,conditional_market_paths,2,0.0,1.0,0.9779005524861878,current_legal_observation,provisional_not_selected
market_plan.FERTILIZER.h12.known_demand,conditional_market_paths,1,0.0,0.0,0.0,current_legal_observation,coverage_gap_constant
market_plan.FERTILIZER.h12.demand_only_inventory,conditional_market_paths,326,0.0,10332.0,0.9779005524861878,current_legal_observation,provisional_not_selected
market_plan.FERTILIZER.h12.demand_only_price,conditional_market_paths,68,0.0,100.0,0.9779005524861878,current_legal_observation,provisional_not_selected
market_plan.FERTILIZER.h12.quiet_revenue,conditional_market_paths,472,0.0,646.0,0.7684737569060773,current_legal_observation,provisional_not_selected
market_plan.FERTILIZER.h12.rival_stress_revenue,conditional_market_paths,472,0.0,646.0,0.7684737569060773,current_legal_observation,provisional_not_selected
market_plan.FERTILIZER.h12.rival_penalty,conditional_market_paths,1,0.0,0.0,0.0,current_legal_observation,coverage_gap_constant
market_plan.FERTILIZER.h12.quiet_holding_premium,conditional_market_paths,1,0.0,0.0,0.0,current_legal_observation,coverage_gap_constant
market_plan.FERTILIZER.h24.available,conditional_market_paths,2,0.0,1.0,0.9613259668508287,current_legal_observation,provisional_not_selected
market_plan.FERTILIZER.h24.known_demand,conditional_market_paths,1,0.0,0.0,0.0,current_legal_observation,coverage_gap_constant
market_plan.FERTILIZER.h24.demand_only_inventory,conditional_market_paths,313,0.0,10321.0,0.9613259668508287,current_legal_observation,provisional_not_selected
market_plan.FERTILIZER.h24.demand_only_price,conditional_market_paths,66,0.0,100.0,0.9613259668508287,current_legal_observation,provisional_not_selected
market_plan.FERTILIZER.h24.quiet_revenue,conditional_market_paths,468,0.0,646.0,0.7582872928176796,current_legal_observation,provisional_not_selected
market_plan.FERTILIZER.h24.rival_stress_revenue,conditional_market_paths,468,0.0,646.0,0.7582872928176796,current_legal_observation,provisional_not_selected
market_plan.FERTILIZER.h24.rival_penalty,conditional_market_paths,1,0.0,0.0,0.0,current_legal_observation,coverage_gap_constant
market_plan.FERTILIZER.h24.quiet_holding_premium,conditional_market_paths,1,0.0,0.0,0.0,current_legal_observation,coverage_gap_constant
market_worker.0.present,delivery_opportunity_cost,1,1.0,1.0,1.0,current_legal_observation,coverage_gap_constant
market_worker.0.carried_units,delivery_opportunity_cost,18,0.0,17.0,0.7904005524861878,current_legal_observation,provisional_not_selected
market_worker.0.delivery_actions,delivery_opportunity_cost,8,1.0,8.0,1.0,current_legal_observation,provisional_not_selected
market_worker.0.delivery_slack,delivery_opportunity_cost,26,-4.0,23.0,0.9545925414364641,current_legal_observation,provisional_not_selected
market_worker.0.liquidation_revenue,delivery_opportunity_cost,1091,0.0,1704.0,0.7890193370165746,current_legal_observation,provisional_not_selected
market_worker.0.quiet_night_revenue,delivery_opportunity_cost,984,0.0,1710.0,0.7703729281767956,current_legal_observation,provisional_not_selected
market_worker.0.rival_stress_night_revenue,delivery_opportunity_cost,992,0.0,1710.0,0.7703729281767956,current_legal_observation,provisional_not_selected
market_worker.0.night_sale_available,delivery_opportunity_cost,2,0.0,1.0,0.9613259668508287,current_legal_observation,provisional_not_selected
market_worker.0.overflow_after_sell_all,delivery_opportunity_cost,1,0.0,0.0,0.0,current_legal_observation,coverage_gap_constant
market_worker.1.present,delivery_opportunity_cost,2,0.0,1.0,0.8342541436464088,current_legal_observation,provisional_not_selected
market_worker.1.carried_units,delivery_opportunity_cost,19,0.0,18.0,0.7834944751381215,current_legal_observation,provisional_not_selected
market_worker.1.delivery_actions,delivery_opportunity_cost,9,0.0,8.0,0.8342541436464088,current_legal_observation,provisional_not_selected
market_worker.1.delivery_slack,delivery_opportunity_cost,23,-5.0,19.0,0.792299723756906,current_legal_observation,provisional_not_selected
market_worker.1.liquidation_revenue,delivery_opportunity_cost,1189,0.0,2326.0,0.7765883977900553,current_legal_observation,provisional_not_selected
market_worker.1.quiet_night_revenue,delivery_opportunity_cost,1062,0.0,2326.0,0.7638121546961326,current_legal_observation,provisional_not_selected
market_worker.1.rival_stress_night_revenue,delivery_opportunity_cost,1074,0.0,2326.0,0.7638121546961326,current_legal_observation,provisional_not_selected
market_worker.1.night_sale_available,delivery_opportunity_cost,2,0.0,1.0,0.8011049723756906,current_legal_observation,provisional_not_selected
market_worker.1.overflow_after_sell_all,delivery_opportunity_cost,1,0.0,0.0,0.0,current_legal_observation,coverage_gap_constant
market_worker.2.present,delivery_opportunity_cost,2,0.0,1.0,0.8342541436464088,current_legal_observation,provisional_not_selected
market_worker.2.carried_units,delivery_opportunity_cost,19,0.0,19.0,0.7696823204419889,current_legal_observation,provisional_not_selected
market_worker.2.delivery_actions,delivery_opportunity_cost,8,0.0,7.0,0.8342541436464088,current_legal_observation,provisional_not_selected
market_worker.2.delivery_slack,delivery_opportunity_cost,23,-5.0,19.0,0.7978245856353591,current_legal_observation,provisional_not_selected
market_worker.2.liquidation_revenue,delivery_opportunity_cost,716,0.0,2060.0,0.7655386740331491,current_legal_observation,provisional_not_selected
market_worker.2.quiet_night_revenue,delivery_opportunity_cost,641,0.0,2070.0,0.7458563535911602,current_legal_observation,provisional_not_selected
market_worker.2.rival_stress_night_revenue,delivery_opportunity_cost,650,0.0,2070.0,0.7458563535911602,current_legal_observation,provisional_not_selected
market_worker.2.night_sale_available,delivery_opportunity_cost,2,0.0,1.0,0.8011049723756906,current_legal_observation,provisional_not_selected
market_worker.2.overflow_after_sell_all,delivery_opportunity_cost,1,0.0,0.0,0.0,current_legal_observation,coverage_gap_constant
market_worker.3.present,delivery_opportunity_cost,2,0.0,1.0,0.8342541436464088,current_legal_observation,provisional_not_selected
market_worker.3.carried_units,delivery_opportunity_cost,15,0.0,15.0,0.6253453038674033,current_legal_observation,provisional_not_selected
market_worker.3.delivery_actions,delivery_opportunity_cost,8,0.0,7.0,0.8342541436464088,current_legal_observation,provisional_not_selected
market_worker.3.delivery_slack,delivery_opportunity_cost,23,-5.0,19.0,0.7955801104972375,current_legal_observation,provisional_not_selected
market_worker.3.liquidation_revenue,delivery_opportunity_cost,666,0.0,1977.0,0.62396408839779,current_legal_observation,provisional_not_selected
market_worker.3.quiet_night_revenue,delivery_opportunity_cost,597,0.0,1984.0,0.6032458563535912,current_legal_observation,provisional_not_selected
market_worker.3.rival_stress_night_revenue,delivery_opportunity_cost,613,0.0,1984.0,0.6032458563535912,current_legal_observation,provisional_not_selected
market_worker.3.night_sale_available,delivery_opportunity_cost,2,0.0,1.0,0.8011049723756906,current_legal_observation,provisional_not_selected
market_worker.3.overflow_after_sell_all,delivery_opportunity_cost,1,0.0,0.0,0.0,current_legal_observation,coverage_gap_constant
market_history.WHEAT.last.available,causal_supply_bounds,2,0.0,1.0,0.994475138121547,current_and_past_legal_observations,provisional_not_selected
market_history.WHEAT.last.trade_net,causal_supply_bounds,15,-6.0,8.0,0.2512085635359116,current_and_past_legal_observations,provisional_not_selected
market_history.WHEAT.last.known_demand,causal_supply_bounds,1,0.0,0.0,0.0,current_and_past_legal_observations,coverage_gap_constant
market_history.WHEAT.last.quote_change,causal_supply_bounds,3,-1.0,1.0,0.02503453038674033,current_and_past_legal_observations,provisional_not_selected
market_history.WHEAT.last.sale_supported,causal_supply_bounds,1,0.0,0.0,0.0,current_and_past_legal_observations,coverage_gap_constant
market_history.WHEAT.last.sales_lower,causal_supply_bounds,1,0.0,0.0,0.0,current_and_past_legal_observations,coverage_gap_constant
market_history.WHEAT.last.sales_upper,causal_supply_bounds,1,0.0,0.0,0.0,current_and_past_legal_observations,coverage_gap_constant
market_history.WHEAT.last.sales_identified,causal_supply_bounds,1,0.0,0.0,0.0,current_and_past_legal_observations,coverage_gap_constant
market_history.WHEAT.last.floor_censored,causal_supply_bounds,1,0.0,0.0,0.0,current_and_past_legal_observations,coverage_gap_constant
market_history.WHEAT.last.harvest_upper,causal_supply_bounds,1,0.0,0.0,0.0,current_and_past_legal_observations,coverage_gap_constant
market_history.WHEAT.last.stock_upper,causal_supply_bounds,1,0.0,0.0,0.0,current_and_past_legal_observations,coverage_gap_constant
market_history.WHEAT.w4.observed,multiscale_market_history,2,0.0,4.0,0.994475138121547,current_and_past_legal_observations,provisional_not_selected
market_history.WHEAT.w4.trade_sum,multiscale_market_history,33,-12.0,46.0,0.56353591160221,current_and_past_legal_observations,provisional_not_selected
market_history.WHEAT.w4.trade_std,multiscale_market_history,67,0.0,21.07723890835799,0.5687154696132597,current_and_past_legal_observations,provisional_not_selected
market_history.WHEAT.w4.quote_change_sum,multiscale_market_history,4,-1.0,2.0,0.14960290055248618,current_and_past_legal_observations,provisional_not_selected
market_history.WHEAT.w4.sales_lower_sum,multiscale_market_history,1,0.0,0.0,0.0,current_and_past_legal_observations,coverage_gap_constant
market_history.WHEAT.w4.sales_upper_sum,multiscale_market_history,1,0.0,0.0,0.0,current_and_past_legal_observations,coverage_gap_constant
market_history.WHEAT.w4.harvest_upper_sum,multiscale_market_history,1,0.0,0.0,0.0,current_and_past_legal_observations,coverage_gap_constant
market_history.WHEAT.w4.identified_fraction,multiscale_market_history,1,0.0,0.0,0.0,current_and_past_legal_observations,coverage_gap_constant
market_history.WHEAT.w12.observed,multiscale_market_history,4,0.0,12.0,0.994475138121547,current_and_past_legal_observations,provisional_not_selected
market_history.WHEAT.w12.trade_sum,multiscale_market_history,60,-26.0,47.0,0.818542817679558,current_and_past_legal_observations,provisional_not_selected
market_history.WHEAT.w12.trade_std,multiscale_market_history,314,0.0,13.400611511751578,0.8905386740331491,current_and_past_legal_observations,provisional_not_selected
market_history.WHEAT.w12.quote_change_sum,multiscale_market_history,7,-1.0,5.0,0.36852555248618785,current_and_past_legal_observations,provisional_not_selected
market_history.WHEAT.w12.sales_lower_sum,multiscale_market_history,1,0.0,0.0,0.0,current_and_past_legal_observations,coverage_gap_constant
market_history.WHEAT.w12.sales_upper_sum,multiscale_market_history,1,0.0,0.0,0.0,current_and_past_legal_observations,coverage_gap_constant
market_history.WHEAT.w12.harvest_upper_sum,multiscale_market_history,1,0.0,0.0,0.0,current_and_past_legal_observations,coverage_gap_constant
market_history.WHEAT.w12.identified_fraction,multiscale_market_history,1,0.0,0.0,0.0,current_and_past_legal_observations,coverage_gap_constant
market_history.WHEAT.w24.observed,multiscale_market_history,7,0.0,24.0,0.994475138121547,current_and_past_legal_observations,provisional_not_selected
market_history.WHEAT.w24.trade_sum,multiscale_market_history,67,-30.0,49.0,0.9419889502762431,current_and_past_legal_observations,provisional_not_selected
market_history.WHEAT.w24.trade_std,multiscale_market_history,487,0.0,9.686402267554703,0.9917127071823204,current_and_past_legal_observations,provisional_not_selected
market_history.WHEAT.w24.quote_change_sum,multiscale_market_history,8,-1.0,6.0,0.6717023480662984,current_and_past_legal_observations,provisional_not_selected
market_history.WHEAT.w24.sales_lower_sum,multiscale_market_history,1,0.0,0.0,0.0,current_and_past_legal_observations,coverage_gap_constant
market_history.WHEAT.w24.sales_upper_sum,multiscale_market_history,1,0.0,0.0,0.0,current_and_past_legal_observations,coverage_gap_constant
market_history.WHEAT.w24.harvest_upper_sum,multiscale_market_history,1,0.0,0.0,0.0,current_and_past_legal_observations,coverage_gap_constant
market_history.WHEAT.w24.identified_fraction,multiscale_market_history,1,0.0,0.0,0.0,current_and_past_legal_observations,coverage_gap_constant
market_history.WHEAT.sale_seen,rival_sale_recency,1,0.0,0.0,0.0,current_and_past_legal_observations,coverage_gap_constant
market_history.WHEAT.sale_age,rival_sale_recency,1,0.0,0.0,0.0,current_and_past_legal_observations,coverage_gap_constant
market_history.CARROT.last.available,causal_supply_bounds,2,0.0,1.0,0.994475138121547,current_and_past_legal_observations,provisional_not_selected
market_history.CARROT.last.trade_net,causal_supply_bounds,5,0.0,6.0,0.0037120165745856354,current_and_past_legal_observations,provisional_not_selected
market_history.CARROT.last.known_demand,causal_supply_bounds,1,0.0,0.0,0.0,current_and_past_legal_observations,coverage_gap_constant
market_history.CARROT.last.quote_change,causal_supply_bounds,3,-2.0,0.0,0.0010359116022099447,current_and_past_legal_observations,provisional_not_selected
market_history.CARROT.last.sale_supported,causal_supply_bounds,1,1.0,1.0,1.0,current_and_past_legal_observations,coverage_gap_constant
market_history.CARROT.last.sales_lower,causal_supply_bounds,5,0.0,6.0,0.0037120165745856354,current_and_past_legal_observations,provisional_not_selected
market_history.CARROT.last.sales_upper,causal_supply_bounds,5,0.0,6.0,0.0037120165745856354,current_and_past_legal_observations,provisional_not_selected
market_history.CARROT.last.sales_identified,causal_supply_bounds,2,0.0,1.0,0.994475138121547,current_and_past_legal_observations,provisional_not_selected
market_history.CARROT.last.floor_censored,causal_supply_bounds,1,0.0,0.0,0.0,current_and_past_legal_observations,coverage_gap_constant
market_history.CARROT.last.harvest_upper,causal_supply_bounds,6,0.0,6.0,0.010272790055248619,current_and_past_legal_observations,provisional_not_selected
market_history.CARROT.last.stock_upper,causal_supply_bounds,19,0.0,33.0,0.03211325966850829,current_and_past_legal_observations,provisional_not_selected
market_history.CARROT.w4.observed,multiscale_market_history,2,0.0,4.0,0.994475138121547,current_and_past_legal_observations,provisional_not_selected
market_history.CARROT.w4.trade_sum,multiscale_market_history,20,0.0,33.0,0.015625,current_and_past_legal_observations,provisional_not_selected
market_history.CARROT.w4.trade_std,multiscale_market_history,24,0.0,14.289419162443238,0.015625,current_and_past_legal_observations,provisional_not_selected
market_history.CARROT.w4.quote_change_sum,multiscale_market_history,9,-5.0,4.0,0.16082527624309392,current_and_past_legal_observations,provisional_not_selected
market_history.CARROT.w4.sales_lower_sum,multiscale_market_history,20,0.0,33.0,0.015625,current_and_past_legal_observations,provisional_not_selected
market_history.CARROT.w4.sales_upper_sum,multiscale_market_history,20,0.0,33.0,0.015625,current_and_past_legal_observations,provisional_not_selected
market_history.CARROT.w4.harvest_upper_sum,multiscale_market_history,11,0.0,18.0,0.022876381215469612,current_and_past_legal_observations,provisional_not_selected
market_history.CARROT.w4.identified_fraction,multiscale_market_history,2,0.0,1.0,0.994475138121547,current_and_past_legal_observations,provisional_not_selected
market_history.CARROT.w12.observed,multiscale_market_history,4,0.0,12.0,0.994475138121547,current_and_past_legal_observations,provisional_not_selected
market_history.CARROT.w12.trade_sum,multiscale_market_history,25,0.0,33.0,0.02451657458563536,current_and_past_legal_observations,provisional_not_selected
market_history.CARROT.w12.trade_std,multiscale_market_history,52,0.0,9.12071817347735,0.02451657458563536,current_and_past_legal_observations,provisional_not_selected
market_history.CARROT.w12.quote_change_sum,multiscale_market_history,14,-3.0,10.0,0.3978763812154696,current_and_past_legal_observations,provisional_not_selected
market_history.CARROT.w12.sales_lower_sum,multiscale_market_history,25,0.0,33.0,0.02451657458563536,current_and_past_legal_observations,provisional_not_selected
market_history.CARROT.w12.sales_upper_sum,multiscale_market_history,25,0.0,33.0,0.02451657458563536,current_and_past_legal_observations,provisional_not_selected
market_history.CARROT.w12.harvest_upper_sum,multiscale_market_history,18,0.0,24.0,0.03470303867403315,current_and_past_legal_observations,provisional_not_selected
market_history.CARROT.w12.identified_fraction,multiscale_market_history,2,0.0,1.0,0.994475138121547,current_and_past_legal_observations,provisional_not_selected
market_history.CARROT.w24.observed,multiscale_market_history,7,0.0,24.0,0.994475138121547,current_and_past_legal_observations,provisional_not_selected
market_history.CARROT.w24.trade_sum,multiscale_market_history,28,0.0,33.0,0.03522099447513812,current_and_past_legal_observations,provisional_not_selected
market_history.CARROT.w24.trade_std,multiscale_market_history,70,0.0,6.5942683445549894,0.03522099447513812,current_and_past_legal_observations,provisional_not_selected
market_history.CARROT.w24.quote_change_sum,multiscale_market_history,19,-1.0,17.0,0.5719095303867403,current_and_past_legal_observations,provisional_not_selected
market_history.CARROT.w24.sales_lower_sum,multiscale_market_history,28,0.0,33.0,0.03522099447513812,current_and_past_legal_observations,provisional_not_selected
market_history.CARROT.w24.sales_upper_sum,multiscale_market_history,28,0.0,33.0,0.03522099447513812,current_and_past_legal_observations,provisional_not_selected
market_history.CARROT.w24.harvest_upper_sum,multiscale_market_history,31,0.0,42.0,0.03901933701657458,current_and_past_legal_observations,provisional_not_selected
market_history.CARROT.w24.identified_fraction,multiscale_market_history,2,0.0,1.0,0.994475138121547,current_and_past_legal_observations,provisional_not_selected
market_history.CARROT.sale_seen,rival_sale_recency,2,0.0,1.0,0.03522099447513812,current_and_past_legal_observations,provisional_not_selected
market_history.CARROT.sale_age,rival_sale_recency,14,0.0,24.0,0.03522099447513812,current_and_past_legal_observations,provisional_not_selected
market_history.TOMATO.last.available,causal_supply_bounds,2,0.0,1.0,0.994475138121547,current_and_past_legal_observations,provisional_not_selected
market_history.TOMATO.last.trade_net,causal_supply_bounds,5,0.0,4.0,0.010704419889502763,current_and_past_legal_observations,provisional_not_selected
market_history.TOMATO.last.known_demand,causal_supply_bounds,1,0.0,0.0,0.0,current_and_past_legal_observations,coverage_gap_constant
market_history.TOMATO.last.quote_change,causal_supply_bounds,6,-5.0,0.0,0.0032803867403314916,current_and_past_legal_observations,provisional_not_selected
market_history.TOMATO.last.sale_supported,causal_supply_bounds,1,1.0,1.0,1.0,current_and_past_legal_observations,coverage_gap_constant
market_history.TOMATO.last.sales_lower,causal_supply_bounds,2,0.0,1.0,0.003453038674033149,current_and_past_legal_observations,provisional_not_selected
market_history.TOMATO.last.sales_upper,causal_supply_bounds,2,0.0,1.0,0.003453038674033149,current_and_past_legal_observations,provisional_not_selected
market_history.TOMATO.last.sales_identified,causal_supply_bounds,2,0.0,1.0,0.994475138121547,current_and_past_legal_observations,provisional_not_selected
market_history.TOMATO.last.floor_censored,causal_supply_bounds,1,0.0,0.0,0.0,current_and_past_legal_observations,coverage_gap_constant
market_history.TOMATO.last.harvest_upper,causal_supply_bounds,3,0.0,2.0,0.011912983425414365,current_and_past_legal_observations,provisional_not_selected
market_history.TOMATO.last.stock_upper,causal_supply_bounds,4,0.0,3.0,0.07855662983425414,current_and_past_legal_observations,provisional_not_selected
market_history.TOMATO.w4.observed,multiscale_market_history,2,0.0,4.0,0.994475138121547,current_and_past_legal_observations,provisional_not_selected
market_history.TOMATO.w4.trade_sum,multiscale_market_history,10,0.0,9.0,0.0775207182320442,current_and_past_legal_observations,provisional_not_selected
market_history.TOMATO.w4.trade_std,multiscale_market_history,13,0.0,3.897114317029974,0.0775207182320442,current_and_past_legal_observations,provisional_not_selected
market_history.TOMATO.w4.quote_change_sum,multiscale_market_history,17,-7.0,9.0,0.19423342541436464,current_and_past_legal_observations,provisional_not_selected
market_history.TOMATO.w4.sales_lower_sum,multiscale_market_history,4,0.0,3.0,0.03280386740331492,current_and_past_legal_observations,provisional_not_selected
market_history.TOMATO.w4.sales_upper_sum,multiscale_market_history,4,0.0,3.0,0.03280386740331492,current_and_past_legal_observations,provisional_not_selected
market_history.TOMATO.w4.harvest_upper_sum,multiscale_market_history,3,0.0,2.0,0.04696132596685083,current_and_past_legal_observations,provisional_not_selected
market_history.TOMATO.w4.identified_fraction,multiscale_market_history,2,0.0,1.0,0.994475138121547,current_and_past_legal_observations,provisional_not_selected
market_history.TOMATO.w12.observed,multiscale_market_history,4,0.0,12.0,0.994475138121547,current_and_past_legal_observations,provisional_not_selected
market_history.TOMATO.w12.trade_sum,multiscale_market_history,10,0.0,9.0,0.21322513812154695,current_and_past_legal_observations,provisional_not_selected
market_history.TOMATO.w12.trade_std,multiscale_market_history,23,0.0,2.48746859276655,0.21322513812154695,current_and_past_legal_observations,provisional_not_selected
market_history.TOMATO.w12.quote_change_sum,multiscale_market_history,30,-7.0,22.0,0.4252417127071823,current_and_past_legal_observations,provisional_not_selected
market_history.TOMATO.w12.sales_lower_sum,multiscale_market_history,4,0.0,3.0,0.09737569060773481,current_and_past_legal_observations,provisional_not_selected
market_history.TOMATO.w12.sales_upper_sum,multiscale_market_history,4,0.0,3.0,0.09737569060773481,current_and_past_legal_observations,provisional_not_selected
market_history.TOMATO.w12.harvest_upper_sum,multiscale_market_history,4,0.0,3.0,0.11291436464088397,current_and_past_legal_observations,provisional_not_selected
market_history.TOMATO.w12.identified_fraction,multiscale_market_history,2,0.0,1.0,0.994475138121547,current_and_past_legal_observations,provisional_not_selected
market_history.TOMATO.w24.observed,multiscale_market_history,7,0.0,24.0,0.994475138121547,current_and_past_legal_observations,provisional_not_selected
market_history.TOMATO.w24.trade_sum,multiscale_market_history,10,0.0,9.0,0.4008977900552486,current_and_past_legal_observations,provisional_not_selected
market_history.TOMATO.w24.trade_std,multiscale_market_history,29,0.0,1.79843682124227,0.4008977900552486,current_and_past_legal_observations,provisional_not_selected
market_history.TOMATO.w24.quote_change_sum,multiscale_market_history,50,-7.0,42.0,0.6274171270718232,current_and_past_legal_observations,provisional_not_selected
market_history.TOMATO.w24.sales_lower_sum,multiscale_market_history,5,0.0,4.0,0.1907803867403315,current_and_past_legal_observations,provisional_not_selected
market_history.TOMATO.w24.sales_upper_sum,multiscale_market_history,5,0.0,4.0,0.1907803867403315,current_and_past_legal_observations,provisional_not_selected
market_history.TOMATO.w24.harvest_upper_sum,multiscale_market_history,4,0.0,3.0,0.1902624309392265,current_and_past_legal_observations,provisional_not_selected
market_history.TOMATO.w24.identified_fraction,multiscale_market_history,2,0.0,1.0,0.994475138121547,current_and_past_legal_observations,provisional_not_selected
market_history.TOMATO.sale_seen,rival_sale_recency,2,0.0,1.0,0.34806629834254144,current_and_past_legal_observations,provisional_not_selected
market_history.TOMATO.sale_age,rival_sale_recency,177,0.0,312.0,0.34806629834254144,current_and_past_legal_observations,provisional_not_selected
market_history.STRAWBERRY.last.available,causal_supply_bounds,2,0.0,1.0,0.994475138121547,current_and_past_legal_observations,provisional_not_selected
market_history.STRAWBERRY.last.trade_net,causal_supply_bounds,5,0.0,4.0,0.011395027624309393,current_and_past_legal_observations,provisional_not_selected
market_history.STRAWBERRY.last.known_demand,causal_supply_bounds,1,0.0,0.0,0.0,current_and_past_legal_observations,coverage_gap_constant
market_history.STRAWBERRY.last.quote_change,causal_supply_bounds,4,-3.0,0.0,0.006474447513812155,current_and_past_legal_observations,provisional_not_selected
market_history.STRAWBERRY.last.sale_supported,causal_supply_bounds,1,1.0,1.0,1.0,current_and_past_legal_observations,coverage_gap_constant
market_history.STRAWBERRY.last.sales_lower,causal_supply_bounds,3,0.0,4.0,0.004143646408839779,current_and_past_legal_observations,provisional_not_selected
market_history.STRAWBERRY.last.sales_upper,causal_supply_bounds,3,0.0,4.0,0.004143646408839779,current_and_past_legal_observations,provisional_not_selected
market_history.STRAWBERRY.last.sales_identified,causal_supply_bounds,2,0.0,1.0,0.994475138121547,current_and_past_legal_observations,provisional_not_selected
market_history.STRAWBERRY.last.floor_censored,causal_supply_bounds,1,0.0,0.0,0.0,current_and_past_legal_observations,coverage_gap_constant
market_history.STRAWBERRY.last.harvest_upper,causal_supply_bounds,8,0.0,8.0,0.017783149171270718,current_and_past_legal_observations,provisional_not_selected
market_history.STRAWBERRY.last.stock_upper,causal_supply_bounds,34,0.0,37.0,0.17541436464088397,current_and_past_legal_observations,provisional_not_selected
market_history.STRAWBERRY.w4.observed,multiscale_market_history,2,0.0,4.0,0.994475138121547,current_and_past_legal_observations,provisional_not_selected
market_history.STRAWBERRY.w4.trade_sum,multiscale_market_history,14,0.0,20.0,0.07147790055248619,current_and_past_legal_observations,provisional_not_selected
market_history.STRAWBERRY.w4.trade_std,multiscale_market_history,19,0.0,8.660254037844387,0.07147790055248619,current_and_past_legal_observations,provisional_not_selected
market_history.STRAWBERRY.w4.quote_change_sum,multiscale_market_history,13,-10.0,12.0,0.6691125690607734,current_and_past_legal_observations,provisional_not_selected
market_history.STRAWBERRY.w4.sales_lower_sum,multiscale_market_history,8,0.0,20.0,0.033667127071823205,current_and_past_legal_observations,provisional_not_selected
market_history.STRAWBERRY.w4.sales_upper_sum,multiscale_market_history,8,0.0,20.0,0.033667127071823205,current_and_past_legal_observations,provisional_not_selected
market_history.STRAWBERRY.w4.harvest_upper_sum,multiscale_market_history,9,0.0,12.0,0.047824585635359115,current_and_past_legal_observations,provisional_not_selected
market_history.STRAWBERRY.w4.identified_fraction,multiscale_market_history,2,0.0,1.0,0.994475138121547,current_and_past_legal_observations,provisional_not_selected
market_history.STRAWBERRY.w12.observed,multiscale_market_history,4,0.0,12.0,0.994475138121547,current_and_past_legal_observations,provisional_not_selected
market_history.STRAWBERRY.w12.trade_sum,multiscale_market_history,16,0.0,21.0,0.17981698895027623,current_and_past_legal_observations,provisional_not_selected
market_history.STRAWBERRY.w12.trade_std,multiscale_market_history,31,0.0,5.527707983925667,0.17981698895027623,current_and_past_legal_observations,provisional_not_selected
market_history.STRAWBERRY.w12.quote_change_sum,multiscale_market_history,19,-10.0,17.0,0.8411602209944752,current_and_past_legal_observations,provisional_not_selected
market_history.STRAWBERRY.w12.sales_lower_sum,multiscale_market_history,8,0.0,20.0,0.08900207182320442,current_and_past_legal_observations,provisional_not_selected
market_history.STRAWBERRY.w12.sales_upper_sum,multiscale_market_history,8,0.0,20.0,0.08900207182320442,current_and_past_legal_observations,provisional_not_selected
market_history.STRAWBERRY.w12.harvest_upper_sum,multiscale_market_history,12,0.0,20.0,0.1237914364640884,current_and_past_legal_observations,provisional_not_selected
market_history.STRAWBERRY.w12.identified_fraction,multiscale_market_history,2,0.0,1.0,0.994475138121547,current_and_past_legal_observations,provisional_not_selected
market_history.STRAWBERRY.w24.observed,multiscale_market_history,7,0.0,24.0,0.994475138121547,current_and_past_legal_observations,provisional_not_selected
market_history.STRAWBERRY.w24.trade_sum,multiscale_market_history,19,0.0,22.0,0.3194060773480663,current_and_past_legal_observations,provisional_not_selected
market_history.STRAWBERRY.w24.trade_std,multiscale_market_history,48,0.0,3.9928321193525447,0.3194060773480663,current_and_past_legal_observations,provisional_not_selected
market_history.STRAWBERRY.w24.quote_change_sum,multiscale_market_history,27,-10.0,22.0,0.9899861878453039,current_and_past_legal_observations,provisional_not_selected
market_history.STRAWBERRY.w24.sales_lower_sum,multiscale_market_history,9,0.0,20.0,0.1619475138121547,current_and_past_legal_observations,provisional_not_selected
market_history.STRAWBERRY.w24.sales_upper_sum,multiscale_market_history,9,0.0,20.0,0.1619475138121547,current_and_past_legal_observations,provisional_not_selected
market_history.STRAWBERRY.w24.harvest_upper_sum,multiscale_market_history,21,0.0,26.0,0.22548342541436464,current_and_past_legal_observations,provisional_not_selected
market_history.STRAWBERRY.w24.identified_fraction,multiscale_market_history,2,0.0,1.0,0.994475138121547,current_and_past_legal_observations,provisional_not_selected
market_history.STRAWBERRY.sale_seen,rival_sale_recency,2,0.0,1.0,0.3323549723756906,current_and_past_legal_observations,provisional_not_selected
market_history.STRAWBERRY.sale_age,rival_sale_recency,101,0.0,286.0,0.3323549723756906,current_and_past_legal_observations,provisional_not_selected
market_history.MELON.last.available,causal_supply_bounds,2,0.0,1.0,0.994475138121547,current_and_past_legal_observations,provisional_not_selected
market_history.MELON.last.trade_net,causal_supply_bounds,1,0.0,0.0,0.0,current_and_past_legal_observations,coverage_gap_constant
market_history.MELON.last.known_demand,causal_supply_bounds,1,0.0,0.0,0.0,current_and_past_legal_observations,coverage_gap_constant
market_history.MELON.last.quote_change,causal_supply_bounds,1,0.0,0.0,0.0,current_and_past_legal_observations,coverage_gap_constant
market_history.MELON.last.sale_supported,causal_supply_bounds,1,1.0,1.0,1.0,current_and_past_legal_observations,coverage_gap_constant
market_history.MELON.last.sales_lower,causal_supply_bounds,1,0.0,0.0,0.0,current_and_past_legal_observations,coverage_gap_constant
market_history.MELON.last.sales_upper,causal_supply_bounds,1,0.0,0.0,0.0,current_and_past_legal_observations,coverage_gap_constant
market_history.MELON.last.sales_identified,causal_supply_bounds,2,0.0,1.0,0.994475138121547,current_and_past_legal_observations,provisional_not_selected
market_history.MELON.last.floor_censored,causal_supply_bounds,1,0.0,0.0,0.0,current_and_past_legal_observations,coverage_gap_constant
market_history.MELON.last.harvest_upper,causal_supply_bounds,4,0.0,18.0,0.02227209944751381,current_and_past_legal_observations,provisional_not_selected
market_history.MELON.last.stock_upper,causal_supply_bounds,18,0.0,96.0,0.19613259668508287,current_and_past_legal_observations,provisional_not_selected
market_history.MELON.w4.observed,multiscale_market_history,2,0.0,4.0,0.994475138121547,current_and_past_legal_observations,provisional_not_selected
market_history.MELON.w4.trade_sum,multiscale_market_history,6,0.0,90.0,0.01156767955801105,current_and_past_legal_observations,provisional_not_selected
market_history.MELON.w4.trade_std,multiscale_market_history,6,0.0,38.97114317029974,0.01156767955801105,current_and_past_legal_observations,provisional_not_selected
market_history.MELON.w4.quote_change_sum,multiscale_market_history,10,-127.0,6.0,0.13259668508287292,current_and_past_legal_observations,provisional_not_selected
market_history.MELON.w4.sales_lower_sum,multiscale_market_history,6,0.0,90.0,0.01156767955801105,current_and_past_legal_observations,provisional_not_selected
market_history.MELON.w4.sales_upper_sum,multiscale_market_history,6,0.0,96.0,0.01156767955801105,current_and_past_legal_observations,provisional_not_selected
market_history.MELON.w4.harvest_upper_sum,multiscale_market_history,6,0.0,30.0,0.05006906077348066,current_and_past_legal_observations,provisional_not_selected
market_history.MELON.w4.identified_fraction,multiscale_market_history,3,0.0,1.0,0.994475138121547,current_and_past_legal_observations,provisional_not_selected
market_history.MELON.w12.observed,multiscale_market_history,4,0.0,12.0,0.994475138121547,current_and_past_legal_observations,provisional_not_selected
market_history.MELON.w12.trade_sum,multiscale_market_history,6,0.0,90.0,0.03470303867403315,current_and_past_legal_observations,provisional_not_selected
market_history.MELON.w12.trade_std,multiscale_market_history,6,0.0,24.8746859276655,0.03470303867403315,current_and_past_legal_observations,provisional_not_selected
market_history.MELON.w12.quote_change_sum,multiscale_market_history,10,-127.0,6.0,0.39779005524861877,current_and_past_legal_observations,provisional_not_selected
market_history.MELON.w12.sales_lower_sum,multiscale_market_history,6,0.0,90.0,0.03470303867403315,current_and_past_legal_observations,provisional_not_selected
market_history.MELON.w12.sales_upper_sum,multiscale_market_history,6,0.0,96.0,0.03470303867403315,current_and_past_legal_observations,provisional_not_selected
market_history.MELON.w12.harvest_upper_sum,multiscale_market_history,11,0.0,66.0,0.07320441988950276,current_and_past_legal_observations,provisional_not_selected
market_history.MELON.w12.identified_fraction,multiscale_market_history,3,0.0,1.0,0.994475138121547,current_and_past_legal_observations,provisional_not_selected
market_history.MELON.w24.observed,multiscale_market_history,7,0.0,24.0,0.994475138121547,current_and_past_legal_observations,provisional_not_selected
market_history.MELON.w24.trade_sum,multiscale_market_history,6,0.0,90.0,0.0694060773480663,current_and_past_legal_observations,provisional_not_selected
market_history.MELON.w24.trade_std,multiscale_market_history,6,0.0,17.984368212422698,0.0694060773480663,current_and_past_legal_observations,provisional_not_selected
market_history.MELON.w24.quote_change_sum,multiscale_market_history,10,-127.0,6.0,0.7955801104972375,current_and_past_legal_observations,provisional_not_selected
market_history.MELON.w24.sales_lower_sum,multiscale_market_history,6,0.0,90.0,0.0694060773480663,current_and_past_legal_observations,provisional_not_selected
market_history.MELON.w24.sales_upper_sum,multiscale_market_history,6,0.0,96.0,0.0694060773480663,current_and_past_legal_observations,provisional_not_selected
market_history.MELON.w24.harvest_upper_sum,multiscale_market_history,16,0.0,90.0,0.09409530386740332,current_and_past_legal_observations,provisional_not_selected
market_history.MELON.w24.identified_fraction,multiscale_market_history,3,0.0,1.0,0.994475138121547,current_and_past_legal_observations,provisional_not_selected
market_history.MELON.sale_seen,rival_sale_recency,2,0.0,1.0,0.3149171270718232,current_and_past_legal_observations,provisional_not_selected
market_history.MELON.sale_age,rival_sale_recency,57,0.0,216.0,0.3149171270718232,current_and_past_legal_observations,provisional_not_selected
market_history.EGG.last.available,causal_supply_bounds,2,0.0,1.0,0.994475138121547,current_and_past_legal_observations,provisional_not_selected
market_history.EGG.last.trade_net,causal_supply_bounds,7,0.0,8.0,0.0531767955801105,current_and_past_legal_observations,provisional_not_selected
market_history.EGG.last.known_demand,causal_supply_bounds,1,0.0,0.0,0.0,current_and_past_legal_observations,coverage_gap_constant
market_history.EGG.last.quote_change,causal_supply_bounds,4,-3.0,0.0,0.01018646408839779,current_and_past_legal_observations,provisional_not_selected
market_history.EGG.last.sale_supported,causal_supply_bounds,1,1.0,1.0,1.0,current_and_past_legal_observations,coverage_gap_constant
market_history.EGG.last.sales_lower,causal_supply_bounds,4,0.0,4.0,0.01847375690607735,current_and_past_legal_observations,provisional_not_selected
market_history.EGG.last.sales_upper,causal_supply_bounds,4,0.0,4.0,0.01847375690607735,current_and_past_legal_observations,provisional_not_selected
market_history.EGG.last.sales_identified,causal_supply_bounds,2,0.0,1.0,0.994475138121547,current_and_past_legal_observations,provisional_not_selected
market_history.EGG.last.floor_censored,causal_supply_bounds,1,0.0,0.0,0.0,current_and_past_legal_observations,coverage_gap_constant
market_history.EGG.last.harvest_upper,causal_supply_bounds,3,0.0,2.0,0.010704419889502763,current_and_past_legal_observations,provisional_not_selected
market_history.EGG.last.stock_upper,causal_supply_bounds,6,0.0,8.0,0.3340814917127072,current_and_past_legal_observations,provisional_not_selected
market_history.EGG.w4.observed,multiscale_market_history,2,0.0,4.0,0.994475138121547,current_and_past_legal_observations,provisional_not_selected
market_history.EGG.w4.trade_sum,multiscale_market_history,11,0.0,16.0,0.2657113259668508,current_and_past_legal_observations,provisional_not_selected
market_history.EGG.w4.trade_std,multiscale_market_history,19,0.0,6.928203230275509,0.2657113259668508,current_and_past_legal_observations,provisional_not_selected
market_history.EGG.w4.quote_change_sum,multiscale_market_history,7,-4.0,2.0,0.11231008287292818,current_and_past_legal_observations,provisional_not_selected
market_history.EGG.w4.sales_lower_sum,multiscale_market_history,7,0.0,8.0,0.11602209944751381,current_and_past_legal_observations,provisional_not_selected
market_history.EGG.w4.sales_upper_sum,multiscale_market_history,7,0.0,8.0,0.11602209944751381,current_and_past_legal_observations,provisional_not_selected
market_history.EGG.w4.harvest_upper_sum,multiscale_market_history,4,0.0,4.0,0.07734806629834254,current_and_past_legal_observations,provisional_not_selected
market_history.EGG.w4.identified_fraction,multiscale_market_history,2,0.0,1.0,0.994475138121547,current_and_past_legal_observations,provisional_not_selected
market_history.EGG.w12.observed,multiscale_market_history,4,0.0,12.0,0.994475138121547,current_and_past_legal_observations,provisional_not_selected
market_history.EGG.w12.trade_sum,multiscale_market_history,17,0.0,20.0,0.600828729281768,current_and_past_legal_observations,provisional_not_selected
market_history.EGG.w12.trade_std,multiscale_market_history,49,0.0,4.459696053419884,0.600828729281768,current_and_past_legal_observations,provisional_not_selected
market_history.EGG.w12.quote_change_sum,multiscale_market_history,10,-5.0,4.0,0.2319578729281768,current_and_past_legal_observations,provisional_not_selected
market_history.EGG.w12.sales_lower_sum,multiscale_market_history,8,0.0,10.0,0.2833218232044199,current_and_past_legal_observations,provisional_not_selected
market_history.EGG.w12.sales_upper_sum,multiscale_market_history,8,0.0,10.0,0.2833218232044199,current_and_past_legal_observations,provisional_not_selected
market_history.EGG.w12.harvest_upper_sum,multiscale_market_history,5,0.0,8.0,0.22099447513812154,current_and_past_legal_observations,provisional_not_selected
market_history.EGG.w12.identified_fraction,multiscale_market_history,2,0.0,1.0,0.994475138121547,current_and_past_legal_observations,provisional_not_selected
market_history.EGG.w24.observed,multiscale_market_history,7,0.0,24.0,0.994475138121547,current_and_past_legal_observations,provisional_not_selected
market_history.EGG.w24.trade_sum,multiscale_market_history,17,0.0,20.0,0.8266574585635359,current_and_past_legal_observations,provisional_not_selected
market_history.EGG.w24.trade_std,multiscale_market_history,75,0.0,3.261730965130154,0.8266574585635359,current_and_past_legal_observations,provisional_not_selected
market_history.EGG.w24.quote_change_sum,multiscale_market_history,10,-5.0,4.0,0.39088397790055246,current_and_past_legal_observations,provisional_not_selected
market_history.EGG.w24.sales_lower_sum,multiscale_market_history,9,0.0,10.0,0.4119475138121547,current_and_past_legal_observations,provisional_not_selected
market_history.EGG.w24.sales_upper_sum,multiscale_market_history,9,0.0,10.0,0.4119475138121547,current_and_past_legal_observations,provisional_not_selected
market_history.EGG.w24.harvest_upper_sum,multiscale_market_history,6,0.0,8.0,0.430939226519337,current_and_past_legal_observations,provisional_not_selected
market_history.EGG.w24.identified_fraction,multiscale_market_history,2,0.0,1.0,0.994475138121547,current_and_past_legal_observations,provisional_not_selected
market_history.EGG.sale_seen,rival_sale_recency,2,0.0,1.0,0.4143646408839779,current_and_past_legal_observations,provisional_not_selected
market_history.EGG.sale_age,rival_sale_recency,28,0.0,27.0,0.4143646408839779,current_and_past_legal_observations,provisional_not_selected
market_history.MILK.last.available,causal_supply_bounds,2,0.0,1.0,0.994475138121547,current_and_past_legal_observations,provisional_not_selected
market_history.MILK.last.trade_net,causal_supply_bounds,7,0.0,7.0,0.020200276243093923,current_and_past_legal_observations,provisional_not_selected
market_history.MILK.last.known_demand,causal_supply_bounds,1,0.0,0.0,0.0,current_and_past_legal_observations,coverage_gap_constant
market_history.MILK.last.quote_change,causal_supply_bounds,13,-21.0,0.0,0.01950966850828729,current_and_past_legal_observations,provisional_not_selected
market_history.MILK.last.sale_supported,causal_supply_bounds,1,1.0,1.0,1.0,current_and_past_legal_observations,coverage_gap_constant
market_history.MILK.last.sales_lower,causal_supply_bounds,3,0.0,3.0,0.005697513812154696,current_and_past_legal_observations,provisional_not_selected
market_history.MILK.last.sales_upper,causal_supply_bounds,3,0.0,3.0,0.005697513812154696,current_and_past_legal_observations,provisional_not_selected
market_history.MILK.last.sales_identified,causal_supply_bounds,2,0.0,1.0,0.994475138121547,current_and_past_legal_observations,provisional_not_selected
market_history.MILK.last.floor_censored,causal_supply_bounds,1,0.0,0.0,0.0,current_and_past_legal_observations,coverage_gap_constant
market_history.MILK.last.harvest_upper,causal_supply_bounds,4,0.0,6.0,0.026243093922651933,current_and_past_legal_observations,provisional_not_selected
market_history.MILK.last.stock_upper,causal_supply_bounds,5,0.0,12.0,0.13173342541436464,current_and_past_legal_observations,provisional_not_selected
market_history.MILK.w4.observed,multiscale_market_history,2,0.0,4.0,0.994475138121547,current_and_past_legal_observations,provisional_not_selected
market_history.MILK.w4.trade_sum,multiscale_market_history,13,0.0,24.0,0.1168853591160221,current_and_past_legal_observations,provisional_not_selected
market_history.MILK.w4.trade_std,multiscale_market_history,22,0.0,10.392304845413264,0.1168853591160221,current_and_past_legal_observations,provisional_not_selected
market_history.MILK.w4.quote_change_sum,multiscale_market_history,40,-55.0,17.0,0.724274861878453,current_and_past_legal_observations,provisional_not_selected
market_history.MILK.w4.sales_lower_sum,multiscale_market_history,6,0.0,12.0,0.04886049723756906,current_and_past_legal_observations,provisional_not_selected
market_history.MILK.w4.sales_upper_sum,multiscale_market_history,6,0.0,12.0,0.04886049723756906,current_and_past_legal_observations,provisional_not_selected
market_history.MILK.w4.harvest_upper_sum,multiscale_market_history,5,0.0,12.0,0.034530386740331494,current_and_past_legal_observations,provisional_not_selected
market_history.MILK.w4.identified_fraction,multiscale_market_history,2,0.0,1.0,0.994475138121547,current_and_past_legal_observations,provisional_not_selected
market_history.MILK.w12.observed,multiscale_market_history,4,0.0,12.0,0.994475138121547,current_and_past_legal_observations,provisional_not_selected
market_history.MILK.w12.trade_sum,multiscale_market_history,15,0.0,24.0,0.27624309392265195,current_and_past_legal_observations,provisional_not_selected
market_history.MILK.w12.trade_std,multiscale_market_history,37,0.0,6.6332495807108,0.27624309392265195,current_and_past_legal_observations,provisional_not_selected
market_history.MILK.w12.quote_change_sum,multiscale_market_history,54,-55.0,29.0,0.8523825966850829,current_and_past_legal_observations,provisional_not_selected
market_history.MILK.w12.sales_lower_sum,multiscale_market_history,6,0.0,12.0,0.12845303867403315,current_and_past_legal_observations,provisional_not_selected
market_history.MILK.w12.sales_upper_sum,multiscale_market_history,6,0.0,12.0,0.12845303867403315,current_and_past_legal_observations,provisional_not_selected
market_history.MILK.w12.harvest_upper_sum,multiscale_market_history,5,0.0,12.0,0.09530386740331492,current_and_past_legal_observations,provisional_not_selected
market_history.MILK.w12.identified_fraction,multiscale_market_history,2,0.0,1.0,0.994475138121547,current_and_past_legal_observations,provisional_not_selected
market_history.MILK.w24.observed,multiscale_market_history,7,0.0,24.0,0.994475138121547,current_and_past_legal_observations,provisional_not_selected
market_history.MILK.w24.trade_sum,multiscale_market_history,16,0.0,24.0,0.46167127071823205,current_and_past_legal_observations,provisional_not_selected
market_history.MILK.w24.trade_std,multiscale_market_history,42,0.0,4.795831523312719,0.46167127071823205,current_and_past_legal_observations,provisional_not_selected
market_history.MILK.w24.quote_change_sum,multiscale_market_history,63,-55.0,41.0,0.9815262430939227,current_and_past_legal_observations,provisional_not_selected
market_history.MILK.w24.sales_lower_sum,multiscale_market_history,6,0.0,12.0,0.22099447513812154,current_and_past_legal_observations,provisional_not_selected
market_history.MILK.w24.sales_upper_sum,multiscale_market_history,6,0.0,12.0,0.22099447513812154,current_and_past_legal_observations,provisional_not_selected
market_history.MILK.w24.harvest_upper_sum,multiscale_market_history,5,0.0,12.0,0.18646408839779005,current_and_past_legal_observations,provisional_not_selected
market_history.MILK.w24.identified_fraction,multiscale_market_history,2,0.0,1.0,0.994475138121547,current_and_past_legal_observations,provisional_not_selected
market_history.MILK.sale_seen,rival_sale_recency,2,0.0,1.0,0.34806629834254144,current_and_past_legal_observations,provisional_not_selected
market_history.MILK.sale_age,rival_sale_recency,51,0.0,52.0,0.34806629834254144,current_and_past_legal_observations,provisional_not_selected
market_history.WOOL.last.available,causal_supply_bounds,2,0.0,1.0,0.994475138121547,current_and_past_legal_observations,provisional_not_selected
market_history.WOOL.last.trade_net,causal_supply_bounds,9,0.0,12.0,0.01830110497237569,current_and_past_legal_observations,provisional_not_selected
market_history.WOOL.last.known_demand,causal_supply_bounds,1,0.0,0.0,0.0,current_and_past_legal_observations,coverage_gap_constant
market_history.WOOL.last.quote_change,causal_supply_bounds,17,-21.0,0.0,0.01225828729281768,current_and_past_legal_observations,provisional_not_selected
market_history.WOOL.last.sale_supported,causal_supply_bounds,1,1.0,1.0,1.0,current_and_past_legal_observations,coverage_gap_constant
market_history.WOOL.last.sales_lower,causal_supply_bounds,5,0.0,6.0,0.006733425414364641,current_and_past_legal_observations,provisional_not_selected
market_history.WOOL.last.sales_upper,causal_supply_bounds,17,0.0,24.0,0.021408839779005526,current_and_past_legal_observations,provisional_not_selected
market_history.WOOL.last.sales_identified,causal_supply_bounds,2,0.0,1.0,0.9789364640883977,current_and_past_legal_observations,provisional_not_selected
market_history.WOOL.last.floor_censored,causal_supply_bounds,2,0.0,1.0,0.01761049723756906,current_and_past_legal_observations,provisional_not_selected
market_history.WOOL.last.harvest_upper,causal_supply_bounds,2,0.0,4.0,0.003453038674033149,current_and_past_legal_observations,provisional_not_selected
market_history.WOOL.last.stock_upper,causal_supply_bounds,23,0.0,24.0,0.20200276243093923,current_and_past_legal_observations,provisional_not_selected
market_history.WOOL.w4.observed,multiscale_market_history,2,0.0,4.0,0.994475138121547,current_and_past_legal_observations,provisional_not_selected
market_history.WOOL.w4.trade_sum,multiscale_market_history,10,0.0,12.0,0.1042817679558011,current_and_past_legal_observations,provisional_not_selected
market_history.WOOL.w4.trade_std,multiscale_market_history,12,0.0,5.196152422706632,0.1042817679558011,current_and_past_legal_observations,provisional_not_selected
market_history.WOOL.w4.quote_change_sum,multiscale_market_history,41,-45.0,9.0,0.21616022099447513,current_and_past_legal_observations,provisional_not_selected
market_history.WOOL.w4.sales_lower_sum,multiscale_market_history,5,0.0,6.0,0.03539364640883978,current_and_past_legal_observations,provisional_not_selected
market_history.WOOL.w4.sales_upper_sum,multiscale_market_history,40,0.0,96.0,0.05714779005524862,current_and_past_legal_observations,provisional_not_selected
market_history.WOOL.w4.harvest_upper_sum,multiscale_market_history,3,0.0,6.0,0.04143646408839779,current_and_past_legal_observations,provisional_not_selected
market_history.WOOL.w4.identified_fraction,multiscale_market_history,5,0.0,1.0,0.981871546961326,current_and_past_legal_observations,provisional_not_selected
market_history.WOOL.w12.observed,multiscale_market_history,4,0.0,12.0,0.994475138121547,current_and_past_legal_observations,provisional_not_selected
market_history.WOOL.w12.trade_sum,multiscale_market_history,12,0.0,12.0,0.29609806629834257,current_and_past_legal_observations,provisional_not_selected
market_history.WOOL.w12.trade_std,multiscale_market_history,16,0.0,3.3166247903554,0.29609806629834257,current_and_past_legal_observations,provisional_not_selected
market_history.WOOL.w12.quote_change_sum,multiscale_market_history,50,-45.0,17.0,0.49620165745856354,current_and_past_legal_observations,provisional_not_selected
market_history.WOOL.w12.sales_lower_sum,multiscale_market_history,5,0.0,6.0,0.10618093922651933,current_and_past_legal_observations,provisional_not_selected
market_history.WOOL.w12.sales_upper_sum,multiscale_market_history,83,0.0,288.0,0.1400207182320442,current_and_past_legal_observations,provisional_not_selected
market_history.WOOL.w12.harvest_upper_sum,multiscale_market_history,3,0.0,6.0,0.12430939226519337,current_and_past_legal_observations,provisional_not_selected
market_history.WOOL.w12.identified_fraction,multiscale_market_history,12,0.0,1.0,0.9875690607734806,current_and_past_legal_observations,provisional_not_selected
market_history.WOOL.w24.observed,multiscale_market_history,7,0.0,24.0,0.994475138121547,current_and_past_legal_observations,provisional_not_selected
market_history.WOOL.w24.trade_sum,multiscale_market_history,18,0.0,20.0,0.5360842541436464,current_and_past_legal_observations,provisional_not_selected
market_history.WOOL.w24.trade_std,multiscale_market_history,33,0.0,2.823512391016236,0.5360842541436464,current_and_past_legal_observations,provisional_not_selected
market_history.WOOL.w24.quote_change_sum,multiscale_market_history,64,-46.0,22.0,0.831146408839779,current_and_past_legal_observations,provisional_not_selected
market_history.WOOL.w24.sales_lower_sum,multiscale_market_history,7,0.0,10.0,0.20511049723756905,current_and_past_legal_observations,provisional_not_selected
market_history.WOOL.w24.sales_upper_sum,multiscale_market_history,110,0.0,540.0,0.2541436464088398,current_and_past_legal_observations,provisional_not_selected
market_history.WOOL.w24.harvest_upper_sum,multiscale_market_history,4,0.0,8.0,0.24741022099447513,current_and_past_legal_observations,provisional_not_selected
market_history.WOOL.w24.identified_fraction,multiscale_market_history,20,0.0,1.0,0.992921270718232,current_and_past_legal_observations,provisional_not_selected
market_history.WOOL.sale_seen,rival_sale_recency,2,0.0,1.0,0.3839779005524862,current_and_past_legal_observations,provisional_not_selected
market_history.WOOL.sale_age,rival_sale_recency,142,0.0,238.0,0.3839779005524862,current_and_past_legal_observations,provisional_not_selected
market_history.FERTILIZER.last.available,causal_supply_bounds,2,0.0,1.0,0.994475138121547,current_and_past_legal_observations,provisional_not_selected
market_history.FERTILIZER.last.trade_net,causal_supply_bounds,10,0.0,10.0,0.10531767955801105,current_and_past_legal_observations,provisional_not_selected
market_history.FERTILIZER.last.known_demand,causal_supply_bounds,1,0.0,0.0,0.0,current_and_past_legal_observations,coverage_gap_constant
market_history.FERTILIZER.last.quote_change,causal_supply_bounds,3,-2.0,0.0,0.033667127071823205,current_and_past_legal_observations,provisional_not_selected
market_history.FERTILIZER.last.sale_supported,causal_supply_bounds,1,0.0,0.0,0.0,current_and_past_legal_observations,coverage_gap_constant
market_history.FERTILIZER.last.sales_lower,causal_supply_bounds,1,0.0,0.0,0.0,current_and_past_legal_observations,coverage_gap_constant
market_history.FERTILIZER.last.sales_upper,causal_supply_bounds,1,0.0,0.0,0.0,current_and_past_legal_observations,coverage_gap_constant
market_history.FERTILIZER.last.sales_identified,causal_supply_bounds,1,0.0,0.0,0.0,current_and_past_legal_observations,coverage_gap_constant
market_history.FERTILIZER.last.floor_censored,causal_supply_bounds,1,0.0,0.0,0.0,current_and_past_legal_observations,coverage_gap_constant
market_history.FERTILIZER.last.harvest_upper,causal_supply_bounds,1,0.0,0.0,0.0,current_and_past_legal_observations,coverage_gap_constant
market_history.FERTILIZER.last.stock_upper,causal_supply_bounds,1,0.0,0.0,0.0,current_and_past_legal_observations,coverage_gap_constant
market_history.FERTILIZER.w4.observed,multiscale_market_history,2,0.0,4.0,0.994475138121547,current_and_past_legal_observations,provisional_not_selected
market_history.FERTILIZER.w4.trade_sum,multiscale_market_history,13,0.0,12.0,0.4431975138121547,current_and_past_legal_observations,provisional_not_selected
market_history.FERTILIZER.w4.trade_std,multiscale_market_history,40,0.0,5.196152422706632,0.4431975138121547,current_and_past_legal_observations,provisional_not_selected
market_history.FERTILIZER.w4.quote_change_sum,multiscale_market_history,4,-3.0,0.0,0.23152624309392264,current_and_past_legal_observations,provisional_not_selected
market_history.FERTILIZER.w4.sales_lower_sum,multiscale_market_history,1,0.0,0.0,0.0,current_and_past_legal_observations,coverage_gap_constant
market_history.FERTILIZER.w4.sales_upper_sum,multiscale_market_history,1,0.0,0.0,0.0,current_and_past_legal_observations,coverage_gap_constant
market_history.FERTILIZER.w4.harvest_upper_sum,multiscale_market_history,1,0.0,0.0,0.0,current_and_past_legal_observations,coverage_gap_constant
market_history.FERTILIZER.w4.identified_fraction,multiscale_market_history,1,0.0,0.0,0.0,current_and_past_legal_observations,coverage_gap_constant
market_history.FERTILIZER.w12.observed,multiscale_market_history,4,0.0,12.0,0.994475138121547,current_and_past_legal_observations,provisional_not_selected
market_history.FERTILIZER.w12.trade_sum,multiscale_market_history,16,0.0,16.0,0.8223411602209945,current_and_past_legal_observations,provisional_not_selected
market_history.FERTILIZER.w12.trade_std,multiscale_market_history,135,0.0,3.3166247903554,0.8223411602209945,current_and_past_legal_observations,provisional_not_selected
market_history.FERTILIZER.w12.quote_change_sum,multiscale_market_history,4,-3.0,0.0,0.5975483425414365,current_and_past_legal_observations,provisional_not_selected
market_history.FERTILIZER.w12.sales_lower_sum,multiscale_market_history,1,0.0,0.0,0.0,current_and_past_legal_observations,coverage_gap_constant
market_history.FERTILIZER.w12.sales_upper_sum,multiscale_market_history,1,0.0,0.0,0.0,current_and_past_legal_observations,coverage_gap_constant
market_history.FERTILIZER.w12.harvest_upper_sum,multiscale_market_history,1,0.0,0.0,0.0,current_and_past_legal_observations,coverage_gap_constant
market_history.FERTILIZER.w12.identified_fraction,multiscale_market_history,1,0.0,0.0,0.0,current_and_past_legal_observations,coverage_gap_constant
market_history.FERTILIZER.w24.observed,multiscale_market_history,7,0.0,24.0,0.994475138121547,current_and_past_legal_observations,provisional_not_selected
market_history.FERTILIZER.w24.trade_sum,multiscale_market_history,24,0.0,24.0,0.9526933701657458,current_and_past_legal_observations,provisional_not_selected
market_history.FERTILIZER.w24.trade_std,multiscale_market_history,290,0.0,2.886751345948129,0.9526933701657458,current_and_past_legal_observations,provisional_not_selected
market_history.FERTILIZER.w24.quote_change_sum,multiscale_market_history,6,-5.0,0.0,0.9043508287292817,current_and_past_legal_observations,provisional_not_selected
market_history.FERTILIZER.w24.sales_lower_sum,multiscale_market_history,1,0.0,0.0,0.0,current_and_past_legal_observations,coverage_gap_constant
market_history.FERTILIZER.w24.sales_upper_sum,multiscale_market_history,1,0.0,0.0,0.0,current_and_past_legal_observations,coverage_gap_constant
market_history.FERTILIZER.w24.harvest_upper_sum,multiscale_market_history,1,0.0,0.0,0.0,current_and_past_legal_observations,coverage_gap_constant
market_history.FERTILIZER.w24.identified_fraction,multiscale_market_history,1,0.0,0.0,0.0,current_and_past_legal_observations,coverage_gap_constant
market_history.FERTILIZER.sale_seen,rival_sale_recency,1,0.0,0.0,0.0,current_and_past_legal_observations,coverage_gap_constant
market_history.FERTILIZER.sale_age,rival_sale_recency,1,0.0,0.0,0.0,current_and_past_legal_observations,coverage_gap_constant
livestock.own.COW.present,livestock_production_timing,3,0.0,2.0,0.988950276243094,current_legal_observation,provisional_not_selected
livestock.own.COW.feed_due,livestock_production_timing,3,0.0,2.0,0.42921270718232046,current_legal_observation,provisional_not_selected
livestock.own.COW.escape_without_feed,livestock_production_timing,3,0.0,2.0,0.052486187845303865,current_legal_observation,provisional_not_selected
livestock.own.COW.stored_units_at_escape_risk,livestock_production_timing,1,0.0,0.0,0.0,current_legal_observation,coverage_gap_constant
livestock.own.COW.replacement_coins_at_escape_risk,livestock_production_timing,3,0.0,800.0,0.052486187845303865,current_legal_observation,provisional_not_selected
livestock.own.COW.production_next_refresh,livestock_production_timing,2,0.0,2.0,0.40331491712707185,current_legal_observation,provisional_not_selected
livestock.own.COW.next_production_actions,livestock_production_timing,48,2.0,719.0,1.0,current_legal_observation,provisional_not_selected
livestock.own.COW.care_conversion_actions,livestock_production_timing,42,28.0,719.0,1.0,current_legal_observation,provisional_not_selected
livestock.own.COW.care_conversion_before_terminal,livestock_production_timing,3,0.0,2.0,0.8839779005524862,current_legal_observation,provisional_not_selected
livestock.own.COW.care_bonus_with_collection,livestock_production_timing,3,0.0,2.0,0.5700966850828729,current_legal_observation,provisional_not_selected
livestock.own.COW.care_bonus_without_collection,livestock_production_timing,3,0.0,2.0,0.5590469613259669,current_legal_observation,provisional_not_selected
livestock.own.COW.care_bonus_current_quote_value,livestock_production_timing,327,0.0,690.0,0.5700966850828729,current_legal_observation,provisional_not_selected
livestock.own.COW.held_units,livestock_production_timing,8,0.0,12.0,0.1388121546961326,current_legal_observation,provisional_not_selected
livestock.own.COW.banked_care,livestock_production_timing,9,0.0,14.0,0.9226519337016574,current_legal_observation,provisional_not_selected
livestock.own.COW.care_bank_room,livestock_production_timing,7,0.0,10.0,0.9392265193370166,current_legal_observation,provisional_not_selected
livestock.own.COW.next_refresh_units_without_feed,livestock_production_timing,10,0.0,12.0,0.5227900552486188,current_legal_observation,provisional_not_selected
livestock.own.COW.next_refresh_units_with_feed,livestock_production_timing,8,0.0,12.0,0.5421270718232044,current_legal_observation,provisional_not_selected
livestock.own.COW.next_refresh_units_saved_by_feed,livestock_production_timing,8,0.0,10.0,0.13535911602209943,current_legal_observation,provisional_not_selected
livestock.own.COW.bonus_lost_on_unfed_production,livestock_production_timing,10,0.0,14.0,0.1298342541436464,current_legal_observation,provisional_not_selected
livestock.own.COW.next_production_overflow_without_collection,livestock_production_timing,2,0.0,4.0,0.008287292817679558,current_legal_observation,provisional_not_selected
livestock.own.COW.manure_available,livestock_production_timing,3,0.0,2.0,0.6866367403314917,current_legal_observation,provisional_not_selected
livestock.own.COW.uncollected_manure_slot_at_refresh,livestock_production_timing,3,0.0,2.0,0.6866367403314917,current_legal_observation,provisional_not_selected
livestock.own.COW.daily_feed_current_buy_cost,livestock_production_timing,32,0.0,110.0,0.988950276243094,current_legal_observation,provisional_not_selected
livestock.own.COW.worker_route_sum,livestock_service_routing,8,0.0,7.0,0.9259323204419889,current_legal_observation,provisional_not_selected
livestock.own.COW.worker_route_max,livestock_service_routing,5,0.0,4.0,0.9259323204419889,current_legal_observation,provisional_not_selected
livestock.own.COW.feed_route_deadline_failures,livestock_service_routing,1,0.0,0.0,0.0,current_legal_observation,coverage_gap_constant
livestock.own.GOOSE.present,livestock_production_timing,3,0.0,2.0,0.994475138121547,current_legal_observation,provisional_not_selected
livestock.own.GOOSE.feed_due,livestock_production_timing,3,0.0,2.0,0.375517955801105,current_legal_observation,provisional_not_selected
livestock.own.GOOSE.escape_without_feed,livestock_production_timing,3,0.0,2.0,0.007941988950276244,current_legal_observation,provisional_not_selected
livestock.own.GOOSE.stored_units_at_escape_risk,livestock_production_timing,2,0.0,1.0,0.0024171270718232043,current_legal_observation,provisional_not_selected
livestock.own.GOOSE.replacement_coins_at_escape_risk,livestock_production_timing,3,0.0,600.0,0.007941988950276244,current_legal_observation,provisional_not_selected
livestock.own.GOOSE.production_next_refresh,livestock_production_timing,2,0.0,2.0,0.9005524861878453,current_legal_observation,provisional_not_selected
livestock.own.GOOSE.next_production_actions,livestock_production_timing,25,2.0,719.0,1.0,current_legal_observation,provisional_not_selected
livestock.own.GOOSE.care_conversion_actions,livestock_production_timing,19,26.0,719.0,1.0,current_legal_observation,provisional_not_selected
livestock.own.GOOSE.care_conversion_before_terminal,livestock_production_timing,3,0.0,2.0,0.9226519337016574,current_legal_observation,provisional_not_selected
livestock.own.GOOSE.care_bonus_with_collection,livestock_production_timing,3,0.0,2.0,0.6234461325966851,current_legal_observation,provisional_not_selected
livestock.own.GOOSE.care_bonus_without_collection,livestock_production_timing,3,0.0,2.0,0.6193024861878453,current_legal_observation,provisional_not_selected
livestock.own.GOOSE.care_bonus_current_quote_value,livestock_production_timing,58,0.0,138.0,0.6234461325966851,current_legal_observation,provisional_not_selected
livestock.own.GOOSE.held_units,livestock_production_timing,6,0.0,8.0,0.3140538674033149,current_legal_observation,provisional_not_selected
livestock.own.GOOSE.banked_care,livestock_production_timing,5,0.0,6.0,0.9350828729281768,current_legal_observation,provisional_not_selected
livestock.own.GOOSE.care_bank_room,livestock_production_timing,5,0.0,6.0,0.994475138121547,current_legal_observation,provisional_not_selected
livestock.own.GOOSE.next_refresh_units_without_feed,livestock_production_timing,8,0.0,8.0,0.899171270718232,current_legal_observation,provisional_not_selected
livestock.own.GOOSE.next_refresh_units_with_feed,livestock_production_timing,8,0.0,8.0,0.9005524861878453,current_legal_observation,provisional_not_selected
livestock.own.GOOSE.next_refresh_units_saved_by_feed,livestock_production_timing,6,0.0,6.0,0.2941988950276243,current_legal_observation,provisional_not_selected
livestock.own.GOOSE.bonus_lost_on_unfed_production,livestock_production_timing,5,0.0,6.0,0.30196823204419887,current_legal_observation,provisional_not_selected
livestock.own.GOOSE.next_production_overflow_without_collection,livestock_production_timing,3,0.0,4.0,0.008287292817679558,current_legal_observation,provisional_not_selected
livestock.own.GOOSE.manure_available,livestock_production_timing,3,0.0,2.0,0.6127417127071824,current_legal_observation,provisional_not_selected
livestock.own.GOOSE.uncollected_manure_slot_at_refresh,livestock_production_timing,3,0.0,2.0,0.6127417127071824,current_legal_observation,provisional_not_selected
livestock.own.GOOSE.daily_feed_current_buy_cost,livestock_production_timing,32,0.0,110.0,0.994475138121547,current_legal_observation,provisional_not_selected
livestock.own.GOOSE.worker_route_sum,livestock_service_routing,8,0.0,7.0,0.8884668508287292,current_legal_observation,provisional_not_selected
livestock.own.GOOSE.worker_route_max,livestock_service_routing,5,0.0,4.0,0.8884668508287292,current_legal_observation,provisional_not_selected
livestock.own.GOOSE.feed_route_deadline_failures,livestock_service_routing,2,0.0,1.0,0.003453038674033149,current_legal_observation,provisional_not_selected
livestock.own.SHEEP.present,livestock_production_timing,3,0.0,2.0,0.988950276243094,current_legal_observation,provisional_not_selected
livestock.own.SHEEP.feed_due,livestock_production_timing,3,0.0,2.0,0.5711325966850829,current_legal_observation,provisional_not_selected
livestock.own.SHEEP.escape_without_feed,livestock_production_timing,3,0.0,2.0,0.06336325966850828,current_legal_observation,provisional_not_selected
livestock.own.SHEEP.stored_units_at_escape_risk,livestock_production_timing,2,0.0,1.0,0.0020718232044198894,current_legal_observation,provisional_not_selected
livestock.own.SHEEP.replacement_coins_at_escape_risk,livestock_production_timing,3,0.0,1000.0,0.06336325966850828,current_legal_observation,provisional_not_selected
livestock.own.SHEEP.production_next_refresh,livestock_production_timing,2,0.0,1.0,0.5441988950276243,current_legal_observation,provisional_not_selected
livestock.own.SHEEP.next_production_actions,livestock_production_timing,36,2.0,719.0,1.0,current_legal_observation,provisional_not_selected
livestock.own.SHEEP.care_conversion_actions,livestock_production_timing,31,26.0,719.0,1.0,current_legal_observation,provisional_not_selected
livestock.own.SHEEP.care_conversion_before_terminal,livestock_production_timing,3,0.0,2.0,0.8964088397790055,current_legal_observation,provisional_not_selected
livestock.own.SHEEP.care_bonus_with_collection,livestock_production_timing,3,0.0,2.0,0.6445096685082873,current_legal_observation,provisional_not_selected
livestock.own.SHEEP.care_bonus_without_collection,livestock_production_timing,3,0.0,2.0,0.6417472375690608,current_legal_observation,provisional_not_selected
livestock.own.SHEEP.care_bonus_current_quote_value,livestock_production_timing,172,0.0,504.0,0.6445096685082873,current_legal_observation,provisional_not_selected
livestock.own.SHEEP.held_units,livestock_production_timing,7,0.0,6.0,0.20217541436464087,current_legal_observation,provisional_not_selected
livestock.own.SHEEP.banked_care,livestock_production_timing,8,0.0,7.0,0.9112569060773481,current_legal_observation,provisional_not_selected
livestock.own.SHEEP.care_bank_room,livestock_production_timing,11,0.0,10.0,0.988950276243094,current_legal_observation,provisional_not_selected
livestock.own.SHEEP.next_refresh_units_without_feed,livestock_production_timing,10,0.0,10.0,0.6472720994475138,current_legal_observation,provisional_not_selected
livestock.own.SHEEP.next_refresh_units_with_feed,livestock_production_timing,11,0.0,10.0,0.6553867403314917,current_legal_observation,provisional_not_selected
livestock.own.SHEEP.next_refresh_units_saved_by_feed,livestock_production_timing,6,0.0,5.0,0.1895718232044199,current_legal_observation,provisional_not_selected
livestock.own.SHEEP.bonus_lost_on_unfed_production,livestock_production_timing,6,0.0,5.0,0.18594613259668508,current_legal_observation,provisional_not_selected
livestock.own.SHEEP.next_production_overflow_without_collection,livestock_production_timing,1,0.0,0.0,0.0,current_legal_observation,coverage_gap_constant
livestock.own.SHEEP.manure_available,livestock_production_timing,3,0.0,2.0,0.6274171270718232,current_legal_observation,provisional_not_selected
livestock.own.SHEEP.uncollected_manure_slot_at_refresh,livestock_production_timing,3,0.0,2.0,0.6274171270718232,current_legal_observation,provisional_not_selected
livestock.own.SHEEP.daily_feed_current_buy_cost,livestock_production_timing,35,0.0,110.0,0.988950276243094,current_legal_observation,provisional_not_selected
livestock.own.SHEEP.worker_route_sum,livestock_service_routing,8,0.0,7.0,0.9157458563535912,current_legal_observation,provisional_not_selected
livestock.own.SHEEP.worker_route_max,livestock_service_routing,5,0.0,4.0,0.9157458563535912,current_legal_observation,provisional_not_selected
livestock.own.SHEEP.feed_route_deadline_failures,livestock_service_routing,2,0.0,1.0,0.0013812154696132596,current_legal_observation,provisional_not_selected
livestock.opponent.COW.present,livestock_production_timing,3,0.0,2.0,0.494475138121547,current_legal_observation,provisional_not_selected
livestock.opponent.COW.feed_due,livestock_production_timing,3,0.0,2.0,0.16574585635359115,current_legal_observation,provisional_not_selected
livestock.opponent.COW.escape_without_feed,livestock_production_timing,1,0.0,0.0,0.0,current_legal_observation,coverage_gap_constant
livestock.opponent.COW.stored_units_at_escape_risk,livestock_production_timing,1,0.0,0.0,0.0,current_legal_observation,coverage_gap_constant
livestock.opponent.COW.replacement_coins_at_escape_risk,livestock_production_timing,1,0.0,0.0,0.0,current_legal_observation,coverage_gap_constant
livestock.opponent.COW.production_next_refresh,livestock_production_timing,2,0.0,2.0,0.20165745856353592,current_legal_observation,provisional_not_selected
livestock.opponent.COW.next_production_actions,livestock_production_timing,48,2.0,719.0,1.0,current_legal_observation,provisional_not_selected
livestock.opponent.COW.care_conversion_actions,livestock_production_timing,42,28.0,719.0,1.0,current_legal_observation,provisional_not_selected
livestock.opponent.COW.care_conversion_before_terminal,livestock_production_timing,3,0.0,2.0,0.4419889502762431,current_legal_observation,provisional_not_selected
livestock.opponent.COW.care_bonus_with_collection,livestock_production_timing,3,0.0,2.0,0.32579419889502764,current_legal_observation,provisional_not_selected
livestock.opponent.COW.care_bonus_without_collection,livestock_production_timing,3,0.0,2.0,0.32026933701657456,current_legal_observation,provisional_not_selected
livestock.opponent.COW.care_bonus_current_quote_value,livestock_production_timing,273,0.0,652.0,0.32579419889502764,current_legal_observation,provisional_not_selected
livestock.opponent.COW.held_units,livestock_production_timing,5,0.0,12.0,0.0649171270718232,current_legal_observation,provisional_not_selected
livestock.opponent.COW.banked_care,livestock_production_timing,10,0.0,14.0,0.48342541436464087,current_legal_observation,provisional_not_selected
livestock.opponent.COW.care_bank_room,livestock_production_timing,8,0.0,10.0,0.4613259668508287,current_legal_observation,provisional_not_selected
livestock.opponent.COW.next_refresh_units_without_feed,livestock_production_timing,8,0.0,12.0,0.26657458563535913,current_legal_observation,provisional_not_selected
livestock.opponent.COW.next_refresh_units_with_feed,livestock_production_timing,5,0.0,12.0,0.26657458563535913,current_legal_observation,provisional_not_selected
livestock.opponent.COW.next_refresh_units_saved_by_feed,livestock_production_timing,7,0.0,10.0,0.0718232044198895,current_legal_observation,provisional_not_selected
livestock.opponent.COW.bonus_lost_on_unfed_production,livestock_production_timing,7,0.0,14.0,0.0718232044198895,current_legal_observation,provisional_not_selected
livestock.opponent.COW.next_production_overflow_without_collection,livestock_production_timing,2,0.0,4.0,0.016574585635359115,current_legal_observation,provisional_not_selected
livestock.opponent.COW.manure_available,livestock_production_timing,3,0.0,2.0,0.35911602209944754,current_legal_observation,provisional_not_selected
livestock.opponent.COW.uncollected_manure_slot_at_refresh,livestock_production_timing,3,0.0,2.0,0.35911602209944754,current_legal_observation,provisional_not_selected
livestock.opponent.COW.daily_feed_current_buy_cost,livestock_production_timing,29,0.0,110.0,0.494475138121547,current_legal_observation,provisional_not_selected
livestock.opponent.COW.worker_route_sum,livestock_service_routing,7,0.0,7.0,0.45839088397790057,current_legal_observation,provisional_not_selected
livestock.opponent.COW.worker_route_max,livestock_service_routing,5,0.0,4.0,0.45839088397790057,current_legal_observation,provisional_not_selected
livestock.opponent.COW.feed_route_deadline_failures,livestock_service_routing,1,0.0,0.0,0.0,current_legal_observation,coverage_gap_constant
livestock.opponent.GOOSE.present,livestock_production_timing,3,0.0,2.0,0.4972375690607735,current_legal_observation,provisional_not_selected
livestock.opponent.GOOSE.feed_due,livestock_production_timing,3,0.0,2.0,0.16574585635359115,current_legal_observation,provisional_not_selected
livestock.opponent.GOOSE.escape_without_feed,livestock_production_timing,1,0.0,0.0,0.0,current_legal_observation,coverage_gap_constant
livestock.opponent.GOOSE.stored_units_at_escape_risk,livestock_production_timing,1,0.0,0.0,0.0,current_legal_observation,coverage_gap_constant
livestock.opponent.GOOSE.replacement_coins_at_escape_risk,livestock_production_timing,1,0.0,0.0,0.0,current_legal_observation,coverage_gap_constant
livestock.opponent.GOOSE.production_next_refresh,livestock_production_timing,2,0.0,2.0,0.45027624309392267,current_legal_observation,provisional_not_selected
livestock.opponent.GOOSE.next_production_actions,livestock_production_timing,25,2.0,719.0,1.0,current_legal_observation,provisional_not_selected
livestock.opponent.GOOSE.care_conversion_actions,livestock_production_timing,19,26.0,719.0,1.0,current_legal_observation,provisional_not_selected
livestock.opponent.GOOSE.care_conversion_before_terminal,livestock_production_timing,3,0.0,2.0,0.4613259668508287,current_legal_observation,provisional_not_selected
livestock.opponent.GOOSE.care_bonus_with_collection,livestock_production_timing,3,0.0,2.0,0.368957182320442,current_legal_observation,provisional_not_selected
livestock.opponent.GOOSE.care_bonus_without_collection,livestock_production_timing,3,0.0,2.0,0.3661947513812155,current_legal_observation,provisional_not_selected
livestock.opponent.GOOSE.care_bonus_current_quote_value,livestock_production_timing,58,0.0,138.0,0.368957182320442,current_legal_observation,provisional_not_selected
livestock.opponent.GOOSE.held_units,livestock_production_timing,5,0.0,8.0,0.143646408839779,current_legal_observation,provisional_not_selected
livestock.opponent.GOOSE.banked_care,livestock_production_timing,5,0.0,6.0,0.47099447513812154,current_legal_observation,provisional_not_selected
livestock.opponent.GOOSE.care_bank_room,livestock_production_timing,5,0.0,6.0,0.4972375690607735,current_legal_observation,provisional_not_selected
livestock.opponent.GOOSE.next_refresh_units_without_feed,livestock_production_timing,8,0.0,8.0,0.45027624309392267,current_legal_observation,provisional_not_selected
livestock.opponent.GOOSE.next_refresh_units_with_feed,livestock_production_timing,7,0.0,8.0,0.45027624309392267,current_legal_observation,provisional_not_selected
livestock.opponent.GOOSE.next_refresh_units_saved_by_feed,livestock_production_timing,5,0.0,6.0,0.13950276243093923,current_legal_observation,provisional_not_selected
livestock.opponent.GOOSE.bonus_lost_on_unfed_production,livestock_production_timing,5,0.0,6.0,0.14502762430939226,current_legal_observation,provisional_not_selected
livestock.opponent.GOOSE.next_production_overflow_without_collection,livestock_production_timing,3,0.0,4.0,0.0055248618784530384,current_legal_observation,provisional_not_selected
livestock.opponent.GOOSE.manure_available,livestock_production_timing,3,0.0,2.0,0.3138812154696133,current_legal_observation,provisional_not_selected
livestock.opponent.GOOSE.uncollected_manure_slot_at_refresh,livestock_production_timing,3,0.0,2.0,0.3138812154696133,current_legal_observation,provisional_not_selected
livestock.opponent.GOOSE.daily_feed_current_buy_cost,livestock_production_timing,29,0.0,110.0,0.4972375690607735,current_legal_observation,provisional_not_selected
livestock.opponent.GOOSE.worker_route_sum,livestock_service_routing,8,0.0,7.0,0.44388812154696133,current_legal_observation,provisional_not_selected
livestock.opponent.GOOSE.worker_route_max,livestock_service_routing,5,0.0,4.0,0.44388812154696133,current_legal_observation,provisional_not_selected
livestock.opponent.GOOSE.feed_route_deadline_failures,livestock_service_routing,1,0.0,0.0,0.0,current_legal_observation,coverage_gap_constant
livestock.opponent.SHEEP.present,livestock_production_timing,3,0.0,2.0,0.494475138121547,current_legal_observation,provisional_not_selected
livestock.opponent.SHEEP.feed_due,livestock_production_timing,3,0.0,2.0,0.23566988950276244,current_legal_observation,provisional_not_selected
livestock.opponent.SHEEP.escape_without_feed,livestock_production_timing,1,0.0,0.0,0.0,current_legal_observation,coverage_gap_constant
livestock.opponent.SHEEP.stored_units_at_escape_risk,livestock_production_timing,1,0.0,0.0,0.0,current_legal_observation,coverage_gap_constant
livestock.opponent.SHEEP.replacement_coins_at_escape_risk,livestock_production_timing,1,0.0,0.0,0.0,current_legal_observation,coverage_gap_constant
livestock.opponent.SHEEP.production_next_refresh,livestock_production_timing,2,0.0,1.0,0.26795580110497236,current_legal_observation,provisional_not_selected
livestock.opponent.SHEEP.next_production_actions,livestock_production_timing,36,2.0,719.0,1.0,current_legal_observation,provisional_not_selected
livestock.opponent.SHEEP.care_conversion_actions,livestock_production_timing,30,26.0,719.0,1.0,current_legal_observation,provisional_not_selected
livestock.opponent.SHEEP.care_conversion_before_terminal,livestock_production_timing,3,0.0,2.0,0.4419889502762431,current_legal_observation,provisional_not_selected
livestock.opponent.SHEEP.care_bonus_with_collection,livestock_production_timing,3,0.0,2.0,0.34841160220994477,current_legal_observation,provisional_not_selected
livestock.opponent.SHEEP.care_bonus_without_collection,livestock_production_timing,3,0.0,2.0,0.3463397790055249,current_legal_observation,provisional_not_selected
livestock.opponent.SHEEP.care_bonus_current_quote_value,livestock_production_timing,145,0.0,504.0,0.34841160220994477,current_legal_observation,provisional_not_selected
livestock.opponent.SHEEP.held_units,livestock_production_timing,3,0.0,6.0,0.10445441988950276,current_legal_observation,provisional_not_selected
livestock.opponent.SHEEP.banked_care,livestock_production_timing,8,0.0,7.0,0.48342541436464087,current_legal_observation,provisional_not_selected
livestock.opponent.SHEEP.care_bank_room,livestock_production_timing,10,0.0,9.0,0.494475138121547,current_legal_observation,provisional_not_selected
livestock.opponent.SHEEP.next_refresh_units_without_feed,livestock_production_timing,6,0.0,8.0,0.3308011049723757,current_legal_observation,provisional_not_selected
livestock.opponent.SHEEP.next_refresh_units_with_feed,livestock_production_timing,5,0.0,10.0,0.3308011049723757,current_legal_observation,provisional_not_selected
livestock.opponent.SHEEP.next_refresh_units_saved_by_feed,livestock_production_timing,3,0.0,5.0,0.10928867403314917,current_legal_observation,provisional_not_selected
livestock.opponent.SHEEP.bonus_lost_on_unfed_production,livestock_production_timing,3,0.0,5.0,0.10928867403314917,current_legal_observation,provisional_not_selected
livestock.opponent.SHEEP.next_production_overflow_without_collection,livestock_production_timing,1,0.0,0.0,0.0,current_legal_observation,coverage_gap_constant
livestock.opponent.SHEEP.manure_available,livestock_production_timing,3,0.0,2.0,0.30334944751381215,current_legal_observation,provisional_not_selected
livestock.opponent.SHEEP.uncollected_manure_slot_at_refresh,livestock_production_timing,3,0.0,2.0,0.30334944751381215,current_legal_observation,provisional_not_selected
livestock.opponent.SHEEP.daily_feed_current_buy_cost,livestock_production_timing,31,0.0,110.0,0.494475138121547,current_legal_observation,provisional_not_selected
livestock.opponent.SHEEP.worker_route_sum,livestock_service_routing,7,0.0,6.0,0.44785911602209943,current_legal_observation,provisional_not_selected
livestock.opponent.SHEEP.worker_route_max,livestock_service_routing,4,0.0,3.0,0.44785911602209943,current_legal_observation,provisional_not_selected
livestock.opponent.SHEEP.feed_route_deadline_failures,livestock_service_routing,1,0.0,0.0,0.0,current_legal_observation,coverage_gap_constant
livestock.resources.wheat_total,feed_inventory_and_capital,22,0.0,25.0,0.991885359116022,current_legal_observation,provisional_not_selected
livestock.resources.wheat_in_shed,feed_inventory_and_capital,22,0.0,25.0,0.8016229281767956,current_legal_observation,provisional_not_selected
livestock.resources.wheat_carried,feed_inventory_and_capital,22,0.0,25.0,0.8080110497237569,current_legal_observation,provisional_not_selected
livestock.resources.feed_due,feed_inventory_and_capital,7,0.0,6.0,0.6268991712707183,current_legal_observation,provisional_not_selected
livestock.resources.escape_emergencies,feed_inventory_and_capital,7,0.0,6.0,0.08252762430939227,current_legal_observation,provisional_not_selected
livestock.resources.one_day_feed_deficit,feed_inventory_and_capital,5,0.0,4.0,0.0020718232044198894,current_legal_observation,provisional_not_selected
livestock.resources.two_day_feed_deficit,feed_inventory_and_capital,11,0.0,10.0,0.02986878453038674,current_legal_observation,provisional_not_selected
livestock.resources.feed_covered_days,feed_inventory_and_capital,24,0.0,4.166666666666667,0.991885359116022,current_legal_observation,provisional_not_selected
livestock.resources.one_day_feed_buy_cost,feed_inventory_and_capital,11,0.0,196.0,0.0020718232044198894,current_legal_observation,provisional_not_selected
livestock.resources.feed_route_unavailable,feed_inventory_and_capital,2,0.0,6.0,0.0025897790055248618,current_legal_observation,provisional_not_selected
livestock.resources.feed_route_late,feed_inventory_and_capital,7,0.0,6.0,0.024689226519337016,current_legal_observation,provisional_not_selected
livestock.resources.manure_total,feed_inventory_and_capital,8,0.0,7.0,0.786774861878453,current_legal_observation,provisional_not_selected
livestock.resources.manure_in_shed,feed_inventory_and_capital,8,0.0,7.0,0.18042127071823205,current_legal_observation,provisional_not_selected
livestock.resources.manure_collectable,feed_inventory_and_capital,7,0.0,6.0,0.7821132596685083,current_legal_observation,provisional_not_selected
livestock.resources.animal_stock_unplaced,feed_inventory_and_capital,4,0.0,3.0,0.025552486187845305,current_legal_observation,provisional_not_selected
livestock.resources.product_stock_used,feed_inventory_and_capital,44,0.0,45.0,0.9943024861878453,current_legal_observation,provisional_not_selected
livestock.resources.cash_buying_supported,feed_inventory_and_capital,1,1.0,1.0,1.0,current_legal_observation,coverage_gap_constant
livestock.resources.prior_cash_bound_features_supported,feed_inventory_and_capital,1,0.0,0.0,0.0,current_legal_observation,coverage_gap_constant
livestock.fertilizer.CARROT.baseline_harvest_units,fertilizer_counterfactual_value,1,0.0,0.0,0.0,current_legal_observation,coverage_gap_constant
livestock.fertilizer.CARROT.treated_harvest_units,fertilizer_counterfactual_value,1,0.0,0.0,0.0,current_legal_observation,coverage_gap_constant
livestock.fertilizer.CARROT.bankable_extra_units,fertilizer_counterfactual_value,1,0.0,0.0,0.0,current_legal_observation,coverage_gap_constant
livestock.fertilizer.CARROT.current_quote_revenue_gain,fertilizer_counterfactual_value,1,0.0,0.0,0.0,current_legal_observation,coverage_gap_constant
livestock.fertilizer.CARROT.fertilizer_sale_opportunity,fertilizer_counterfactual_value,1,0.0,0.0,0.0,current_legal_observation,coverage_gap_constant
livestock.fertilizer.CARROT.extra_scenario_work,fertilizer_counterfactual_value,1,0.0,0.0,0.0,current_legal_observation,coverage_gap_constant
livestock.fertilizer.CARROT.net_scenario_value,fertilizer_counterfactual_value,1,0.0,0.0,0.0,current_legal_observation,coverage_gap_constant
livestock.fertilizer.CARROT.first_harvest_action_gain,fertilizer_counterfactual_value,1,0.0,0.0,0.0,current_legal_observation,coverage_gap_constant
livestock.fertilizer.CARROT.present,fertilizer_counterfactual_value,1,0.0,0.0,0.0,current_legal_observation,coverage_gap_constant
livestock.fertilizer.CARROT.positive_value_plants,fertilizer_counterfactual_value,1,0.0,0.0,0.0,current_legal_observation,coverage_gap_constant
livestock.fertilizer.CARROT.best_net_scenario_value,fertilizer_counterfactual_value,1,0.0,0.0,0.0,current_legal_observation,coverage_gap_constant
livestock.fertilizer.CARROT.ingredient_reachable,fertilizer_counterfactual_value,1,0.0,0.0,0.0,current_legal_observation,coverage_gap_constant
livestock.fertilizer.MELON.baseline_harvest_units,fertilizer_counterfactual_value,1,0.0,0.0,0.0,current_legal_observation,coverage_gap_constant
livestock.fertilizer.MELON.treated_harvest_units,fertilizer_counterfactual_value,1,0.0,0.0,0.0,current_legal_observation,coverage_gap_constant
livestock.fertilizer.MELON.bankable_extra_units,fertilizer_counterfactual_value,1,0.0,0.0,0.0,current_legal_observation,coverage_gap_constant
livestock.fertilizer.MELON.current_quote_revenue_gain,fertilizer_counterfactual_value,1,0.0,0.0,0.0,current_legal_observation,coverage_gap_constant
livestock.fertilizer.MELON.fertilizer_sale_opportunity,fertilizer_counterfactual_value,1,0.0,0.0,0.0,current_legal_observation,coverage_gap_constant
livestock.fertilizer.MELON.extra_scenario_work,fertilizer_counterfactual_value,1,0.0,0.0,0.0,current_legal_observation,coverage_gap_constant
livestock.fertilizer.MELON.net_scenario_value,fertilizer_counterfactual_value,1,0.0,0.0,0.0,current_legal_observation,coverage_gap_constant
livestock.fertilizer.MELON.first_harvest_action_gain,fertilizer_counterfactual_value,1,0.0,0.0,0.0,current_legal_observation,coverage_gap_constant
livestock.fertilizer.MELON.present,fertilizer_counterfactual_value,1,0.0,0.0,0.0,current_legal_observation,coverage_gap_constant
livestock.fertilizer.MELON.positive_value_plants,fertilizer_counterfactual_value,1,0.0,0.0,0.0,current_legal_observation,coverage_gap_constant
livestock.fertilizer.MELON.best_net_scenario_value,fertilizer_counterfactual_value,1,0.0,0.0,0.0,current_legal_observation,coverage_gap_constant
livestock.fertilizer.MELON.ingredient_reachable,fertilizer_counterfactual_value,1,0.0,0.0,0.0,current_legal_observation,coverage_gap_constant
livestock.fertilizer.STRAWBERRY.baseline_harvest_units,fertilizer_counterfactual_value,18,0.0,17.0,0.7803867403314917,current_legal_observation,provisional_not_selected
livestock.fertilizer.STRAWBERRY.treated_harvest_units,fertilizer_counterfactual_value,19,0.0,18.0,0.7784875690607734,current_legal_observation,provisional_not_selected
livestock.fertilizer.STRAWBERRY.bankable_extra_units,fertilizer_counterfactual_value,9,-4.0,5.0,0.4471685082872928,current_legal_observation,provisional_not_selected
livestock.fertilizer.STRAWBERRY.current_quote_revenue_gain,fertilizer_counterfactual_value,689,-1184.0,1405.0,0.4471685082872928,current_legal_observation,provisional_not_selected
livestock.fertilizer.STRAWBERRY.fertilizer_sale_opportunity,fertilizer_counterfactual_value,151,0.0,300.0,0.955628453038674,current_legal_observation,provisional_not_selected
livestock.fertilizer.STRAWBERRY.extra_scenario_work,fertilizer_counterfactual_value,4,0.0,3.0,0.9535566298342542,current_legal_observation,provisional_not_selected
livestock.fertilizer.STRAWBERRY.net_scenario_value,fertilizer_counterfactual_value,936,-1344.0,1168.0,0.9554558011049724,current_legal_observation,provisional_not_selected
livestock.fertilizer.STRAWBERRY.first_harvest_action_gain,fertilizer_counterfactual_value,3,-2.0,0.0,0.22634668508287292,current_legal_observation,provisional_not_selected
livestock.fertilizer.STRAWBERRY.present,fertilizer_counterfactual_value,4,0.0,3.0,0.955628453038674,current_legal_observation,provisional_not_selected
livestock.fertilizer.STRAWBERRY.positive_value_plants,fertilizer_counterfactual_value,4,0.0,3.0,0.443542817679558,current_legal_observation,provisional_not_selected
livestock.fertilizer.STRAWBERRY.best_net_scenario_value,fertilizer_counterfactual_value,455,-672.0,520.0,0.955628453038674,current_legal_observation,provisional_not_selected
livestock.fertilizer.STRAWBERRY.ingredient_reachable,fertilizer_counterfactual_value,4,0.0,3.0,0.7755524861878453,current_legal_observation,provisional_not_selected
livestock.fertilizer.TOMATO.baseline_harvest_units,fertilizer_counterfactual_value,20,0.0,19.0,0.8535911602209945,current_legal_observation,provisional_not_selected
livestock.fertilizer.TOMATO.treated_harvest_units,fertilizer_counterfactual_value,24,0.0,24.0,0.8523825966850829,current_legal_observation,provisional_not_selected
livestock.fertilizer.TOMATO.bankable_extra_units,fertilizer_counterfactual_value,12,-2.0,9.0,0.5234806629834254,current_legal_observation,provisional_not_selected
livestock.fertilizer.TOMATO.current_quote_revenue_gain,fertilizer_counterfactual_value,424,-331.0,897.0,0.5234806629834254,current_legal_observation,provisional_not_selected
livestock.fertilizer.TOMATO.fertilizer_sale_opportunity,fertilizer_counterfactual_value,155,0.0,300.0,0.8838052486187845,current_legal_observation,provisional_not_selected
livestock.fertilizer.TOMATO.extra_scenario_work,fertilizer_counterfactual_value,4,0.0,3.0,0.8737914364640884,current_legal_observation,provisional_not_selected
livestock.fertilizer.TOMATO.net_scenario_value,fertilizer_counterfactual_value,590,-411.0,735.0,0.8824240331491713,current_legal_observation,provisional_not_selected
livestock.fertilizer.TOMATO.first_harvest_action_gain,fertilizer_counterfactual_value,4,-3.0,0.0,0.331664364640884,current_legal_observation,provisional_not_selected
livestock.fertilizer.TOMATO.present,fertilizer_counterfactual_value,4,0.0,3.0,0.8838052486187845,current_legal_observation,provisional_not_selected
livestock.fertilizer.TOMATO.positive_value_plants,fertilizer_counterfactual_value,4,0.0,3.0,0.4086671270718232,current_legal_observation,provisional_not_selected
livestock.fertilizer.TOMATO.best_net_scenario_value,fertilizer_counterfactual_value,350,-411.0,536.0,0.8825966850828729,current_legal_observation,provisional_not_selected
livestock.fertilizer.TOMATO.ingredient_reachable,fertilizer_counterfactual_value,4,0.0,3.0,0.7209944751381215,current_legal_observation,provisional_not_selected
livestock.fertilizer.WHEAT.baseline_harvest_units,fertilizer_counterfactual_value,22,0.0,24.0,0.9602900552486188,current_legal_observation,provisional_not_selected
livestock.fertilizer.WHEAT.treated_harvest_units,fertilizer_counterfactual_value,24,0.0,24.0,0.9595994475138122,current_legal_observation,provisional_not_selected
livestock.fertilizer.WHEAT.bankable_extra_units,fertilizer_counterfactual_value,9,0.0,8.0,0.930421270718232,current_legal_observation,provisional_not_selected
livestock.fertilizer.WHEAT.current_quote_revenue_gain,fertilizer_counterfactual_value,228,0.0,408.0,0.930421270718232,current_legal_observation,provisional_not_selected
livestock.fertilizer.WHEAT.fertilizer_sale_opportunity,fertilizer_counterfactual_value,173,0.0,400.0,0.9602900552486188,current_legal_observation,provisional_not_selected
livestock.fertilizer.WHEAT.extra_scenario_work,fertilizer_counterfactual_value,5,0.0,4.0,0.9595994475138122,current_legal_observation,provisional_not_selected
livestock.fertilizer.WHEAT.net_scenario_value,fertilizer_counterfactual_value,407,-352.0,212.0,0.9570096685082873,current_legal_observation,provisional_not_selected
livestock.fertilizer.WHEAT.first_harvest_action_gain,fertilizer_counterfactual_value,5,-4.0,0.0,0.3825966850828729,current_legal_observation,provisional_not_selected
livestock.fertilizer.WHEAT.present,fertilizer_counterfactual_value,5,0.0,4.0,0.9602900552486188,current_legal_observation,provisional_not_selected
livestock.fertilizer.WHEAT.positive_value_plants,fertilizer_counterfactual_value,5,0.0,4.0,0.29368093922651933,current_legal_observation,provisional_not_selected
livestock.fertilizer.WHEAT.best_net_scenario_value,fertilizer_counterfactual_value,148,-98.0,60.0,0.9478591160220995,current_legal_observation,provisional_not_selected
livestock.fertilizer.WHEAT.ingredient_reachable,fertilizer_counterfactual_value,5,0.0,4.0,0.775725138121547,current_legal_observation,provisional_not_selected
