first,second,spearman
time.day,time.decisions_remaining,-0.9994579916600161
time.day,time.season_fraction,0.9994579916600161
time.day,delivery.unit0.delivery_terminal_slack,-0.9993885550179831
time.hour,time.hours_until_refresh,-1.0
time.decisions_remaining,time.season_fraction,-1.0
time.decisions_remaining,delivery.unit0.delivery_terminal_slack,0.9999808146838123
time.season_fraction,delivery.unit0.delivery_terminal_slack,-0.9999808146838123
logistics.shed_used,logistics.shed_free,-1.0
logistics.shed_used,storage.free_before_market,-1.0
logistics.shed_free,storage.free_before_market,1.0
logistics.carried_total,storage.carry_fraction_of_capacity,1.0
demand.YARN_STORE.instances,demand.WOOL.current_daily_units,1.0
market.WHEAT.price,market.WHEAT.normalized_price,1.0
market.WHEAT.price,market.WHEAT.normalized_supply,-0.9989568917357116
market.WHEAT.price,market.WHEAT.sell_5_revenue,0.9995028933966968
market.WHEAT.price,market.WHEAT.sell_20_revenue,0.9990058158475204
market.WHEAT.price,pressure.WHEAT.visible_rival_supply_stress_price,0.9985952830958332
market.WHEAT.price,market_plan.WHEAT.h4.demand_only_inventory,-0.9978553180288648
market.WHEAT.price,market_plan.WHEAT.h12.demand_only_inventory,-0.9967241392033902
market.WHEAT.price,market_plan.WHEAT.h24.demand_only_inventory,-0.9950154738834942
market.WHEAT.price,livestock.own.COW.daily_feed_current_buy_cost,0.9993827069124465
market.WHEAT.price,livestock.own.GOOSE.daily_feed_current_buy_cost,0.9994014585289348
market.WHEAT.price,livestock.own.SHEEP.daily_feed_current_buy_cost,0.9955808738708443
market.WHEAT.normalized_price,market.WHEAT.normalized_supply,-0.9989568917357116
market.WHEAT.normalized_price,market.WHEAT.sell_5_revenue,0.9995028933966968
market.WHEAT.normalized_price,market.WHEAT.sell_20_revenue,0.9990058158475204
market.WHEAT.normalized_price,pressure.WHEAT.visible_rival_supply_stress_price,0.9985952830958332
market.WHEAT.normalized_price,market_plan.WHEAT.h4.demand_only_inventory,-0.9978553180288648
market.WHEAT.normalized_price,market_plan.WHEAT.h12.demand_only_inventory,-0.9967241392033902
market.WHEAT.normalized_price,market_plan.WHEAT.h24.demand_only_inventory,-0.9950154738834942
market.WHEAT.normalized_price,livestock.own.COW.daily_feed_current_buy_cost,0.9993827069124465
market.WHEAT.normalized_price,livestock.own.GOOSE.daily_feed_current_buy_cost,0.9994014585289348
market.WHEAT.normalized_price,livestock.own.SHEEP.daily_feed_current_buy_cost,0.9955808738708443
market.WHEAT.normalized_supply,market.WHEAT.sell_5_revenue,-0.9994537267829914
market.WHEAT.normalized_supply,market.WHEAT.sell_20_revenue,-0.9999510272002098
market.WHEAT.normalized_supply,pressure.WHEAT.visible_rival_supply_stress_price,-0.9984749441431876
market.WHEAT.normalized_supply,market_plan.WHEAT.h4.demand_only_inventory,0.9989055518702625
market.WHEAT.normalized_supply,market_plan.WHEAT.h12.demand_only_inventory,0.9977624136731411
market.WHEAT.normalized_supply,market_plan.WHEAT.h24.demand_only_inventory,0.9959882415614718
market.WHEAT.normalized_supply,livestock.own.COW.daily_feed_current_buy_cost,-0.9989357685591298
market.WHEAT.normalized_supply,livestock.own.GOOSE.daily_feed_current_buy_cost,-0.9989501874236895
market.WHEAT.normalized_supply,livestock.own.SHEEP.daily_feed_current_buy_cost,-0.9950479405207975
market.WHEAT.sell_5_revenue,market.WHEAT.sell_20_revenue,0.9995026752273951
market.WHEAT.sell_5_revenue,pressure.WHEAT.visible_rival_supply_stress_price,0.9987075458096665
market.WHEAT.sell_5_revenue,market_plan.WHEAT.h4.demand_only_inventory,-0.9983408580299344
market.WHEAT.sell_5_revenue,market_plan.WHEAT.h12.demand_only_inventory,-0.9972041221135296
market.WHEAT.sell_5_revenue,market_plan.WHEAT.h24.demand_only_inventory,-0.9954923815196215
market.WHEAT.sell_5_revenue,livestock.own.COW.daily_feed_current_buy_cost,0.999065113717974
market.WHEAT.sell_5_revenue,livestock.own.GOOSE.daily_feed_current_buy_cost,0.9990787037139806
market.WHEAT.sell_5_revenue,livestock.own.SHEEP.daily_feed_current_buy_cost,0.9952839239027838
market.WHEAT.sell_20_revenue,pressure.WHEAT.visible_rival_supply_stress_price,0.9985151674681676
market.WHEAT.sell_20_revenue,market_plan.WHEAT.h4.demand_only_inventory,-0.9988483681788156
market.WHEAT.sell_20_revenue,market_plan.WHEAT.h12.demand_only_inventory,-0.9977177808016623
market.WHEAT.sell_20_revenue,market_plan.WHEAT.h24.demand_only_inventory,-0.9959612328844644
market.WHEAT.sell_20_revenue,livestock.own.COW.daily_feed_current_buy_cost,0.9989041311184175
market.WHEAT.sell_20_revenue,livestock.own.GOOSE.daily_feed_current_buy_cost,0.9989185502943038
market.WHEAT.sell_20_revenue,livestock.own.SHEEP.daily_feed_current_buy_cost,0.995016132286117
inventory.WHEAT.shed,market_plan.WHEAT.shed_units,1.0
inventory.WHEAT.shed,livestock.resources.wheat_in_shed,1.0
inventory.WHEAT.carried,market_plan.WHEAT.carried_units,1.0
inventory.WHEAT.carried,livestock.resources.wheat_carried,1.0
market.CARROT.price,market.CARROT.normalized_price,1.0
market.CARROT.price,pressure.CARROT.visible_rival_supply_stress_price,0.9999806579032765
market.CARROT.normalized_price,pressure.CARROT.visible_rival_supply_stress_price,0.9999806579032765
market.CARROT.normalized_supply,market.CARROT.sell_5_revenue,-0.9987997868528392
market.CARROT.normalized_supply,market.CARROT.sell_20_revenue,-1.0
market.CARROT.normalized_supply,market_plan.CARROT.h4.demand_only_inventory,0.9959962289308194
market.CARROT.sell_5_revenue,market.CARROT.sell_20_revenue,0.9987997868528392
market.CARROT.sell_20_revenue,market_plan.CARROT.h4.demand_only_inventory,-0.9959962289308194
market.TOMATO.price,market.TOMATO.normalized_price,1.0
market.TOMATO.price,market.TOMATO.normalized_supply,-0.9954745120342816
market.TOMATO.price,market.TOMATO.sell_5_revenue,0.9955570654480479
market.TOMATO.price,market.TOMATO.sell_20_revenue,0.9954745120342816
market.TOMATO.price,pressure.TOMATO.visible_rival_supply_stress_price,0.9989985484815709
market.TOMATO.normalized_price,market.TOMATO.normalized_supply,-0.9954745120342816
market.TOMATO.normalized_price,market.TOMATO.sell_5_revenue,0.9955570654480479
market.TOMATO.normalized_price,market.TOMATO.sell_20_revenue,0.9954745120342816
market.TOMATO.normalized_price,pressure.TOMATO.visible_rival_supply_stress_price,0.9989985484815709
market.TOMATO.normalized_supply,market.TOMATO.sell_5_revenue,-0.9999170781699699
market.TOMATO.normalized_supply,market.TOMATO.sell_20_revenue,-1.0
market.TOMATO.normalized_supply,pressure.TOMATO.visible_rival_supply_stress_price,-0.995624302364541
market.TOMATO.sell_5_revenue,market.TOMATO.sell_20_revenue,0.9999170781699699
market.TOMATO.sell_5_revenue,pressure.TOMATO.visible_rival_supply_stress_price,0.9957068682002258
market.TOMATO.sell_20_revenue,pressure.TOMATO.visible_rival_supply_stress_price,0.995624302364541
inventory.TOMATO.shed,inventory.TOMATO.immediate_sale_value,0.9999179731804217
inventory.TOMATO.shed,market_plan.TOMATO.shed_units,1.0
inventory.TOMATO.carried,market_plan.TOMATO.carried_units,1.0
inventory.TOMATO.immediate_sale_value,market_plan.TOMATO.shed_units,0.9999179731804217
market.STRAWBERRY.price,market.STRAWBERRY.normalized_price,1.0
market.STRAWBERRY.price,market.STRAWBERRY.normalized_supply,-0.9999911797309328
market.STRAWBERRY.price,market.STRAWBERRY.sell_5_revenue,0.9999911797772617
market.STRAWBERRY.price,market.STRAWBERRY.sell_20_revenue,0.9999911797309328
market.STRAWBERRY.price,pressure.STRAWBERRY.visible_rival_supply_stress_price,0.9998228040881306
market.STRAWBERRY.price,market_plan.STRAWBERRY.h4.demand_only_inventory,-0.9982740293406331
market.STRAWBERRY.price,market_plan.STRAWBERRY.h12.demand_only_inventory,-0.9963044916140884
market.STRAWBERRY.normalized_price,market.STRAWBERRY.normalized_supply,-0.9999911797309328
market.STRAWBERRY.normalized_price,market.STRAWBERRY.sell_5_revenue,0.9999911797772617
market.STRAWBERRY.normalized_price,market.STRAWBERRY.sell_20_revenue,0.9999911797309328
market.STRAWBERRY.normalized_price,pressure.STRAWBERRY.visible_rival_supply_stress_price,0.9998228040881306
market.STRAWBERRY.normalized_price,market_plan.STRAWBERRY.h4.demand_only_inventory,-0.9982740293406331
market.STRAWBERRY.normalized_price,market_plan.STRAWBERRY.h12.demand_only_inventory,-0.9963044916140884
market.STRAWBERRY.normalized_supply,market.STRAWBERRY.sell_5_revenue,-0.9999999999536707
market.STRAWBERRY.normalized_supply,market.STRAWBERRY.sell_20_revenue,-1.0
market.STRAWBERRY.normalized_supply,pressure.STRAWBERRY.visible_rival_supply_stress_price,-0.9998190898215936
market.STRAWBERRY.normalized_supply,market_plan.STRAWBERRY.h4.demand_only_inventory,0.9982777896397416
market.STRAWBERRY.normalized_supply,market_plan.STRAWBERRY.h12.demand_only_inventory,0.9963108087588197
market.STRAWBERRY.sell_5_revenue,market.STRAWBERRY.sell_20_revenue,0.9999999999536707
market.STRAWBERRY.sell_5_revenue,pressure.STRAWBERRY.visible_rival_supply_stress_price,0.9998190900377905
market.STRAWBERRY.sell_5_revenue,market_plan.STRAWBERRY.h4.demand_only_inventory,-0.9982777883733297
market.STRAWBERRY.sell_5_revenue,market_plan.STRAWBERRY.h12.demand_only_inventory,-0.9963108091447219
market.STRAWBERRY.sell_20_revenue,pressure.STRAWBERRY.visible_rival_supply_stress_price,0.9998190898215936
market.STRAWBERRY.sell_20_revenue,market_plan.STRAWBERRY.h4.demand_only_inventory,-0.9982777896397416
market.STRAWBERRY.sell_20_revenue,market_plan.STRAWBERRY.h12.demand_only_inventory,-0.9963108087588197
inventory.STRAWBERRY.shed,inventory.STRAWBERRY.immediate_sale_value,0.9999502421827472
inventory.STRAWBERRY.shed,market_plan.STRAWBERRY.shed_units,1.0
inventory.STRAWBERRY.carried,market_plan.STRAWBERRY.carried_units,1.0
inventory.STRAWBERRY.immediate_sale_value,market_plan.STRAWBERRY.shed_units,0.9999502421827472
market.MELON.price,market.MELON.normalized_price,1.0
market.MELON.price,market.MELON.normalized_supply,-0.9997402681086297
market.MELON.price,market.MELON.sell_5_revenue,0.9997402681086297
market.MELON.price,market.MELON.sell_20_revenue,0.9997402681086297
market.MELON.normalized_price,market.MELON.normalized_supply,-0.9997402681086297
market.MELON.normalized_price,market.MELON.sell_5_revenue,0.9997402681086297
market.MELON.normalized_price,market.MELON.sell_20_revenue,0.9997402681086297
market.MELON.normalized_supply,market.MELON.sell_5_revenue,-1.0
market.MELON.normalized_supply,market.MELON.sell_20_revenue,-1.0
market.MELON.sell_5_revenue,market.MELON.sell_20_revenue,1.0
market.EGG.price,market.EGG.normalized_price,1.0
market.EGG.price,pressure.EGG.visible_rival_supply_stress_price,0.9970927075974112
market.EGG.normalized_price,pressure.EGG.visible_rival_supply_stress_price,0.9970927075974112
market.EGG.normalized_supply,market.EGG.sell_5_revenue,-0.9984145811191667
market.EGG.normalized_supply,market.EGG.sell_20_revenue,-0.9999584433820422
market.EGG.sell_5_revenue,market.EGG.sell_20_revenue,0.9984560735767639
inventory.EGG.shed,inventory.EGG.immediate_sale_value,0.9994652416756555
inventory.EGG.shed,market_plan.EGG.shed_units,1.0
inventory.EGG.carried,market_plan.EGG.carried_units,1.0
inventory.EGG.immediate_sale_value,market_plan.EGG.shed_units,0.9994652416756555
market.MILK.price,market.MILK.normalized_price,1.0
market.MILK.price,market.MILK.normalized_supply,-0.9999927332217584
market.MILK.price,market.MILK.sell_5_revenue,0.9999927332217584
market.MILK.price,market.MILK.sell_20_revenue,0.9999927332217584
market.MILK.price,pressure.MILK.visible_rival_supply_stress_price,0.9986189740917356
market.MILK.price,market_plan.MILK.h4.demand_only_inventory,-0.9965337020759293
market.MILK.normalized_price,market.MILK.normalized_supply,-0.9999927332217584
market.MILK.normalized_price,market.MILK.sell_5_revenue,0.9999927332217584
market.MILK.normalized_price,market.MILK.sell_20_revenue,0.9999927332217584
market.MILK.normalized_price,pressure.MILK.visible_rival_supply_stress_price,0.9986189740917356
market.MILK.normalized_price,market_plan.MILK.h4.demand_only_inventory,-0.9965337020759293
market.MILK.normalized_supply,market.MILK.sell_5_revenue,-1.0
market.MILK.normalized_supply,market.MILK.sell_20_revenue,-1.0
market.MILK.normalized_supply,pressure.MILK.visible_rival_supply_stress_price,-0.9986113712870647
market.MILK.normalized_supply,market_plan.MILK.h4.demand_only_inventory,0.9965395404363552
market.MILK.sell_5_revenue,market.MILK.sell_20_revenue,1.0
market.MILK.sell_5_revenue,pressure.MILK.visible_rival_supply_stress_price,0.9986113712870647
market.MILK.sell_5_revenue,market_plan.MILK.h4.demand_only_inventory,-0.9965395404363552
market.MILK.sell_20_revenue,pressure.MILK.visible_rival_supply_stress_price,0.9986113712870647
market.MILK.sell_20_revenue,market_plan.MILK.h4.demand_only_inventory,-0.9965395404363552
inventory.MILK.shed,inventory.MILK.immediate_sale_value,0.9999130022999985
inventory.MILK.shed,market_plan.MILK.shed_units,1.0
inventory.MILK.carried,market_plan.MILK.carried_units,1.0
inventory.MILK.immediate_sale_value,market_plan.MILK.shed_units,0.9999130022999985
market.WOOL.price,market.WOOL.normalized_price,1.0
market.WOOL.price,market.WOOL.normalized_supply,-0.9999069771195289
market.WOOL.price,market.WOOL.sell_5_revenue,0.9999331764412974
market.WOOL.price,market.WOOL.sell_20_revenue,0.9999076692130998
market.WOOL.price,pressure.WOOL.visible_rival_supply_stress_price,0.9981687520610156
market.WOOL.normalized_price,market.WOOL.normalized_supply,-0.9999069771195289
market.WOOL.normalized_price,market.WOOL.sell_5_revenue,0.9999331764412974
market.WOOL.normalized_price,market.WOOL.sell_20_revenue,0.9999076692130998
market.WOOL.normalized_price,pressure.WOOL.visible_rival_supply_stress_price,0.9981687520610156
market.WOOL.normalized_supply,market.WOOL.sell_5_revenue,-0.9999737989273826
market.WOOL.normalized_supply,market.WOOL.sell_20_revenue,-0.9999993078425217
market.WOOL.normalized_supply,pressure.WOOL.visible_rival_supply_stress_price,-0.9980993964033669
market.WOOL.sell_5_revenue,market.WOOL.sell_20_revenue,0.9999744910672048
market.WOOL.sell_5_revenue,pressure.WOOL.visible_rival_supply_stress_price,0.9981253985012597
market.WOOL.sell_20_revenue,pressure.WOOL.visible_rival_supply_stress_price,0.9981000872458065
inventory.WOOL.shed,inventory.WOOL.immediate_sale_value,0.9998227231264103
inventory.WOOL.shed,market_plan.WOOL.shed_units,1.0
inventory.WOOL.carried,market_plan.WOOL.carried_units,1.0
inventory.WOOL.immediate_sale_value,market_plan.WOOL.shed_units,0.9998227231264103
market.FERTILIZER.price,market.FERTILIZER.normalized_price,1.0
market.FERTILIZER.price,market.FERTILIZER.normalized_supply,-0.9997492784486157
market.FERTILIZER.price,market.FERTILIZER.sell_5_revenue,0.9997492784486157
market.FERTILIZER.price,market.FERTILIZER.sell_20_revenue,0.9997492784486157
market.FERTILIZER.price,pressure.FERTILIZER.visible_rival_supply_stress_price,1.0
market.FERTILIZER.price,market_plan.FERTILIZER.h4.demand_only_price,0.9978163283228633
market.FERTILIZER.price,market_plan.FERTILIZER.h12.demand_only_price,0.995726362882154
market.FERTILIZER.normalized_price,market.FERTILIZER.normalized_supply,-0.9997492784486157
market.FERTILIZER.normalized_price,market.FERTILIZER.sell_5_revenue,0.9997492784486157
market.FERTILIZER.normalized_price,market.FERTILIZER.sell_20_revenue,0.9997492784486157
market.FERTILIZER.normalized_price,pressure.FERTILIZER.visible_rival_supply_stress_price,1.0
market.FERTILIZER.normalized_price,market_plan.FERTILIZER.h4.demand_only_price,0.9978163283228633
market.FERTILIZER.normalized_price,market_plan.FERTILIZER.h12.demand_only_price,0.995726362882154
market.FERTILIZER.normalized_supply,market.FERTILIZER.sell_5_revenue,-1.0
market.FERTILIZER.normalized_supply,market.FERTILIZER.sell_20_revenue,-1.0
market.FERTILIZER.normalized_supply,pressure.FERTILIZER.visible_rival_supply_stress_price,-0.9997492784486157
market.FERTILIZER.normalized_supply,market_plan.FERTILIZER.h4.demand_only_price,-0.9976006262520661
market.FERTILIZER.normalized_supply,market_plan.FERTILIZER.h12.demand_only_price,-0.9954912062497674
market.FERTILIZER.sell_5_revenue,market.FERTILIZER.sell_20_revenue,1.0
market.FERTILIZER.sell_5_revenue,pressure.FERTILIZER.visible_rival_supply_stress_price,0.9997492784486157
market.FERTILIZER.sell_5_revenue,market_plan.FERTILIZER.h4.demand_only_price,0.9976006262520661
market.FERTILIZER.sell_5_revenue,market_plan.FERTILIZER.h12.demand_only_price,0.9954912062497674
market.FERTILIZER.sell_20_revenue,pressure.FERTILIZER.visible_rival_supply_stress_price,0.9997492784486157
market.FERTILIZER.sell_20_revenue,market_plan.FERTILIZER.h4.demand_only_price,0.9976006262520661
market.FERTILIZER.sell_20_revenue,market_plan.FERTILIZER.h12.demand_only_price,0.9954912062497674
inventory.FERTILIZER.shed,inventory.FERTILIZER.immediate_sale_value,0.9988175983744902
inventory.FERTILIZER.shed,market_plan.FERTILIZER.shed_units,1.0
inventory.FERTILIZER.shed,livestock.resources.manure_in_shed,1.0
inventory.FERTILIZER.carried,market_plan.FERTILIZER.carried_units,1.0
inventory.FERTILIZER.immediate_sale_value,market_plan.FERTILIZER.shed_units,0.9988175983744902
inventory.FERTILIZER.immediate_sale_value,livestock.resources.manure_in_shed,0.9988175983744902
own.cash,capital.seed_spendable_cash,0.9999994593746826
own.workers,own.next_hire_cost,1.0
own.workers,delivery.unit1.active,1.0
own.workers,delivery.unit2.active,1.0
own.workers,delivery.unit3.active,1.0
own.workers,market_plan.MELON.h4.known_demand,-1.0
own.workers,market_worker.1.present,1.0
own.workers,market_worker.2.present,1.0
own.workers,market_worker.3.present,1.0
own.next_hire_cost,delivery.unit1.active,1.0
own.next_hire_cost,delivery.unit2.active,1.0
own.next_hire_cost,delivery.unit3.active,1.0
own.next_hire_cost,market_plan.MELON.h4.known_demand,-1.0
own.next_hire_cost,market_worker.1.present,1.0
own.next_hire_cost,market_worker.2.present,1.0
own.next_hire_cost,market_worker.3.present,1.0
own.feed_actions_due,livestock.resources.feed_due,1.0
own.shed_distance,delivery.unit0.shed_distance,1.0
own.shed_distance,market_worker.0.delivery_actions,1.0
own.crop.WHEAT.count,livestock.fertilizer.WHEAT.extra_scenario_work,0.9999808309915418
own.crop.WHEAT.count,livestock.fertilizer.WHEAT.present,1.0
own.crop.WHEAT.harvestable_units,market_plan.WHEAT.own_ready_units,1.0
own.crop.TOMATO.count,livestock.fertilizer.TOMATO.present,1.0
own.crop.TOMATO.harvestable_units,market_plan.TOMATO.own_ready_units,1.0
own.crop.STRAWBERRY.count,livestock.fertilizer.STRAWBERRY.present,1.0
own.crop.STRAWBERRY.harvestable_units,market_plan.STRAWBERRY.own_ready_units,1.0
own.animal.GOOSE.count,market_history.WHEAT.w12.observed,0.9999896546194708
own.animal.GOOSE.count,market_history.CARROT.w12.observed,0.9999896546194708
own.animal.GOOSE.count,market_history.TOMATO.w12.observed,0.9999896546194708
own.animal.GOOSE.count,market_history.STRAWBERRY.w12.observed,0.9999896546194708
own.animal.GOOSE.count,market_history.MELON.w12.observed,0.9999896546194708
own.animal.GOOSE.count,market_history.EGG.w12.observed,0.9999896546194708
own.animal.GOOSE.count,market_history.MILK.w12.observed,0.9999896546194708
own.animal.GOOSE.count,market_history.WOOL.w12.observed,0.9999896546194708
own.animal.GOOSE.count,market_history.FERTILIZER.w12.observed,0.9999896546194708
own.animal.GOOSE.count,livestock.own.GOOSE.present,1.0
own.animal.GOOSE.yield_units,market_plan.EGG.own_ready_units,1.0
own.animal.GOOSE.yield_units,livestock.own.GOOSE.held_units,1.0
own.animal.GOOSE.feed_due,livestock.own.GOOSE.feed_due,1.0
own.animal.GOOSE.escape_risk_today,own.husbandry.GOOSE.escape_prevented_by_feed,1.0
own.animal.GOOSE.escape_risk_today,livestock.own.GOOSE.escape_without_feed,1.0
own.animal.GOOSE.escape_risk_today,livestock.own.GOOSE.replacement_coins_at_escape_risk,1.0
own.animal.GOOSE.fertilizer_available,livestock.own.GOOSE.manure_available,1.0
own.animal.GOOSE.fertilizer_available,livestock.own.GOOSE.uncollected_manure_slot_at_refresh,1.0
own.animal.GOOSE.care_bonus_banked,livestock.own.GOOSE.banked_care,1.0
own.animal.COW.count,livestock.own.COW.present,1.0
own.animal.COW.yield_units,market_plan.MILK.own_ready_units,1.0
own.animal.COW.yield_units,livestock.own.COW.held_units,1.0
own.animal.COW.feed_due,livestock.own.COW.feed_due,1.0
own.animal.COW.escape_risk_today,own.husbandry.COW.escape_prevented_by_feed,1.0
own.animal.COW.escape_risk_today,livestock.own.COW.escape_without_feed,1.0
own.animal.COW.escape_risk_today,livestock.own.COW.replacement_coins_at_escape_risk,1.0
own.animal.COW.fertilizer_available,livestock.own.COW.manure_available,1.0
own.animal.COW.fertilizer_available,livestock.own.COW.uncollected_manure_slot_at_refresh,1.0
own.animal.COW.care_bonus_banked,livestock.own.COW.banked_care,1.0
own.animal.SHEEP.count,livestock.own.SHEEP.present,1.0
own.animal.SHEEP.yield_units,market_plan.WOOL.own_ready_units,1.0
own.animal.SHEEP.yield_units,livestock.own.SHEEP.held_units,1.0
own.animal.SHEEP.feed_due,livestock.own.SHEEP.feed_due,1.0
own.animal.SHEEP.escape_risk_today,own.husbandry.SHEEP.escape_prevented_by_feed,1.0
own.animal.SHEEP.escape_risk_today,livestock.own.SHEEP.escape_without_feed,1.0
own.animal.SHEEP.escape_risk_today,livestock.own.SHEEP.replacement_coins_at_escape_risk,1.0
own.animal.SHEEP.fertilizer_available,livestock.own.SHEEP.manure_available,1.0
own.animal.SHEEP.fertilizer_available,livestock.own.SHEEP.uncollected_manure_slot_at_refresh,1.0
own.animal.SHEEP.care_bonus_banked,livestock.own.SHEEP.banked_care,1.0
opponent.workers,opponent.next_hire_cost,0.9998289343993567
opponent.crop.WHEAT.harvestable_units,pressure.WHEAT.opponent_visible_ready_units,1.0
opponent.crop.WHEAT.harvestable_units,market_plan.WHEAT.rival_ready_units,1.0
opponent.crop.WHEAT.bonus_water_opportunities,opponent.timing.WHEAT.water_now_increment_units,1.0
opponent.crop.WHEAT.bonus_water_opportunities,opponent.timing.WHEAT.refresh_increment_from_fertilizer_given_water,1.0
opponent.crop.CARROT.count,opponent.timing.CARROT.present,0.9989979059139624
opponent.crop.CARROT.count,opponent.timing.CARROT.first_maturity_actions,-0.9991801880928858
opponent.crop.CARROT.count,opponent.timing.CARROT.known_decay_present,0.9989979059139624
opponent.crop.CARROT.count,opponent.timing.CARROT.first_decay_actions,-0.9984780430098397
opponent.crop.CARROT.harvestable_units,pressure.CARROT.opponent_visible_ready_units,1.0
opponent.crop.CARROT.harvestable_units,market_plan.CARROT.rival_ready_units,1.0
opponent.crop.CARROT.harvestable_units,market_plan.CARROT.rival_earliest_delivery,-0.9991821278645959
opponent.crop.CARROT.bonus_water_opportunities,opponent.timing.CARROT.water_now_increment_units,1.0
opponent.crop.CARROT.bonus_water_opportunities,opponent.timing.CARROT.refresh_increment_from_fertilizer_given_water,1.0
opponent.crop.TOMATO.harvestable_units,pressure.TOMATO.opponent_visible_ready_units,1.0
opponent.crop.TOMATO.harvestable_units,market_plan.TOMATO.rival_ready_units,1.0
opponent.crop.STRAWBERRY.harvestable_units,pressure.STRAWBERRY.opponent_visible_ready_units,1.0
opponent.crop.STRAWBERRY.harvestable_units,market_plan.STRAWBERRY.rival_ready_units,1.0
opponent.crop.MELON.harvestable_units,pressure.MELON.opponent_visible_ready_units,1.0
opponent.crop.MELON.harvestable_units,market_plan.MELON.rival_ready_units,1.0
opponent.crop.MELON.harvestable_units,market_plan.MELON.rival_earliest_delivery,-0.9996232152417659
opponent.crop.MELON.bonus_water_opportunities,opponent.timing.MELON.water_now_increment_units,1.0
opponent.animal.GOOSE.count,opponent.animal.COW.count,0.9972515398770867
opponent.animal.GOOSE.count,livestock.opponent.COW.present,0.9972515398770867
opponent.animal.GOOSE.count,livestock.opponent.GOOSE.present,1.0
opponent.animal.GOOSE.yield_units,pressure.EGG.opponent_visible_ready_units,1.0
opponent.animal.GOOSE.yield_units,market_plan.EGG.rival_ready_units,1.0
opponent.animal.GOOSE.yield_units,market_plan.EGG.rival_earliest_delivery,-0.9989452965967082
opponent.animal.GOOSE.yield_units,livestock.opponent.GOOSE.held_units,1.0
opponent.animal.GOOSE.feed_due,livestock.opponent.GOOSE.feed_due,1.0
opponent.animal.GOOSE.fertilizer_available,livestock.opponent.GOOSE.manure_available,1.0
opponent.animal.GOOSE.fertilizer_available,livestock.opponent.GOOSE.uncollected_manure_slot_at_refresh,1.0
opponent.animal.GOOSE.care_bonus_banked,livestock.opponent.GOOSE.banked_care,1.0
opponent.animal.COW.count,livestock.opponent.COW.present,1.0
opponent.animal.COW.count,livestock.opponent.GOOSE.present,0.9972515398770867
opponent.animal.COW.yield_units,pressure.MILK.opponent_visible_ready_units,1.0
opponent.animal.COW.yield_units,market_plan.MILK.rival_ready_units,1.0
opponent.animal.COW.yield_units,market_plan.MILK.rival_earliest_delivery,-0.9992612666582104
opponent.animal.COW.yield_units,market_plan.MILK.h4.rival_penalty,0.9992959972631672
opponent.animal.COW.yield_units,market_plan.MILK.h12.rival_penalty,0.9993665007564053
opponent.animal.COW.yield_units,market_plan.MILK.h24.rival_penalty,0.9993674936416539
opponent.animal.COW.yield_units,livestock.opponent.COW.held_units,1.0
opponent.animal.COW.feed_due,livestock.opponent.COW.feed_due,1.0
opponent.animal.COW.fertilizer_available,livestock.opponent.COW.manure_available,1.0
opponent.animal.COW.fertilizer_available,livestock.opponent.COW.uncollected_manure_slot_at_refresh,1.0
opponent.animal.COW.care_bonus_banked,livestock.opponent.COW.banked_care,1.0
opponent.animal.SHEEP.count,livestock.opponent.SHEEP.present,1.0
opponent.animal.SHEEP.yield_units,pressure.WOOL.opponent_visible_ready_units,1.0
opponent.animal.SHEEP.yield_units,market_plan.WOOL.rival_ready_units,1.0
opponent.animal.SHEEP.yield_units,market_plan.WOOL.rival_earliest_delivery,-0.9974436876726797
opponent.animal.SHEEP.yield_units,livestock.opponent.SHEEP.held_units,1.0
opponent.animal.SHEEP.feed_due,livestock.opponent.SHEEP.feed_due,1.0
opponent.animal.SHEEP.fertilizer_available,livestock.opponent.SHEEP.manure_available,1.0
opponent.animal.SHEEP.fertilizer_available,livestock.opponent.SHEEP.uncollected_manure_slot_at_refresh,1.0
opponent.animal.SHEEP.care_bonus_banked,livestock.opponent.SHEEP.banked_care,1.0
storage.free_after_sell_all,storage.nonsellable_capacity_lock,-1.0
capital.receipt_wait_scenario_actions,own.timing.WHEAT.first_maturity_actions,0.997168600329668
delivery.unit0.shed_distance,market_worker.0.delivery_actions,1.0
delivery.unit0.carried_units,market_worker.0.carried_units,1.0
delivery.unit0.conditional_sale_value,market_worker.0.liquidation_revenue,1.0
delivery.unit0.delivery_refresh_slack,market_worker.0.delivery_slack,0.9993941358737508
delivery.unit1.active,delivery.unit2.active,1.0
delivery.unit1.active,delivery.unit3.active,1.0
delivery.unit1.active,market_plan.MELON.h4.known_demand,-1.0
delivery.unit1.active,market_worker.1.present,1.0
delivery.unit1.active,market_worker.2.present,1.0
delivery.unit1.active,market_worker.3.present,1.0
delivery.unit1.carried_units,market_worker.1.carried_units,1.0
delivery.unit1.conditional_sale_value,market_worker.1.liquidation_revenue,1.0
delivery.unit1.delivery_refresh_slack,market_worker.1.delivery_slack,0.9992141626547674
delivery.unit1.delivery_terminal_slack,delivery.unit2.delivery_terminal_slack,0.9995609228769263
delivery.unit1.delivery_terminal_slack,delivery.unit3.delivery_terminal_slack,0.9994965746596386
delivery.unit2.active,delivery.unit3.active,1.0
delivery.unit2.active,market_plan.MELON.h4.known_demand,-1.0
delivery.unit2.active,market_worker.1.present,1.0
delivery.unit2.active,market_worker.2.present,1.0
delivery.unit2.active,market_worker.3.present,1.0
delivery.unit2.carried_units,market_worker.2.carried_units,1.0
delivery.unit2.conditional_sale_value,market_worker.2.liquidation_revenue,1.0
delivery.unit2.delivery_refresh_slack,market_worker.2.delivery_slack,0.9991357139680499
delivery.unit2.delivery_terminal_slack,delivery.unit3.delivery_terminal_slack,0.999599212829689
delivery.unit3.active,market_plan.MELON.h4.known_demand,-1.0
delivery.unit3.active,market_worker.1.present,1.0
delivery.unit3.active,market_worker.2.present,1.0
delivery.unit3.active,market_worker.3.present,1.0
delivery.unit3.carried_units,market_worker.3.carried_units,1.0
delivery.unit3.conditional_sale_value,market_worker.3.liquidation_revenue,1.0
delivery.unit3.delivery_refresh_slack,market_worker.3.delivery_slack,0.9992274258391642
own.timing.WHEAT.present,own.timing.WHEAT.known_decay_present,1.0
own.timing.TOMATO.known_decay_present,own.timing.TOMATO.first_decay_actions,-0.9955018408722868
own.timing.STRAWBERRY.known_decay_present,own.timing.STRAWBERRY.first_decay_actions,-0.9990955962792148
own.husbandry.GOOSE.escape_prevented_by_feed,livestock.own.GOOSE.escape_without_feed,1.0
own.husbandry.GOOSE.escape_prevented_by_feed,livestock.own.GOOSE.replacement_coins_at_escape_risk,1.0
own.husbandry.GOOSE.refresh_units_saved_by_feed,livestock.own.GOOSE.next_refresh_units_saved_by_feed,1.0
own.husbandry.GOOSE.next_production_events,livestock.own.GOOSE.production_next_refresh,1.0
own.husbandry.GOOSE.banked_bonus_at_risk_if_unfed,livestock.own.GOOSE.bonus_lost_on_unfed_production,1.0
own.husbandry.GOOSE.next_fed_production_saturation,livestock.own.GOOSE.next_production_overflow_without_collection,1.0
own.husbandry.COW.escape_prevented_by_feed,livestock.own.COW.escape_without_feed,1.0
own.husbandry.COW.escape_prevented_by_feed,livestock.own.COW.replacement_coins_at_escape_risk,1.0
own.husbandry.COW.refresh_units_saved_by_feed,livestock.own.COW.next_refresh_units_saved_by_feed,1.0
own.husbandry.COW.next_production_events,livestock.own.COW.production_next_refresh,1.0
own.husbandry.COW.banked_bonus_at_risk_if_unfed,livestock.own.COW.bonus_lost_on_unfed_production,1.0
own.husbandry.COW.next_fed_production_saturation,livestock.own.COW.next_production_overflow_without_collection,1.0
own.husbandry.SHEEP.escape_prevented_by_feed,livestock.own.SHEEP.escape_without_feed,1.0
own.husbandry.SHEEP.escape_prevented_by_feed,livestock.own.SHEEP.replacement_coins_at_escape_risk,1.0
own.husbandry.SHEEP.refresh_units_saved_by_feed,livestock.own.SHEEP.next_refresh_units_saved_by_feed,1.0
own.husbandry.SHEEP.next_production_events,livestock.own.SHEEP.production_next_refresh,1.0
own.husbandry.SHEEP.banked_bonus_at_risk_if_unfed,livestock.own.SHEEP.bonus_lost_on_unfed_production,1.0
opponent.timing.WHEAT.water_now_increment_units,opponent.timing.WHEAT.refresh_increment_from_fertilizer_given_water,1.0
opponent.timing.WHEAT.present,opponent.timing.WHEAT.known_decay_present,1.0
opponent.timing.CARROT.water_now_increment_units,opponent.timing.CARROT.refresh_increment_from_fertilizer_given_water,1.0
opponent.timing.CARROT.present,opponent.timing.CARROT.first_maturity_actions,-0.9994436438216142
opponent.timing.CARROT.present,opponent.timing.CARROT.known_decay_present,1.0
opponent.timing.CARROT.present,opponent.timing.CARROT.first_decay_actions,-0.99899854762784
opponent.timing.CARROT.first_maturity_actions,opponent.timing.CARROT.known_decay_present,-0.9994436438216142
opponent.timing.CARROT.first_maturity_actions,opponent.timing.CARROT.first_decay_actions,0.9995546560363603
opponent.timing.CARROT.known_decay_present,opponent.timing.CARROT.first_decay_actions,-0.99899854762784
opponent.timing.TOMATO.refresh_increment_from_fertilizer_given_water,opponent.timing.TOMATO.next_refresh_production_events,1.0
opponent.timing.TOMATO.known_decay_present,opponent.timing.TOMATO.first_decay_actions,-0.9986334541089686
opponent.timing.STRAWBERRY.known_decay_present,opponent.timing.STRAWBERRY.first_decay_actions,-0.9992487500152983
opponent.timing.MELON.capped_ready_tiles,opponent.timing.MELON.avoidable_wait_unit_days,0.9998500838346978
opponent.timing.MELON.present,opponent.timing.MELON.known_decay_present,1.0
opponent.timing.MELON.first_maturity_actions,opponent.timing.MELON.first_decay_actions,0.9998594845506624
opponent.husbandry.GOOSE.refresh_units_saved_by_feed,livestock.opponent.GOOSE.next_refresh_units_saved_by_feed,1.0
opponent.husbandry.GOOSE.next_production_events,livestock.opponent.GOOSE.production_next_refresh,1.0
opponent.husbandry.GOOSE.banked_bonus_at_risk_if_unfed,livestock.opponent.GOOSE.bonus_lost_on_unfed_production,1.0
opponent.husbandry.GOOSE.next_fed_production_saturation,livestock.opponent.GOOSE.next_production_overflow_without_collection,1.0
opponent.husbandry.COW.refresh_units_saved_by_feed,opponent.husbandry.COW.banked_bonus_at_risk_if_unfed,1.0
opponent.husbandry.COW.refresh_units_saved_by_feed,livestock.opponent.COW.next_refresh_units_saved_by_feed,1.0
opponent.husbandry.COW.refresh_units_saved_by_feed,livestock.opponent.COW.bonus_lost_on_unfed_production,1.0
opponent.husbandry.COW.next_production_events,livestock.opponent.COW.production_next_refresh,1.0
opponent.husbandry.COW.banked_bonus_at_risk_if_unfed,livestock.opponent.COW.next_refresh_units_saved_by_feed,1.0
opponent.husbandry.COW.banked_bonus_at_risk_if_unfed,livestock.opponent.COW.bonus_lost_on_unfed_production,1.0
opponent.husbandry.COW.next_fed_production_saturation,livestock.opponent.COW.next_production_overflow_without_collection,1.0
opponent.husbandry.SHEEP.refresh_units_saved_by_feed,opponent.husbandry.SHEEP.banked_bonus_at_risk_if_unfed,1.0
opponent.husbandry.SHEEP.refresh_units_saved_by_feed,livestock.opponent.SHEEP.next_refresh_units_saved_by_feed,1.0
opponent.husbandry.SHEEP.refresh_units_saved_by_feed,livestock.opponent.SHEEP.bonus_lost_on_unfed_production,1.0
opponent.husbandry.SHEEP.next_production_events,livestock.opponent.SHEEP.production_next_refresh,1.0
opponent.husbandry.SHEEP.banked_bonus_at_risk_if_unfed,livestock.opponent.SHEEP.next_refresh_units_saved_by_feed,1.0
opponent.husbandry.SHEEP.banked_bonus_at_risk_if_unfed,livestock.opponent.SHEEP.bonus_lost_on_unfed_production,1.0
pressure.WHEAT.own_held_and_ready_wave,market_plan.WHEAT.conditional_quantity,1.0
pressure.WHEAT.opponent_visible_ready_units,market_plan.WHEAT.rival_ready_units,1.0
pressure.WHEAT.wave_conditional_revenue,pressure.WHEAT.wave_revenue_after_rival_supply_stress,0.99973640242061
pressure.WHEAT.wave_conditional_revenue,market_plan.WHEAT.immediate_revenue,1.0
pressure.WHEAT.wave_conditional_revenue,market_plan.WHEAT.h4.quiet_revenue,0.9992203400996512
pressure.WHEAT.wave_conditional_revenue,market_plan.WHEAT.h4.rival_stress_revenue,0.9991653673809962
pressure.WHEAT.wave_conditional_revenue,market_plan.WHEAT.h12.quiet_revenue,0.997618004905908
pressure.WHEAT.wave_conditional_revenue,market_plan.WHEAT.h12.rival_stress_revenue,0.997455059201822
pressure.WHEAT.visible_rival_supply_stress_price,market_plan.WHEAT.h4.demand_only_inventory,-0.9974457705467866
pressure.WHEAT.visible_rival_supply_stress_price,market_plan.WHEAT.h12.demand_only_inventory,-0.9964346338534503
pressure.WHEAT.visible_rival_supply_stress_price,livestock.own.COW.daily_feed_current_buy_cost,0.9980573998024171
pressure.WHEAT.visible_rival_supply_stress_price,livestock.own.GOOSE.daily_feed_current_buy_cost,0.9980761454031964
pressure.WHEAT.wave_revenue_after_rival_supply_stress,market_plan.WHEAT.immediate_revenue,0.99973640242061
pressure.WHEAT.wave_revenue_after_rival_supply_stress,market_plan.WHEAT.h4.quiet_revenue,0.9989456829769736
pressure.WHEAT.wave_revenue_after_rival_supply_stress,market_plan.WHEAT.h4.rival_stress_revenue,0.9990187396707737
pressure.WHEAT.wave_revenue_after_rival_supply_stress,market_plan.WHEAT.h12.quiet_revenue,0.9973854189512249
pressure.WHEAT.wave_revenue_after_rival_supply_stress,market_plan.WHEAT.h12.rival_stress_revenue,0.9975912500522304
pressure.CARROT.opponent_visible_ready_units,market_plan.CARROT.rival_ready_units,1.0
pressure.CARROT.opponent_visible_ready_units,market_plan.CARROT.rival_earliest_delivery,-0.9991821278645959
pressure.CARROT.known_demand_next_day,pressure.CARROT.wave_minus_known_day_demand,-1.0
pressure.TOMATO.own_held_and_ready_wave,market_plan.TOMATO.conditional_quantity,1.0
pressure.TOMATO.opponent_visible_ready_units,market_plan.TOMATO.rival_ready_units,1.0
pressure.TOMATO.wave_conditional_revenue,pressure.TOMATO.wave_revenue_after_rival_supply_stress,0.9999919784887781
pressure.TOMATO.wave_conditional_revenue,market_plan.TOMATO.immediate_revenue,1.0
pressure.TOMATO.wave_revenue_after_rival_supply_stress,market_plan.TOMATO.immediate_revenue,0.9999919784887781
pressure.STRAWBERRY.own_held_and_ready_wave,pressure.STRAWBERRY.wave_conditional_revenue,0.9952191504934624
pressure.STRAWBERRY.own_held_and_ready_wave,pressure.STRAWBERRY.wave_revenue_after_rival_supply_stress,0.9951947032671736
pressure.STRAWBERRY.own_held_and_ready_wave,market_plan.STRAWBERRY.conditional_quantity,1.0
pressure.STRAWBERRY.own_held_and_ready_wave,market_plan.STRAWBERRY.immediate_revenue,0.9952191504934624
pressure.STRAWBERRY.opponent_visible_ready_units,market_plan.STRAWBERRY.rival_ready_units,1.0
pressure.STRAWBERRY.wave_conditional_revenue,pressure.STRAWBERRY.wave_revenue_after_rival_supply_stress,0.9999947527132172
pressure.STRAWBERRY.wave_conditional_revenue,market_plan.STRAWBERRY.conditional_quantity,0.9952191504934624
pressure.STRAWBERRY.wave_conditional_revenue,market_plan.STRAWBERRY.immediate_revenue,1.0
pressure.STRAWBERRY.visible_rival_supply_stress_price,market_plan.STRAWBERRY.h4.demand_only_inventory,-0.9981034037113113
pressure.STRAWBERRY.visible_rival_supply_stress_price,market_plan.STRAWBERRY.h12.demand_only_inventory,-0.9961817786383297
pressure.STRAWBERRY.wave_revenue_after_rival_supply_stress,market_plan.STRAWBERRY.conditional_quantity,0.9951947032671736
pressure.STRAWBERRY.wave_revenue_after_rival_supply_stress,market_plan.STRAWBERRY.immediate_revenue,0.9999947527132172
pressure.MELON.opponent_visible_ready_units,market_plan.MELON.rival_ready_units,1.0
pressure.MELON.opponent_visible_ready_units,market_plan.MELON.rival_earliest_delivery,-0.9996232152417659
pressure.MELON.known_demand_next_day,pressure.MELON.wave_minus_known_day_demand,-1.0
pressure.EGG.own_held_and_ready_wave,market_plan.EGG.conditional_quantity,1.0
pressure.EGG.opponent_visible_ready_units,market_plan.EGG.rival_ready_units,1.0
pressure.EGG.opponent_visible_ready_units,market_plan.EGG.rival_earliest_delivery,-0.9989452965967082
pressure.EGG.opponent_visible_ready_units,livestock.opponent.GOOSE.held_units,1.0
pressure.EGG.wave_conditional_revenue,pressure.EGG.wave_revenue_after_rival_supply_stress,0.9997850410307061
pressure.EGG.wave_conditional_revenue,market_plan.EGG.immediate_revenue,1.0
pressure.EGG.wave_conditional_revenue,market_plan.EGG.h4.quiet_revenue,0.9988791885135321
pressure.EGG.wave_conditional_revenue,market_plan.EGG.h4.rival_stress_revenue,0.9987976390519222
pressure.EGG.wave_conditional_revenue,market_plan.EGG.h12.quiet_revenue,0.9968084372003612
pressure.EGG.wave_conditional_revenue,market_plan.EGG.h12.rival_stress_revenue,0.9968038861890346
pressure.EGG.wave_revenue_after_rival_supply_stress,market_plan.EGG.immediate_revenue,0.9997850410307061
pressure.EGG.wave_revenue_after_rival_supply_stress,market_plan.EGG.h4.quiet_revenue,0.9986427225190905
pressure.EGG.wave_revenue_after_rival_supply_stress,market_plan.EGG.h4.rival_stress_revenue,0.9988772909720254
pressure.EGG.wave_revenue_after_rival_supply_stress,market_plan.EGG.h12.quiet_revenue,0.9965953161042642
pressure.EGG.wave_revenue_after_rival_supply_stress,market_plan.EGG.h12.rival_stress_revenue,0.9968228336428624
pressure.MILK.own_held_and_ready_wave,market_plan.MILK.conditional_quantity,1.0
pressure.MILK.opponent_visible_ready_units,market_plan.MILK.rival_ready_units,1.0
pressure.MILK.opponent_visible_ready_units,market_plan.MILK.rival_earliest_delivery,-0.9992612666582104
pressure.MILK.opponent_visible_ready_units,market_plan.MILK.h4.rival_penalty,0.9992959972631672
pressure.MILK.opponent_visible_ready_units,market_plan.MILK.h12.rival_penalty,0.9993665007564053
pressure.MILK.opponent_visible_ready_units,market_plan.MILK.h24.rival_penalty,0.9993674936416539
pressure.MILK.opponent_visible_ready_units,livestock.opponent.COW.held_units,1.0
pressure.MILK.wave_conditional_revenue,pressure.MILK.wave_revenue_after_rival_supply_stress,0.9998853616130047
pressure.MILK.wave_conditional_revenue,market_plan.MILK.immediate_revenue,1.0
pressure.MILK.wave_conditional_revenue,market_plan.MILK.h4.quiet_revenue,0.9999848314591355
pressure.MILK.wave_conditional_revenue,market_plan.MILK.h4.rival_stress_revenue,0.9999243409159753
pressure.MILK.wave_conditional_revenue,market_plan.MILK.h12.quiet_revenue,0.9999193282252046
pressure.MILK.wave_conditional_revenue,market_plan.MILK.h12.rival_stress_revenue,0.9998538219976815
pressure.MILK.wave_conditional_revenue,market_plan.MILK.h24.quiet_revenue,0.9982557462213821
pressure.MILK.wave_conditional_revenue,market_plan.MILK.h24.rival_stress_revenue,0.9982367836505598
pressure.MILK.visible_rival_supply_stress_price,market_plan.MILK.h4.demand_only_inventory,-0.9950378662321033
pressure.MILK.wave_revenue_after_rival_supply_stress,market_plan.MILK.immediate_revenue,0.9998853616130047
pressure.MILK.wave_revenue_after_rival_supply_stress,market_plan.MILK.h4.quiet_revenue,0.9998432043325142
pressure.MILK.wave_revenue_after_rival_supply_stress,market_plan.MILK.h4.rival_stress_revenue,0.9999619130822301
pressure.MILK.wave_revenue_after_rival_supply_stress,market_plan.MILK.h12.quiet_revenue,0.9997602424431922
pressure.MILK.wave_revenue_after_rival_supply_stress,market_plan.MILK.h12.rival_stress_revenue,0.9999208951943019
pressure.MILK.wave_revenue_after_rival_supply_stress,market_plan.MILK.h24.quiet_revenue,0.9980586722482669
pressure.MILK.wave_revenue_after_rival_supply_stress,market_plan.MILK.h24.rival_stress_revenue,0.9982498702237453
pressure.WOOL.own_held_and_ready_wave,market_plan.WOOL.conditional_quantity,1.0
pressure.WOOL.opponent_visible_ready_units,market_plan.WOOL.rival_ready_units,1.0
pressure.WOOL.opponent_visible_ready_units,market_plan.WOOL.rival_earliest_delivery,-0.9974436876726797
pressure.WOOL.opponent_visible_ready_units,livestock.opponent.SHEEP.held_units,1.0
pressure.WOOL.wave_conditional_revenue,pressure.WOOL.wave_revenue_after_rival_supply_stress,0.9998087278168709
pressure.WOOL.wave_conditional_revenue,market_plan.WOOL.immediate_revenue,1.0
pressure.WOOL.wave_conditional_revenue,market_plan.WOOL.h4.quiet_revenue,0.9999294546953196
pressure.WOOL.wave_conditional_revenue,market_plan.WOOL.h4.rival_stress_revenue,0.9997941517029623
pressure.WOOL.wave_conditional_revenue,market_plan.WOOL.h12.quiet_revenue,0.9993800300610886
pressure.WOOL.wave_conditional_revenue,market_plan.WOOL.h12.rival_stress_revenue,0.9992287137260126
pressure.WOOL.wave_revenue_after_rival_supply_stress,market_plan.WOOL.immediate_revenue,0.9998087278168709
pressure.WOOL.wave_revenue_after_rival_supply_stress,market_plan.WOOL.h4.quiet_revenue,0.9997294337097624
pressure.WOOL.wave_revenue_after_rival_supply_stress,market_plan.WOOL.h4.rival_stress_revenue,0.9999050344192226
pressure.WOOL.wave_revenue_after_rival_supply_stress,market_plan.WOOL.h12.quiet_revenue,0.9992219087922033
pressure.WOOL.wave_revenue_after_rival_supply_stress,market_plan.WOOL.h12.rival_stress_revenue,0.9993742506009692
pressure.FERTILIZER.own_held_and_ready_wave,pressure.FERTILIZER.wave_minus_known_day_demand,1.0
pressure.FERTILIZER.own_held_and_ready_wave,market_plan.FERTILIZER.conditional_quantity,1.0
pressure.FERTILIZER.own_held_and_ready_wave,livestock.resources.manure_total,1.0
pressure.FERTILIZER.wave_conditional_revenue,pressure.FERTILIZER.wave_revenue_after_rival_supply_stress,1.0
pressure.FERTILIZER.wave_conditional_revenue,market_plan.FERTILIZER.immediate_revenue,1.0
pressure.FERTILIZER.wave_conditional_revenue,market_plan.FERTILIZER.h4.quiet_revenue,0.9978876586948444
pressure.FERTILIZER.wave_conditional_revenue,market_plan.FERTILIZER.h4.rival_stress_revenue,0.9978876586948444
pressure.FERTILIZER.wave_conditional_revenue,market_plan.FERTILIZER.h12.quiet_revenue,0.9956647452357834
pressure.FERTILIZER.wave_conditional_revenue,market_plan.FERTILIZER.h12.rival_stress_revenue,0.9956647452357834
pressure.FERTILIZER.wave_minus_known_day_demand,market_plan.FERTILIZER.conditional_quantity,1.0
pressure.FERTILIZER.wave_minus_known_day_demand,livestock.resources.manure_total,1.0
pressure.FERTILIZER.visible_rival_supply_stress_price,market_plan.FERTILIZER.h4.demand_only_price,0.9978163283228633
pressure.FERTILIZER.visible_rival_supply_stress_price,market_plan.FERTILIZER.h12.demand_only_price,0.995726362882154
pressure.FERTILIZER.wave_revenue_after_rival_supply_stress,market_plan.FERTILIZER.immediate_revenue,1.0
pressure.FERTILIZER.wave_revenue_after_rival_supply_stress,market_plan.FERTILIZER.h4.quiet_revenue,0.9978876586948444
pressure.FERTILIZER.wave_revenue_after_rival_supply_stress,market_plan.FERTILIZER.h4.rival_stress_revenue,0.9978876586948444
pressure.FERTILIZER.wave_revenue_after_rival_supply_stress,market_plan.FERTILIZER.h12.quiet_revenue,0.9956647452357834
pressure.FERTILIZER.wave_revenue_after_rival_supply_stress,market_plan.FERTILIZER.h12.rival_stress_revenue,0.9956647452357834
history.lag1.available,market_history.WHEAT.last.available,1.0
history.lag1.available,market_history.WHEAT.w4.observed,1.0
history.lag1.available,market_history.CARROT.last.available,1.0
history.lag1.available,market_history.CARROT.last.sales_identified,1.0
history.lag1.available,market_history.CARROT.w4.observed,1.0
history.lag1.available,market_history.CARROT.w4.identified_fraction,1.0
history.lag1.available,market_history.CARROT.w12.identified_fraction,1.0
history.lag1.available,market_history.CARROT.w24.identified_fraction,1.0
history.lag1.available,market_history.TOMATO.last.available,1.0
history.lag1.available,market_history.TOMATO.last.sales_identified,1.0
history.lag1.available,market_history.TOMATO.w4.observed,1.0
history.lag1.available,market_history.TOMATO.w4.identified_fraction,1.0
history.lag1.available,market_history.TOMATO.w12.identified_fraction,1.0
history.lag1.available,market_history.TOMATO.w24.identified_fraction,1.0
history.lag1.available,market_history.STRAWBERRY.last.available,1.0
history.lag1.available,market_history.STRAWBERRY.last.sales_identified,1.0
history.lag1.available,market_history.STRAWBERRY.w4.observed,1.0
history.lag1.available,market_history.STRAWBERRY.w4.identified_fraction,1.0
history.lag1.available,market_history.STRAWBERRY.w12.identified_fraction,1.0
history.lag1.available,market_history.STRAWBERRY.w24.identified_fraction,1.0
history.lag1.available,market_history.MELON.last.available,1.0
history.lag1.available,market_history.MELON.last.sales_identified,1.0
history.lag1.available,market_history.MELON.w4.observed,1.0
history.lag1.available,market_history.EGG.last.available,1.0
history.lag1.available,market_history.EGG.last.sales_identified,1.0
history.lag1.available,market_history.EGG.w4.observed,1.0
history.lag1.available,market_history.EGG.w4.identified_fraction,1.0
history.lag1.available,market_history.EGG.w12.identified_fraction,1.0
history.lag1.available,market_history.EGG.w24.identified_fraction,1.0
history.lag1.available,market_history.MILK.last.available,1.0
history.lag1.available,market_history.MILK.last.sales_identified,1.0
history.lag1.available,market_history.MILK.w4.observed,1.0
history.lag1.available,market_history.MILK.w4.identified_fraction,1.0
history.lag1.available,market_history.MILK.w12.identified_fraction,1.0
history.lag1.available,market_history.MILK.w24.identified_fraction,1.0
history.lag1.available,market_history.WOOL.last.available,1.0
history.lag1.available,market_history.WOOL.w4.observed,1.0
history.lag1.available,market_history.FERTILIZER.last.available,1.0
history.lag1.available,market_history.FERTILIZER.w4.observed,1.0
history.lag1.WHEAT.inventory_change,market_history.WHEAT.last.trade_net,1.0
history.lag1.WHEAT.price_log_change,market_history.WHEAT.last.quote_change,0.999955791955784
history.lag1.CARROT.inventory_change,market_history.CARROT.last.trade_net,1.0
history.lag1.CARROT.inventory_change,market_history.CARROT.last.sales_lower,1.0
history.lag1.CARROT.inventory_change,market_history.CARROT.last.sales_upper,1.0
history.lag1.CARROT.price_log_change,market_history.CARROT.last.quote_change,0.9999998694517815
history.lag1.TOMATO.inventory_change,market_history.TOMATO.last.trade_net,1.0
history.lag1.TOMATO.price_log_change,market_history.TOMATO.last.quote_change,0.9999980434719724
history.lag1.STRAWBERRY.inventory_change,market_history.STRAWBERRY.last.trade_net,1.0
history.lag1.STRAWBERRY.price_log_change,market_history.STRAWBERRY.last.quote_change,0.99999689293405
history.lag1.EGG.inventory_change,market_history.EGG.last.trade_net,1.0
history.lag1.EGG.price_log_change,market_history.EGG.last.quote_change,0.9999844072454507
history.lag1.MILK.inventory_change,market_history.MILK.last.trade_net,1.0
history.lag1.MILK.price_log_change,market_history.MILK.last.quote_change,0.9999910629811625
history.lag1.WOOL.inventory_change,market_history.WOOL.last.trade_net,1.0
history.lag1.WOOL.price_log_change,market_history.WOOL.last.quote_change,0.9999879070534247
history.lag1.FERTILIZER.inventory_change,market_history.FERTILIZER.last.trade_net,1.0
history.lag1.FERTILIZER.price_log_change,market_history.FERTILIZER.last.quote_change,0.9998221382450097
history.lag24.available,market_history.WHEAT.w24.observed,0.9998158887952728
history.lag24.available,market_history.CARROT.w24.observed,0.9998158887952728
history.lag24.available,market_history.TOMATO.w24.observed,0.9998158887952728
history.lag24.available,market_history.STRAWBERRY.w24.observed,0.9998158887952728
history.lag24.available,market_history.MELON.w24.observed,0.9998158887952728
history.lag24.available,market_history.EGG.w24.observed,0.9998158887952728
history.lag24.available,market_history.MILK.w24.observed,0.9998158887952728
history.lag24.available,market_history.WOOL.w24.observed,0.9998158887952728
history.lag24.available,market_history.FERTILIZER.w24.observed,0.9998158887952728
history.lag24.FERTILIZER.inventory_change,market_history.FERTILIZER.w24.trade_sum,1.0
market_plan.WHEAT.shed_units,livestock.resources.wheat_in_shed,1.0
market_plan.WHEAT.carried_units,livestock.resources.wheat_carried,1.0
market_plan.WHEAT.immediate_revenue,market_plan.WHEAT.h4.quiet_revenue,0.9992203400996512
market_plan.WHEAT.immediate_revenue,market_plan.WHEAT.h4.rival_stress_revenue,0.9991653673809962
market_plan.WHEAT.immediate_revenue,market_plan.WHEAT.h12.quiet_revenue,0.997618004905908
market_plan.WHEAT.immediate_revenue,market_plan.WHEAT.h12.rival_stress_revenue,0.997455059201822
market_plan.WHEAT.h4.available,market_plan.CARROT.h4.available,1.0
market_plan.WHEAT.h4.available,market_plan.TOMATO.h4.available,1.0
market_plan.WHEAT.h4.available,market_plan.STRAWBERRY.h4.available,1.0
market_plan.WHEAT.h4.available,market_plan.MELON.h4.available,1.0
market_plan.WHEAT.h4.available,market_plan.EGG.h4.available,1.0
market_plan.WHEAT.h4.available,market_plan.MILK.h4.available,1.0
market_plan.WHEAT.h4.available,market_plan.WOOL.h4.available,1.0
market_plan.WHEAT.h4.available,market_plan.FERTILIZER.h4.available,1.0
market_plan.WHEAT.h4.demand_only_inventory,market_plan.WHEAT.h12.demand_only_inventory,0.998844297977273
market_plan.WHEAT.h4.demand_only_inventory,market_plan.WHEAT.h24.demand_only_inventory,0.9970515833479178
market_plan.WHEAT.h4.demand_only_inventory,livestock.own.COW.daily_feed_current_buy_cost,-0.9978439926688991
market_plan.WHEAT.h4.demand_only_inventory,livestock.own.GOOSE.daily_feed_current_buy_cost,-0.997857167966176
market_plan.WHEAT.h4.quiet_revenue,market_plan.WHEAT.h4.rival_stress_revenue,0.9999315851289622
market_plan.WHEAT.h4.quiet_revenue,market_plan.WHEAT.h12.quiet_revenue,0.9984398578169166
market_plan.WHEAT.h4.quiet_revenue,market_plan.WHEAT.h12.rival_stress_revenue,0.9982649605756062
market_plan.WHEAT.h4.rival_stress_revenue,market_plan.WHEAT.h12.quiet_revenue,0.9983612605746781
market_plan.WHEAT.h4.rival_stress_revenue,market_plan.WHEAT.h12.rival_stress_revenue,0.9983043653642412
market_plan.WHEAT.h12.available,market_plan.CARROT.h12.available,1.0
market_plan.WHEAT.h12.available,market_plan.TOMATO.h12.available,1.0
market_plan.WHEAT.h12.available,market_plan.STRAWBERRY.h12.available,1.0
market_plan.WHEAT.h12.available,market_plan.MELON.h12.available,1.0
market_plan.WHEAT.h12.available,market_plan.EGG.h12.available,1.0
market_plan.WHEAT.h12.available,market_plan.MILK.h12.available,1.0
market_plan.WHEAT.h12.available,market_plan.WOOL.h12.available,1.0
market_plan.WHEAT.h12.available,market_plan.FERTILIZER.h12.available,1.0
market_plan.WHEAT.h12.demand_only_inventory,market_plan.WHEAT.h24.demand_only_inventory,0.9981999709523037
market_plan.WHEAT.h12.demand_only_inventory,livestock.own.COW.daily_feed_current_buy_cost,-0.9967048665552265
market_plan.WHEAT.h12.demand_only_inventory,livestock.own.GOOSE.daily_feed_current_buy_cost,-0.9967150982399287
market_plan.WHEAT.h12.quiet_revenue,market_plan.WHEAT.h12.rival_stress_revenue,0.9997677262472461
market_plan.WHEAT.h24.available,market_plan.CARROT.h24.available,1.0
market_plan.WHEAT.h24.available,market_plan.TOMATO.h24.available,1.0
market_plan.WHEAT.h24.available,market_plan.STRAWBERRY.h24.available,1.0
market_plan.WHEAT.h24.available,market_plan.MELON.h24.available,1.0
market_plan.WHEAT.h24.available,market_plan.MELON.h24.known_demand,1.0
market_plan.WHEAT.h24.available,market_plan.EGG.h24.available,1.0
market_plan.WHEAT.h24.available,market_plan.MILK.h24.available,1.0
market_plan.WHEAT.h24.available,market_plan.WOOL.h24.available,1.0
market_plan.WHEAT.h24.available,market_plan.FERTILIZER.h24.available,1.0
market_plan.WHEAT.h24.available,market_worker.0.night_sale_available,1.0
market_plan.WHEAT.h24.quiet_revenue,market_plan.WHEAT.h24.rival_stress_revenue,0.9997678316743909
market_plan.CARROT.rival_ready_units,market_plan.CARROT.rival_earliest_delivery,-0.9991821278645959
market_plan.CARROT.h4.available,market_plan.TOMATO.h4.available,1.0
market_plan.CARROT.h4.available,market_plan.STRAWBERRY.h4.available,1.0
market_plan.CARROT.h4.available,market_plan.MELON.h4.available,1.0
market_plan.CARROT.h4.available,market_plan.EGG.h4.available,1.0
market_plan.CARROT.h4.available,market_plan.MILK.h4.available,1.0
market_plan.CARROT.h4.available,market_plan.WOOL.h4.available,1.0
market_plan.CARROT.h4.available,market_plan.FERTILIZER.h4.available,1.0
market_plan.CARROT.h4.demand_only_inventory,market_plan.CARROT.h12.demand_only_inventory,0.9957234708432714
market_plan.CARROT.h12.available,market_plan.TOMATO.h12.available,1.0
market_plan.CARROT.h12.available,market_plan.STRAWBERRY.h12.available,1.0
market_plan.CARROT.h12.available,market_plan.MELON.h12.available,1.0
market_plan.CARROT.h12.available,market_plan.EGG.h12.available,1.0
market_plan.CARROT.h12.available,market_plan.MILK.h12.available,1.0
market_plan.CARROT.h12.available,market_plan.WOOL.h12.available,1.0
market_plan.CARROT.h12.available,market_plan.FERTILIZER.h12.available,1.0
market_plan.CARROT.h24.available,market_plan.TOMATO.h24.available,1.0
market_plan.CARROT.h24.available,market_plan.STRAWBERRY.h24.available,1.0
market_plan.CARROT.h24.available,market_plan.MELON.h24.available,1.0
market_plan.CARROT.h24.available,market_plan.MELON.h24.known_demand,1.0
market_plan.CARROT.h24.available,market_plan.EGG.h24.available,1.0
market_plan.CARROT.h24.available,market_plan.MILK.h24.available,1.0
market_plan.CARROT.h24.available,market_plan.WOOL.h24.available,1.0
market_plan.CARROT.h24.available,market_plan.FERTILIZER.h24.available,1.0
market_plan.CARROT.h24.available,market_worker.0.night_sale_available,1.0
market_plan.TOMATO.h4.available,market_plan.STRAWBERRY.h4.available,1.0
market_plan.TOMATO.h4.available,market_plan.MELON.h4.available,1.0
market_plan.TOMATO.h4.available,market_plan.EGG.h4.available,1.0
market_plan.TOMATO.h4.available,market_plan.MILK.h4.available,1.0
market_plan.TOMATO.h4.available,market_plan.WOOL.h4.available,1.0
market_plan.TOMATO.h4.available,market_plan.FERTILIZER.h4.available,1.0
market_plan.TOMATO.h4.quiet_revenue,market_plan.TOMATO.h4.rival_stress_revenue,0.9999996981260083
market_plan.TOMATO.h12.available,market_plan.STRAWBERRY.h12.available,1.0
market_plan.TOMATO.h12.available,market_plan.MELON.h12.available,1.0
market_plan.TOMATO.h12.available,market_plan.EGG.h12.available,1.0
market_plan.TOMATO.h12.available,market_plan.MILK.h12.available,1.0
market_plan.TOMATO.h12.available,market_plan.WOOL.h12.available,1.0
market_plan.TOMATO.h12.available,market_plan.FERTILIZER.h12.available,1.0
market_plan.TOMATO.h12.quiet_revenue,market_plan.TOMATO.h12.rival_stress_revenue,0.9999928849411881
market_plan.TOMATO.h24.available,market_plan.STRAWBERRY.h24.available,1.0
market_plan.TOMATO.h24.available,market_plan.MELON.h24.available,1.0
market_plan.TOMATO.h24.available,market_plan.MELON.h24.known_demand,1.0
market_plan.TOMATO.h24.available,market_plan.EGG.h24.available,1.0
market_plan.TOMATO.h24.available,market_plan.MILK.h24.available,1.0
market_plan.TOMATO.h24.available,market_plan.WOOL.h24.available,1.0
market_plan.TOMATO.h24.available,market_plan.FERTILIZER.h24.available,1.0
market_plan.TOMATO.h24.available,market_worker.0.night_sale_available,1.0
market_plan.TOMATO.h24.quiet_revenue,market_plan.TOMATO.h24.rival_stress_revenue,0.9999920438728652
market_plan.STRAWBERRY.conditional_quantity,market_plan.STRAWBERRY.immediate_revenue,0.9952191504934624
market_plan.STRAWBERRY.h4.available,market_plan.MELON.h4.available,1.0
market_plan.STRAWBERRY.h4.available,market_plan.EGG.h4.available,1.0
market_plan.STRAWBERRY.h4.available,market_plan.MILK.h4.available,1.0
market_plan.STRAWBERRY.h4.available,market_plan.WOOL.h4.available,1.0
market_plan.STRAWBERRY.h4.available,market_plan.FERTILIZER.h4.available,1.0
market_plan.STRAWBERRY.h4.demand_only_inventory,market_plan.STRAWBERRY.h12.demand_only_inventory,0.9980765102685741
market_plan.STRAWBERRY.h4.demand_only_inventory,market_plan.STRAWBERRY.h24.demand_only_inventory,0.995394040321326
market_plan.STRAWBERRY.h4.quiet_revenue,market_plan.STRAWBERRY.h4.rival_stress_revenue,0.999999917472857
market_plan.STRAWBERRY.h12.available,market_plan.MELON.h12.available,1.0
market_plan.STRAWBERRY.h12.available,market_plan.EGG.h12.available,1.0
market_plan.STRAWBERRY.h12.available,market_plan.MILK.h12.available,1.0
market_plan.STRAWBERRY.h12.available,market_plan.WOOL.h12.available,1.0
market_plan.STRAWBERRY.h12.available,market_plan.FERTILIZER.h12.available,1.0
market_plan.STRAWBERRY.h12.demand_only_inventory,market_plan.STRAWBERRY.h24.demand_only_inventory,0.9971470641812312
market_plan.STRAWBERRY.h12.quiet_revenue,market_plan.STRAWBERRY.h12.rival_stress_revenue,0.9999971964799845
market_plan.STRAWBERRY.h24.available,market_plan.MELON.h24.available,1.0
market_plan.STRAWBERRY.h24.available,market_plan.MELON.h24.known_demand,1.0
market_plan.STRAWBERRY.h24.available,market_plan.EGG.h24.available,1.0
market_plan.STRAWBERRY.h24.available,market_plan.MILK.h24.available,1.0
market_plan.STRAWBERRY.h24.available,market_plan.WOOL.h24.available,1.0
market_plan.STRAWBERRY.h24.available,market_plan.FERTILIZER.h24.available,1.0
market_plan.STRAWBERRY.h24.available,market_worker.0.night_sale_available,1.0
market_plan.STRAWBERRY.h24.quiet_revenue,market_plan.STRAWBERRY.h24.rival_stress_revenue,0.9999971940827981
market_plan.MELON.rival_ready_units,market_plan.MELON.rival_earliest_delivery,-0.9996232152417659
market_plan.MELON.h4.available,market_plan.EGG.h4.available,1.0
market_plan.MELON.h4.available,market_plan.MILK.h4.available,1.0
market_plan.MELON.h4.available,market_plan.WOOL.h4.available,1.0
market_plan.MELON.h4.available,market_plan.FERTILIZER.h4.available,1.0
market_plan.MELON.h4.known_demand,market_worker.1.present,-1.0
market_plan.MELON.h4.known_demand,market_worker.2.present,-1.0
market_plan.MELON.h4.known_demand,market_worker.3.present,-1.0
market_plan.MELON.h12.available,market_plan.EGG.h12.available,1.0
market_plan.MELON.h12.available,market_plan.MILK.h12.available,1.0
market_plan.MELON.h12.available,market_plan.WOOL.h12.available,1.0
market_plan.MELON.h12.available,market_plan.FERTILIZER.h12.available,1.0
market_plan.MELON.h24.available,market_plan.MELON.h24.known_demand,1.0
market_plan.MELON.h24.available,market_plan.EGG.h24.available,1.0
market_plan.MELON.h24.available,market_plan.MILK.h24.available,1.0
market_plan.MELON.h24.available,market_plan.WOOL.h24.available,1.0
market_plan.MELON.h24.available,market_plan.FERTILIZER.h24.available,1.0
market_plan.MELON.h24.available,market_worker.0.night_sale_available,1.0
market_plan.MELON.h24.known_demand,market_plan.EGG.h24.available,1.0
market_plan.MELON.h24.known_demand,market_plan.MILK.h24.available,1.0
market_plan.MELON.h24.known_demand,market_plan.WOOL.h24.available,1.0
market_plan.MELON.h24.known_demand,market_plan.FERTILIZER.h24.available,1.0
market_plan.MELON.h24.known_demand,market_worker.0.night_sale_available,1.0
market_plan.EGG.own_ready_units,livestock.own.GOOSE.held_units,1.0
market_plan.EGG.rival_ready_units,market_plan.EGG.rival_earliest_delivery,-0.9989452965967082
market_plan.EGG.rival_ready_units,livestock.opponent.GOOSE.held_units,1.0
market_plan.EGG.rival_earliest_delivery,livestock.opponent.GOOSE.held_units,-0.9989452965967082
market_plan.EGG.immediate_revenue,market_plan.EGG.h4.quiet_revenue,0.9988791885135321
market_plan.EGG.immediate_revenue,market_plan.EGG.h4.rival_stress_revenue,0.9987976390519222
market_plan.EGG.immediate_revenue,market_plan.EGG.h12.quiet_revenue,0.9968084372003612
market_plan.EGG.immediate_revenue,market_plan.EGG.h12.rival_stress_revenue,0.9968038861890346
market_plan.EGG.h4.available,market_plan.MILK.h4.available,1.0
market_plan.EGG.h4.available,market_plan.WOOL.h4.available,1.0
market_plan.EGG.h4.available,market_plan.FERTILIZER.h4.available,1.0
market_plan.EGG.h4.quiet_revenue,market_plan.EGG.h4.rival_stress_revenue,0.9998128587317837
market_plan.EGG.h4.quiet_revenue,market_plan.EGG.h12.quiet_revenue,0.9979915046222343
market_plan.EGG.h4.quiet_revenue,market_plan.EGG.h12.rival_stress_revenue,0.997936765800028
market_plan.EGG.h4.rival_stress_revenue,market_plan.EGG.h12.quiet_revenue,0.9978162389015509
market_plan.EGG.h4.rival_stress_revenue,market_plan.EGG.h12.rival_stress_revenue,0.9980008086086801
market_plan.EGG.h12.available,market_plan.MILK.h12.available,1.0
market_plan.EGG.h12.available,market_plan.WOOL.h12.available,1.0
market_plan.EGG.h12.available,market_plan.FERTILIZER.h12.available,1.0
market_plan.EGG.h12.quiet_revenue,market_plan.EGG.h12.rival_stress_revenue,0.9998258509944593
market_plan.EGG.h24.available,market_plan.MILK.h24.available,1.0
market_plan.EGG.h24.available,market_plan.WOOL.h24.available,1.0
market_plan.EGG.h24.available,market_plan.FERTILIZER.h24.available,1.0
market_plan.EGG.h24.available,market_worker.0.night_sale_available,1.0
market_plan.EGG.h24.quiet_revenue,market_plan.EGG.h24.rival_stress_revenue,0.9998634302316765
market_plan.MILK.own_ready_units,livestock.own.COW.held_units,1.0
market_plan.MILK.rival_ready_units,market_plan.MILK.rival_earliest_delivery,-0.9992612666582104
market_plan.MILK.rival_ready_units,market_plan.MILK.h4.rival_penalty,0.9992959972631672
market_plan.MILK.rival_ready_units,market_plan.MILK.h12.rival_penalty,0.9993665007564053
market_plan.MILK.rival_ready_units,market_plan.MILK.h24.rival_penalty,0.9993674936416539
market_plan.MILK.rival_ready_units,livestock.opponent.COW.held_units,1.0
market_plan.MILK.rival_earliest_delivery,market_plan.MILK.h4.rival_penalty,-0.9991107329775459
market_plan.MILK.rival_earliest_delivery,market_plan.MILK.h12.rival_penalty,-0.9987190161533172
market_plan.MILK.rival_earliest_delivery,market_plan.MILK.h24.rival_penalty,-0.9987263496327451
market_plan.MILK.rival_earliest_delivery,livestock.opponent.COW.held_units,-0.9992612666582104
market_plan.MILK.immediate_revenue,market_plan.MILK.h4.quiet_revenue,0.9999848314591355
market_plan.MILK.immediate_revenue,market_plan.MILK.h4.rival_stress_revenue,0.9999243409159753
market_plan.MILK.immediate_revenue,market_plan.MILK.h12.quiet_revenue,0.9999193282252046
market_plan.MILK.immediate_revenue,market_plan.MILK.h12.rival_stress_revenue,0.9998538219976815
market_plan.MILK.immediate_revenue,market_plan.MILK.h24.quiet_revenue,0.9982557462213821
market_plan.MILK.immediate_revenue,market_plan.MILK.h24.rival_stress_revenue,0.9982367836505598
market_plan.MILK.h4.available,market_plan.WOOL.h4.available,1.0
market_plan.MILK.h4.available,market_plan.FERTILIZER.h4.available,1.0
market_plan.MILK.h4.demand_only_inventory,market_plan.MILK.h12.demand_only_inventory,0.9958656873044088
market_plan.MILK.h4.quiet_revenue,market_plan.MILK.h4.rival_stress_revenue,0.9999193945246609
market_plan.MILK.h4.quiet_revenue,market_plan.MILK.h12.quiet_revenue,0.9999641909506338
market_plan.MILK.h4.quiet_revenue,market_plan.MILK.h12.rival_stress_revenue,0.9998685402666846
market_plan.MILK.h4.quiet_revenue,market_plan.MILK.h24.quiet_revenue,0.9983485968971116
market_plan.MILK.h4.quiet_revenue,market_plan.MILK.h24.rival_stress_revenue,0.9983022286177088
market_plan.MILK.h4.rival_stress_revenue,market_plan.MILK.h12.quiet_revenue,0.9998683518849301
market_plan.MILK.h4.rival_stress_revenue,market_plan.MILK.h12.rival_stress_revenue,0.9999548602709315
market_plan.MILK.h4.rival_stress_revenue,market_plan.MILK.h24.quiet_revenue,0.9982140418627213
market_plan.MILK.h4.rival_stress_revenue,market_plan.MILK.h24.rival_stress_revenue,0.9983373609985879
market_plan.MILK.h4.rival_penalty,market_plan.MILK.h12.rival_penalty,0.9998857247787171
market_plan.MILK.h4.rival_penalty,market_plan.MILK.h24.rival_penalty,0.9998713686887116
market_plan.MILK.h4.rival_penalty,livestock.opponent.COW.held_units,0.9992959972631672
market_plan.MILK.h12.available,market_plan.WOOL.h12.available,1.0
market_plan.MILK.h12.available,market_plan.FERTILIZER.h12.available,1.0
market_plan.MILK.h12.quiet_revenue,market_plan.MILK.h12.rival_stress_revenue,0.9998797777042844
market_plan.MILK.h12.quiet_revenue,market_plan.MILK.h24.quiet_revenue,0.9984786790718452
market_plan.MILK.h12.quiet_revenue,market_plan.MILK.h24.rival_stress_revenue,0.9984095756786098
market_plan.MILK.h12.rival_stress_revenue,market_plan.MILK.h24.quiet_revenue,0.9983174824933952
market_plan.MILK.h12.rival_stress_revenue,market_plan.MILK.h24.rival_stress_revenue,0.9984725953925548
market_plan.MILK.h12.rival_penalty,market_plan.MILK.h24.rival_penalty,0.9999760346231333
market_plan.MILK.h12.rival_penalty,livestock.opponent.COW.held_units,0.9993665007564053
market_plan.MILK.h24.available,market_plan.WOOL.h24.available,1.0
market_plan.MILK.h24.available,market_plan.FERTILIZER.h24.available,1.0
market_plan.MILK.h24.available,market_worker.0.night_sale_available,1.0
market_plan.MILK.h24.quiet_revenue,market_plan.MILK.h24.rival_stress_revenue,0.9998884009147608
market_plan.MILK.h24.rival_penalty,livestock.opponent.COW.held_units,0.9993674936416539
market_plan.WOOL.own_ready_units,livestock.own.SHEEP.held_units,1.0
market_plan.WOOL.rival_ready_units,market_plan.WOOL.rival_earliest_delivery,-0.9974436876726797
market_plan.WOOL.rival_ready_units,livestock.opponent.SHEEP.held_units,1.0
market_plan.WOOL.rival_earliest_delivery,livestock.opponent.SHEEP.held_units,-0.9974436876726797
market_plan.WOOL.immediate_revenue,market_plan.WOOL.h4.quiet_revenue,0.9999294546953196
market_plan.WOOL.immediate_revenue,market_plan.WOOL.h4.rival_stress_revenue,0.9997941517029623
market_plan.WOOL.immediate_revenue,market_plan.WOOL.h12.quiet_revenue,0.9993800300610886
market_plan.WOOL.immediate_revenue,market_plan.WOOL.h12.rival_stress_revenue,0.9992287137260126
market_plan.WOOL.h4.available,market_plan.FERTILIZER.h4.available,1.0
market_plan.WOOL.h4.quiet_revenue,market_plan.WOOL.h4.rival_stress_revenue,0.9998476459391655
market_plan.WOOL.h4.quiet_revenue,market_plan.WOOL.h12.quiet_revenue,0.9994320201850717
market_plan.WOOL.h4.quiet_revenue,market_plan.WOOL.h12.rival_stress_revenue,0.999249753285193
market_plan.WOOL.h4.rival_stress_revenue,market_plan.WOOL.h12.quiet_revenue,0.9993185394402655
market_plan.WOOL.h4.rival_stress_revenue,market_plan.WOOL.h12.rival_stress_revenue,0.9993980615546416
market_plan.WOOL.h12.available,market_plan.FERTILIZER.h12.available,1.0
market_plan.WOOL.h12.quiet_revenue,market_plan.WOOL.h12.rival_stress_revenue,0.999861875925056
market_plan.WOOL.h24.available,market_plan.FERTILIZER.h24.available,1.0
market_plan.WOOL.h24.available,market_worker.0.night_sale_available,1.0
market_plan.WOOL.h24.quiet_revenue,market_plan.WOOL.h24.rival_stress_revenue,0.9998114137955547
market_plan.FERTILIZER.shed_units,livestock.resources.manure_in_shed,1.0
market_plan.FERTILIZER.conditional_quantity,livestock.resources.manure_total,1.0
market_plan.FERTILIZER.immediate_revenue,market_plan.FERTILIZER.h4.quiet_revenue,0.9978876586948444
market_plan.FERTILIZER.immediate_revenue,market_plan.FERTILIZER.h4.rival_stress_revenue,0.9978876586948444
market_plan.FERTILIZER.immediate_revenue,market_plan.FERTILIZER.h12.quiet_revenue,0.9956647452357834
market_plan.FERTILIZER.immediate_revenue,market_plan.FERTILIZER.h12.rival_stress_revenue,0.9956647452357834
market_plan.FERTILIZER.h4.demand_only_price,market_plan.FERTILIZER.h12.demand_only_price,0.9978576343638282
market_plan.FERTILIZER.h4.quiet_revenue,market_plan.FERTILIZER.h4.rival_stress_revenue,1.0
market_plan.FERTILIZER.h4.quiet_revenue,market_plan.FERTILIZER.h12.quiet_revenue,0.9977032354516702
market_plan.FERTILIZER.h4.quiet_revenue,market_plan.FERTILIZER.h12.rival_stress_revenue,0.9977032354516702
market_plan.FERTILIZER.h4.rival_stress_revenue,market_plan.FERTILIZER.h12.quiet_revenue,0.9977032354516702
market_plan.FERTILIZER.h4.rival_stress_revenue,market_plan.FERTILIZER.h12.rival_stress_revenue,0.9977032354516702
market_plan.FERTILIZER.h12.demand_only_price,market_plan.FERTILIZER.h24.demand_only_price,0.9966118603078804
market_plan.FERTILIZER.h12.quiet_revenue,market_plan.FERTILIZER.h12.rival_stress_revenue,1.0
market_plan.FERTILIZER.h12.quiet_revenue,market_plan.FERTILIZER.h24.quiet_revenue,0.9968719432541865
market_plan.FERTILIZER.h12.quiet_revenue,market_plan.FERTILIZER.h24.rival_stress_revenue,0.9968719432541865
market_plan.FERTILIZER.h12.rival_stress_revenue,market_plan.FERTILIZER.h24.quiet_revenue,0.9968719432541865
market_plan.FERTILIZER.h12.rival_stress_revenue,market_plan.FERTILIZER.h24.rival_stress_revenue,0.9968719432541865
market_plan.FERTILIZER.h24.available,market_worker.0.night_sale_available,1.0
market_plan.FERTILIZER.h24.quiet_revenue,market_plan.FERTILIZER.h24.rival_stress_revenue,1.0
market_worker.0.quiet_night_revenue,market_worker.0.rival_stress_night_revenue,0.9999787701783516
market_worker.1.present,market_worker.2.present,1.0
market_worker.1.present,market_worker.3.present,1.0
market_worker.1.quiet_night_revenue,market_worker.1.rival_stress_night_revenue,0.9999847363550698
market_worker.1.night_sale_available,market_worker.2.night_sale_available,1.0
market_worker.1.night_sale_available,market_worker.3.night_sale_available,1.0
market_worker.2.present,market_worker.3.present,1.0
market_worker.2.quiet_night_revenue,market_worker.2.rival_stress_night_revenue,0.9999776497255092
market_worker.2.night_sale_available,market_worker.3.night_sale_available,1.0
market_worker.3.quiet_night_revenue,market_worker.3.rival_stress_night_revenue,0.9999962224970614
market_history.WHEAT.last.available,market_history.WHEAT.w4.observed,1.0
market_history.WHEAT.last.available,market_history.CARROT.last.available,1.0
market_history.WHEAT.last.available,market_history.CARROT.last.sales_identified,1.0
market_history.WHEAT.last.available,market_history.CARROT.w4.observed,1.0
market_history.WHEAT.last.available,market_history.CARROT.w4.identified_fraction,1.0
market_history.WHEAT.last.available,market_history.CARROT.w12.identified_fraction,1.0
market_history.WHEAT.last.available,market_history.CARROT.w24.identified_fraction,1.0
market_history.WHEAT.last.available,market_history.TOMATO.last.available,1.0
market_history.WHEAT.last.available,market_history.TOMATO.last.sales_identified,1.0
market_history.WHEAT.last.available,market_history.TOMATO.w4.observed,1.0
market_history.WHEAT.last.available,market_history.TOMATO.w4.identified_fraction,1.0
market_history.WHEAT.last.available,market_history.TOMATO.w12.identified_fraction,1.0
market_history.WHEAT.last.available,market_history.TOMATO.w24.identified_fraction,1.0
market_history.WHEAT.last.available,market_history.STRAWBERRY.last.available,1.0
market_history.WHEAT.last.available,market_history.STRAWBERRY.last.sales_identified,1.0
market_history.WHEAT.last.available,market_history.STRAWBERRY.w4.observed,1.0
market_history.WHEAT.last.available,market_history.STRAWBERRY.w4.identified_fraction,1.0
market_history.WHEAT.last.available,market_history.STRAWBERRY.w12.identified_fraction,1.0
market_history.WHEAT.last.available,market_history.STRAWBERRY.w24.identified_fraction,1.0
market_history.WHEAT.last.available,market_history.MELON.last.available,1.0
market_history.WHEAT.last.available,market_history.MELON.last.sales_identified,1.0
market_history.WHEAT.last.available,market_history.MELON.w4.observed,1.0
market_history.WHEAT.last.available,market_history.EGG.last.available,1.0
market_history.WHEAT.last.available,market_history.EGG.last.sales_identified,1.0
market_history.WHEAT.last.available,market_history.EGG.w4.observed,1.0
market_history.WHEAT.last.available,market_history.EGG.w4.identified_fraction,1.0
market_history.WHEAT.last.available,market_history.EGG.w12.identified_fraction,1.0
market_history.WHEAT.last.available,market_history.EGG.w24.identified_fraction,1.0
market_history.WHEAT.last.available,market_history.MILK.last.available,1.0
market_history.WHEAT.last.available,market_history.MILK.last.sales_identified,1.0
market_history.WHEAT.last.available,market_history.MILK.w4.observed,1.0
market_history.WHEAT.last.available,market_history.MILK.w4.identified_fraction,1.0
market_history.WHEAT.last.available,market_history.MILK.w12.identified_fraction,1.0
market_history.WHEAT.last.available,market_history.MILK.w24.identified_fraction,1.0
market_history.WHEAT.last.available,market_history.WOOL.last.available,1.0
market_history.WHEAT.last.available,market_history.WOOL.w4.observed,1.0
market_history.WHEAT.last.available,market_history.FERTILIZER.last.available,1.0
market_history.WHEAT.last.available,market_history.FERTILIZER.w4.observed,1.0
market_history.WHEAT.w4.observed,market_history.CARROT.last.available,1.0
market_history.WHEAT.w4.observed,market_history.CARROT.last.sales_identified,1.0
market_history.WHEAT.w4.observed,market_history.CARROT.w4.observed,1.0
market_history.WHEAT.w4.observed,market_history.CARROT.w4.identified_fraction,1.0
market_history.WHEAT.w4.observed,market_history.CARROT.w12.identified_fraction,1.0
market_history.WHEAT.w4.observed,market_history.CARROT.w24.identified_fraction,1.0
market_history.WHEAT.w4.observed,market_history.TOMATO.last.available,1.0
market_history.WHEAT.w4.observed,market_history.TOMATO.last.sales_identified,1.0
market_history.WHEAT.w4.observed,market_history.TOMATO.w4.observed,1.0
market_history.WHEAT.w4.observed,market_history.TOMATO.w4.identified_fraction,1.0
market_history.WHEAT.w4.observed,market_history.TOMATO.w12.identified_fraction,1.0
market_history.WHEAT.w4.observed,market_history.TOMATO.w24.identified_fraction,1.0
market_history.WHEAT.w4.observed,market_history.STRAWBERRY.last.available,1.0
market_history.WHEAT.w4.observed,market_history.STRAWBERRY.last.sales_identified,1.0
market_history.WHEAT.w4.observed,market_history.STRAWBERRY.w4.observed,1.0
market_history.WHEAT.w4.observed,market_history.STRAWBERRY.w4.identified_fraction,1.0
market_history.WHEAT.w4.observed,market_history.STRAWBERRY.w12.identified_fraction,1.0
market_history.WHEAT.w4.observed,market_history.STRAWBERRY.w24.identified_fraction,1.0
market_history.WHEAT.w4.observed,market_history.MELON.last.available,1.0
market_history.WHEAT.w4.observed,market_history.MELON.last.sales_identified,1.0
market_history.WHEAT.w4.observed,market_history.MELON.w4.observed,1.0
market_history.WHEAT.w4.observed,market_history.EGG.last.available,1.0
market_history.WHEAT.w4.observed,market_history.EGG.last.sales_identified,1.0
market_history.WHEAT.w4.observed,market_history.EGG.w4.observed,1.0
market_history.WHEAT.w4.observed,market_history.EGG.w4.identified_fraction,1.0
market_history.WHEAT.w4.observed,market_history.EGG.w12.identified_fraction,1.0
market_history.WHEAT.w4.observed,market_history.EGG.w24.identified_fraction,1.0
market_history.WHEAT.w4.observed,market_history.MILK.last.available,1.0
market_history.WHEAT.w4.observed,market_history.MILK.last.sales_identified,1.0
market_history.WHEAT.w4.observed,market_history.MILK.w4.observed,1.0
market_history.WHEAT.w4.observed,market_history.MILK.w4.identified_fraction,1.0
market_history.WHEAT.w4.observed,market_history.MILK.w12.identified_fraction,1.0
market_history.WHEAT.w4.observed,market_history.MILK.w24.identified_fraction,1.0
market_history.WHEAT.w4.observed,market_history.WOOL.last.available,1.0
market_history.WHEAT.w4.observed,market_history.WOOL.w4.observed,1.0
market_history.WHEAT.w4.observed,market_history.FERTILIZER.last.available,1.0
market_history.WHEAT.w4.observed,market_history.FERTILIZER.w4.observed,1.0
market_history.WHEAT.w12.observed,market_history.CARROT.w12.observed,1.0
market_history.WHEAT.w12.observed,market_history.TOMATO.w12.observed,1.0
market_history.WHEAT.w12.observed,market_history.STRAWBERRY.w12.observed,1.0
market_history.WHEAT.w12.observed,market_history.MELON.w12.observed,1.0
market_history.WHEAT.w12.observed,market_history.EGG.w12.observed,1.0
market_history.WHEAT.w12.observed,market_history.MILK.w12.observed,1.0
market_history.WHEAT.w12.observed,market_history.WOOL.w12.observed,1.0
market_history.WHEAT.w12.observed,market_history.FERTILIZER.w12.observed,1.0
market_history.WHEAT.w12.observed,livestock.own.GOOSE.present,0.9999896546194708
market_history.WHEAT.w24.observed,market_history.CARROT.w24.observed,1.0
market_history.WHEAT.w24.observed,market_history.TOMATO.w24.observed,1.0
market_history.WHEAT.w24.observed,market_history.STRAWBERRY.w24.observed,1.0
market_history.WHEAT.w24.observed,market_history.MELON.w24.observed,1.0
market_history.WHEAT.w24.observed,market_history.EGG.w24.observed,1.0
market_history.WHEAT.w24.observed,market_history.MILK.w24.observed,1.0
market_history.WHEAT.w24.observed,market_history.WOOL.w24.observed,1.0
market_history.WHEAT.w24.observed,market_history.FERTILIZER.w24.observed,1.0
market_history.CARROT.last.available,market_history.CARROT.last.sales_identified,1.0
market_history.CARROT.last.available,market_history.CARROT.w4.observed,1.0
market_history.CARROT.last.available,market_history.CARROT.w4.identified_fraction,1.0
market_history.CARROT.last.available,market_history.CARROT.w12.identified_fraction,1.0
market_history.CARROT.last.available,market_history.CARROT.w24.identified_fraction,1.0
market_history.CARROT.last.available,market_history.TOMATO.last.available,1.0
market_history.CARROT.last.available,market_history.TOMATO.last.sales_identified,1.0
market_history.CARROT.last.available,market_history.TOMATO.w4.observed,1.0
market_history.CARROT.last.available,market_history.TOMATO.w4.identified_fraction,1.0
market_history.CARROT.last.available,market_history.TOMATO.w12.identified_fraction,1.0
market_history.CARROT.last.available,market_history.TOMATO.w24.identified_fraction,1.0
market_history.CARROT.last.available,market_history.STRAWBERRY.last.available,1.0
market_history.CARROT.last.available,market_history.STRAWBERRY.last.sales_identified,1.0
market_history.CARROT.last.available,market_history.STRAWBERRY.w4.observed,1.0
market_history.CARROT.last.available,market_history.STRAWBERRY.w4.identified_fraction,1.0
market_history.CARROT.last.available,market_history.STRAWBERRY.w12.identified_fraction,1.0
market_history.CARROT.last.available,market_history.STRAWBERRY.w24.identified_fraction,1.0
market_history.CARROT.last.available,market_history.MELON.last.available,1.0
market_history.CARROT.last.available,market_history.MELON.last.sales_identified,1.0
market_history.CARROT.last.available,market_history.MELON.w4.observed,1.0
market_history.CARROT.last.available,market_history.EGG.last.available,1.0
market_history.CARROT.last.available,market_history.EGG.last.sales_identified,1.0
market_history.CARROT.last.available,market_history.EGG.w4.observed,1.0
market_history.CARROT.last.available,market_history.EGG.w4.identified_fraction,1.0
market_history.CARROT.last.available,market_history.EGG.w12.identified_fraction,1.0
market_history.CARROT.last.available,market_history.EGG.w24.identified_fraction,1.0
market_history.CARROT.last.available,market_history.MILK.last.available,1.0
market_history.CARROT.last.available,market_history.MILK.last.sales_identified,1.0
market_history.CARROT.last.available,market_history.MILK.w4.observed,1.0
market_history.CARROT.last.available,market_history.MILK.w4.identified_fraction,1.0
market_history.CARROT.last.available,market_history.MILK.w12.identified_fraction,1.0
market_history.CARROT.last.available,market_history.MILK.w24.identified_fraction,1.0
market_history.CARROT.last.available,market_history.WOOL.last.available,1.0
market_history.CARROT.last.available,market_history.WOOL.w4.observed,1.0
market_history.CARROT.last.available,market_history.FERTILIZER.last.available,1.0
market_history.CARROT.last.available,market_history.FERTILIZER.w4.observed,1.0
market_history.CARROT.last.trade_net,market_history.CARROT.last.sales_lower,1.0
market_history.CARROT.last.trade_net,market_history.CARROT.last.sales_upper,1.0
market_history.CARROT.last.sales_lower,market_history.CARROT.last.sales_upper,1.0
market_history.CARROT.last.sales_identified,market_history.CARROT.w4.observed,1.0
market_history.CARROT.last.sales_identified,market_history.CARROT.w4.identified_fraction,1.0
market_history.CARROT.last.sales_identified,market_history.CARROT.w12.identified_fraction,1.0
market_history.CARROT.last.sales_identified,market_history.CARROT.w24.identified_fraction,1.0
market_history.CARROT.last.sales_identified,market_history.TOMATO.last.available,1.0
market_history.CARROT.last.sales_identified,market_history.TOMATO.last.sales_identified,1.0
market_history.CARROT.last.sales_identified,market_history.TOMATO.w4.observed,1.0
market_history.CARROT.last.sales_identified,market_history.TOMATO.w4.identified_fraction,1.0
market_history.CARROT.last.sales_identified,market_history.TOMATO.w12.identified_fraction,1.0
market_history.CARROT.last.sales_identified,market_history.TOMATO.w24.identified_fraction,1.0
market_history.CARROT.last.sales_identified,market_history.STRAWBERRY.last.available,1.0
market_history.CARROT.last.sales_identified,market_history.STRAWBERRY.last.sales_identified,1.0
market_history.CARROT.last.sales_identified,market_history.STRAWBERRY.w4.observed,1.0
market_history.CARROT.last.sales_identified,market_history.STRAWBERRY.w4.identified_fraction,1.0
market_history.CARROT.last.sales_identified,market_history.STRAWBERRY.w12.identified_fraction,1.0
market_history.CARROT.last.sales_identified,market_history.STRAWBERRY.w24.identified_fraction,1.0
market_history.CARROT.last.sales_identified,market_history.MELON.last.available,1.0
market_history.CARROT.last.sales_identified,market_history.MELON.last.sales_identified,1.0
market_history.CARROT.last.sales_identified,market_history.MELON.w4.observed,1.0
market_history.CARROT.last.sales_identified,market_history.EGG.last.available,1.0
market_history.CARROT.last.sales_identified,market_history.EGG.last.sales_identified,1.0
market_history.CARROT.last.sales_identified,market_history.EGG.w4.observed,1.0
market_history.CARROT.last.sales_identified,market_history.EGG.w4.identified_fraction,1.0
market_history.CARROT.last.sales_identified,market_history.EGG.w12.identified_fraction,1.0
market_history.CARROT.last.sales_identified,market_history.EGG.w24.identified_fraction,1.0
market_history.CARROT.last.sales_identified,market_history.MILK.last.available,1.0
market_history.CARROT.last.sales_identified,market_history.MILK.last.sales_identified,1.0
market_history.CARROT.last.sales_identified,market_history.MILK.w4.observed,1.0
market_history.CARROT.last.sales_identified,market_history.MILK.w4.identified_fraction,1.0
market_history.CARROT.last.sales_identified,market_history.MILK.w12.identified_fraction,1.0
market_history.CARROT.last.sales_identified,market_history.MILK.w24.identified_fraction,1.0
market_history.CARROT.last.sales_identified,market_history.WOOL.last.available,1.0
market_history.CARROT.last.sales_identified,market_history.WOOL.w4.observed,1.0
market_history.CARROT.last.sales_identified,market_history.FERTILIZER.last.available,1.0
market_history.CARROT.last.sales_identified,market_history.FERTILIZER.w4.observed,1.0
market_history.CARROT.w4.observed,market_history.CARROT.w4.identified_fraction,1.0
market_history.CARROT.w4.observed,market_history.CARROT.w12.identified_fraction,1.0
market_history.CARROT.w4.observed,market_history.CARROT.w24.identified_fraction,1.0
market_history.CARROT.w4.observed,market_history.TOMATO.last.available,1.0
market_history.CARROT.w4.observed,market_history.TOMATO.last.sales_identified,1.0
market_history.CARROT.w4.observed,market_history.TOMATO.w4.observed,1.0
market_history.CARROT.w4.observed,market_history.TOMATO.w4.identified_fraction,1.0
market_history.CARROT.w4.observed,market_history.TOMATO.w12.identified_fraction,1.0
market_history.CARROT.w4.observed,market_history.TOMATO.w24.identified_fraction,1.0
market_history.CARROT.w4.observed,market_history.STRAWBERRY.last.available,1.0
market_history.CARROT.w4.observed,market_history.STRAWBERRY.last.sales_identified,1.0
market_history.CARROT.w4.observed,market_history.STRAWBERRY.w4.observed,1.0
market_history.CARROT.w4.observed,market_history.STRAWBERRY.w4.identified_fraction,1.0
market_history.CARROT.w4.observed,market_history.STRAWBERRY.w12.identified_fraction,1.0
market_history.CARROT.w4.observed,market_history.STRAWBERRY.w24.identified_fraction,1.0
market_history.CARROT.w4.observed,market_history.MELON.last.available,1.0
market_history.CARROT.w4.observed,market_history.MELON.last.sales_identified,1.0
market_history.CARROT.w4.observed,market_history.MELON.w4.observed,1.0
market_history.CARROT.w4.observed,market_history.EGG.last.available,1.0
market_history.CARROT.w4.observed,market_history.EGG.last.sales_identified,1.0
market_history.CARROT.w4.observed,market_history.EGG.w4.observed,1.0
market_history.CARROT.w4.observed,market_history.EGG.w4.identified_fraction,1.0
market_history.CARROT.w4.observed,market_history.EGG.w12.identified_fraction,1.0
market_history.CARROT.w4.observed,market_history.EGG.w24.identified_fraction,1.0
market_history.CARROT.w4.observed,market_history.MILK.last.available,1.0
market_history.CARROT.w4.observed,market_history.MILK.last.sales_identified,1.0
market_history.CARROT.w4.observed,market_history.MILK.w4.observed,1.0
market_history.CARROT.w4.observed,market_history.MILK.w4.identified_fraction,1.0
market_history.CARROT.w4.observed,market_history.MILK.w12.identified_fraction,1.0
market_history.CARROT.w4.observed,market_history.MILK.w24.identified_fraction,1.0
market_history.CARROT.w4.observed,market_history.WOOL.last.available,1.0
market_history.CARROT.w4.observed,market_history.WOOL.w4.observed,1.0
market_history.CARROT.w4.observed,market_history.FERTILIZER.last.available,1.0
market_history.CARROT.w4.observed,market_history.FERTILIZER.w4.observed,1.0
market_history.CARROT.w4.trade_sum,market_history.CARROT.w4.trade_std,0.9999955178923005
market_history.CARROT.w4.trade_sum,market_history.CARROT.w4.sales_lower_sum,1.0
market_history.CARROT.w4.trade_sum,market_history.CARROT.w4.sales_upper_sum,1.0
market_history.CARROT.w4.trade_std,market_history.CARROT.w4.sales_lower_sum,0.9999955178923005
market_history.CARROT.w4.trade_std,market_history.CARROT.w4.sales_upper_sum,0.9999955178923005
market_history.CARROT.w4.sales_lower_sum,market_history.CARROT.w4.sales_upper_sum,1.0
market_history.CARROT.w4.identified_fraction,market_history.CARROT.w12.identified_fraction,1.0
market_history.CARROT.w4.identified_fraction,market_history.CARROT.w24.identified_fraction,1.0
market_history.CARROT.w4.identified_fraction,market_history.TOMATO.last.available,1.0
market_history.CARROT.w4.identified_fraction,market_history.TOMATO.last.sales_identified,1.0
market_history.CARROT.w4.identified_fraction,market_history.TOMATO.w4.observed,1.0
market_history.CARROT.w4.identified_fraction,market_history.TOMATO.w4.identified_fraction,1.0
market_history.CARROT.w4.identified_fraction,market_history.TOMATO.w12.identified_fraction,1.0
market_history.CARROT.w4.identified_fraction,market_history.TOMATO.w24.identified_fraction,1.0
market_history.CARROT.w4.identified_fraction,market_history.STRAWBERRY.last.available,1.0
market_history.CARROT.w4.identified_fraction,market_history.STRAWBERRY.last.sales_identified,1.0
market_history.CARROT.w4.identified_fraction,market_history.STRAWBERRY.w4.observed,1.0
market_history.CARROT.w4.identified_fraction,market_history.STRAWBERRY.w4.identified_fraction,1.0
market_history.CARROT.w4.identified_fraction,market_history.STRAWBERRY.w12.identified_fraction,1.0
market_history.CARROT.w4.identified_fraction,market_history.STRAWBERRY.w24.identified_fraction,1.0
market_history.CARROT.w4.identified_fraction,market_history.MELON.last.available,1.0
market_history.CARROT.w4.identified_fraction,market_history.MELON.last.sales_identified,1.0
market_history.CARROT.w4.identified_fraction,market_history.MELON.w4.observed,1.0
market_history.CARROT.w4.identified_fraction,market_history.EGG.last.available,1.0
market_history.CARROT.w4.identified_fraction,market_history.EGG.last.sales_identified,1.0
market_history.CARROT.w4.identified_fraction,market_history.EGG.w4.observed,1.0
market_history.CARROT.w4.identified_fraction,market_history.EGG.w4.identified_fraction,1.0
market_history.CARROT.w4.identified_fraction,market_history.EGG.w12.identified_fraction,1.0
market_history.CARROT.w4.identified_fraction,market_history.EGG.w24.identified_fraction,1.0
market_history.CARROT.w4.identified_fraction,market_history.MILK.last.available,1.0
market_history.CARROT.w4.identified_fraction,market_history.MILK.last.sales_identified,1.0
market_history.CARROT.w4.identified_fraction,market_history.MILK.w4.observed,1.0
market_history.CARROT.w4.identified_fraction,market_history.MILK.w4.identified_fraction,1.0
market_history.CARROT.w4.identified_fraction,market_history.MILK.w12.identified_fraction,1.0
market_history.CARROT.w4.identified_fraction,market_history.MILK.w24.identified_fraction,1.0
market_history.CARROT.w4.identified_fraction,market_history.WOOL.last.available,1.0
market_history.CARROT.w4.identified_fraction,market_history.WOOL.w4.observed,1.0
market_history.CARROT.w4.identified_fraction,market_history.FERTILIZER.last.available,1.0
market_history.CARROT.w4.identified_fraction,market_history.FERTILIZER.w4.observed,1.0
market_history.CARROT.w12.observed,market_history.TOMATO.w12.observed,1.0
market_history.CARROT.w12.observed,market_history.STRAWBERRY.w12.observed,1.0
market_history.CARROT.w12.observed,market_history.MELON.w12.observed,1.0
market_history.CARROT.w12.observed,market_history.EGG.w12.observed,1.0
market_history.CARROT.w12.observed,market_history.MILK.w12.observed,1.0
market_history.CARROT.w12.observed,market_history.WOOL.w12.observed,1.0
market_history.CARROT.w12.observed,market_history.FERTILIZER.w12.observed,1.0
market_history.CARROT.w12.observed,livestock.own.GOOSE.present,0.9999896546194708
market_history.CARROT.w12.trade_sum,market_history.CARROT.w12.trade_std,0.999989650102379
market_history.CARROT.w12.trade_sum,market_history.CARROT.w12.sales_lower_sum,1.0
market_history.CARROT.w12.trade_sum,market_history.CARROT.w12.sales_upper_sum,1.0
market_history.CARROT.w12.trade_std,market_history.CARROT.w12.sales_lower_sum,0.999989650102379
market_history.CARROT.w12.trade_std,market_history.CARROT.w12.sales_upper_sum,0.999989650102379
market_history.CARROT.w12.sales_lower_sum,market_history.CARROT.w12.sales_upper_sum,1.0
market_history.CARROT.w12.identified_fraction,market_history.CARROT.w24.identified_fraction,1.0
market_history.CARROT.w12.identified_fraction,market_history.TOMATO.last.available,1.0
market_history.CARROT.w12.identified_fraction,market_history.TOMATO.last.sales_identified,1.0
market_history.CARROT.w12.identified_fraction,market_history.TOMATO.w4.observed,1.0
market_history.CARROT.w12.identified_fraction,market_history.TOMATO.w4.identified_fraction,1.0
market_history.CARROT.w12.identified_fraction,market_history.TOMATO.w12.identified_fraction,1.0
market_history.CARROT.w12.identified_fraction,market_history.TOMATO.w24.identified_fraction,1.0
market_history.CARROT.w12.identified_fraction,market_history.STRAWBERRY.last.available,1.0
market_history.CARROT.w12.identified_fraction,market_history.STRAWBERRY.last.sales_identified,1.0
market_history.CARROT.w12.identified_fraction,market_history.STRAWBERRY.w4.observed,1.0
market_history.CARROT.w12.identified_fraction,market_history.STRAWBERRY.w4.identified_fraction,1.0
market_history.CARROT.w12.identified_fraction,market_history.STRAWBERRY.w12.identified_fraction,1.0
market_history.CARROT.w12.identified_fraction,market_history.STRAWBERRY.w24.identified_fraction,1.0
market_history.CARROT.w12.identified_fraction,market_history.MELON.last.available,1.0
market_history.CARROT.w12.identified_fraction,market_history.MELON.last.sales_identified,1.0
market_history.CARROT.w12.identified_fraction,market_history.MELON.w4.observed,1.0
market_history.CARROT.w12.identified_fraction,market_history.EGG.last.available,1.0
market_history.CARROT.w12.identified_fraction,market_history.EGG.last.sales_identified,1.0
market_history.CARROT.w12.identified_fraction,market_history.EGG.w4.observed,1.0
market_history.CARROT.w12.identified_fraction,market_history.EGG.w4.identified_fraction,1.0
market_history.CARROT.w12.identified_fraction,market_history.EGG.w12.identified_fraction,1.0
market_history.CARROT.w12.identified_fraction,market_history.EGG.w24.identified_fraction,1.0
market_history.CARROT.w12.identified_fraction,market_history.MILK.last.available,1.0
market_history.CARROT.w12.identified_fraction,market_history.MILK.last.sales_identified,1.0
market_history.CARROT.w12.identified_fraction,market_history.MILK.w4.observed,1.0
market_history.CARROT.w12.identified_fraction,market_history.MILK.w4.identified_fraction,1.0
market_history.CARROT.w12.identified_fraction,market_history.MILK.w12.identified_fraction,1.0
market_history.CARROT.w12.identified_fraction,market_history.MILK.w24.identified_fraction,1.0
market_history.CARROT.w12.identified_fraction,market_history.WOOL.last.available,1.0
market_history.CARROT.w12.identified_fraction,market_history.WOOL.w4.observed,1.0
market_history.CARROT.w12.identified_fraction,market_history.FERTILIZER.last.available,1.0
market_history.CARROT.w12.identified_fraction,market_history.FERTILIZER.w4.observed,1.0
market_history.CARROT.w24.observed,market_history.TOMATO.w24.observed,1.0
market_history.CARROT.w24.observed,market_history.STRAWBERRY.w24.observed,1.0
market_history.CARROT.w24.observed,market_history.MELON.w24.observed,1.0
market_history.CARROT.w24.observed,market_history.EGG.w24.observed,1.0
market_history.CARROT.w24.observed,market_history.MILK.w24.observed,1.0
market_history.CARROT.w24.observed,market_history.WOOL.w24.observed,1.0
market_history.CARROT.w24.observed,market_history.FERTILIZER.w24.observed,1.0
market_history.CARROT.w24.trade_sum,market_history.CARROT.w24.trade_std,0.9999744362029791
market_history.CARROT.w24.trade_sum,market_history.CARROT.w24.sales_lower_sum,1.0
market_history.CARROT.w24.trade_sum,market_history.CARROT.w24.sales_upper_sum,1.0
market_history.CARROT.w24.trade_sum,market_history.CARROT.sale_seen,0.9997869590847855
market_history.CARROT.w24.trade_sum,market_history.CARROT.sale_age,0.9996188540613105
market_history.CARROT.w24.trade_std,market_history.CARROT.w24.sales_lower_sum,0.9999744362029791
market_history.CARROT.w24.trade_std,market_history.CARROT.w24.sales_upper_sum,0.9999744362029791
market_history.CARROT.w24.trade_std,market_history.CARROT.sale_seen,0.9997863288089859
market_history.CARROT.w24.trade_std,market_history.CARROT.sale_age,0.9997017031210832
market_history.CARROT.w24.sales_lower_sum,market_history.CARROT.w24.sales_upper_sum,1.0
market_history.CARROT.w24.sales_lower_sum,market_history.CARROT.sale_seen,0.9997869590847855
market_history.CARROT.w24.sales_lower_sum,market_history.CARROT.sale_age,0.9996188540613105
market_history.CARROT.w24.sales_upper_sum,market_history.CARROT.sale_seen,0.9997869590847855
market_history.CARROT.w24.sales_upper_sum,market_history.CARROT.sale_age,0.9996188540613105
market_history.CARROT.w24.identified_fraction,market_history.TOMATO.last.available,1.0
market_history.CARROT.w24.identified_fraction,market_history.TOMATO.last.sales_identified,1.0
market_history.CARROT.w24.identified_fraction,market_history.TOMATO.w4.observed,1.0
market_history.CARROT.w24.identified_fraction,market_history.TOMATO.w4.identified_fraction,1.0
market_history.CARROT.w24.identified_fraction,market_history.TOMATO.w12.identified_fraction,1.0
market_history.CARROT.w24.identified_fraction,market_history.TOMATO.w24.identified_fraction,1.0
market_history.CARROT.w24.identified_fraction,market_history.STRAWBERRY.last.available,1.0
market_history.CARROT.w24.identified_fraction,market_history.STRAWBERRY.last.sales_identified,1.0
market_history.CARROT.w24.identified_fraction,market_history.STRAWBERRY.w4.observed,1.0
market_history.CARROT.w24.identified_fraction,market_history.STRAWBERRY.w4.identified_fraction,1.0
market_history.CARROT.w24.identified_fraction,market_history.STRAWBERRY.w12.identified_fraction,1.0
market_history.CARROT.w24.identified_fraction,market_history.STRAWBERRY.w24.identified_fraction,1.0
market_history.CARROT.w24.identified_fraction,market_history.MELON.last.available,1.0
market_history.CARROT.w24.identified_fraction,market_history.MELON.last.sales_identified,1.0
market_history.CARROT.w24.identified_fraction,market_history.MELON.w4.observed,1.0
market_history.CARROT.w24.identified_fraction,market_history.EGG.last.available,1.0
market_history.CARROT.w24.identified_fraction,market_history.EGG.last.sales_identified,1.0
market_history.CARROT.w24.identified_fraction,market_history.EGG.w4.observed,1.0
market_history.CARROT.w24.identified_fraction,market_history.EGG.w4.identified_fraction,1.0
market_history.CARROT.w24.identified_fraction,market_history.EGG.w12.identified_fraction,1.0
market_history.CARROT.w24.identified_fraction,market_history.EGG.w24.identified_fraction,1.0
market_history.CARROT.w24.identified_fraction,market_history.MILK.last.available,1.0
market_history.CARROT.w24.identified_fraction,market_history.MILK.last.sales_identified,1.0
market_history.CARROT.w24.identified_fraction,market_history.MILK.w4.observed,1.0
market_history.CARROT.w24.identified_fraction,market_history.MILK.w4.identified_fraction,1.0
market_history.CARROT.w24.identified_fraction,market_history.MILK.w12.identified_fraction,1.0
market_history.CARROT.w24.identified_fraction,market_history.MILK.w24.identified_fraction,1.0
market_history.CARROT.w24.identified_fraction,market_history.WOOL.last.available,1.0
market_history.CARROT.w24.identified_fraction,market_history.WOOL.w4.observed,1.0
market_history.CARROT.w24.identified_fraction,market_history.FERTILIZER.last.available,1.0
market_history.CARROT.w24.identified_fraction,market_history.FERTILIZER.w4.observed,1.0
market_history.CARROT.sale_seen,market_history.CARROT.sale_age,0.9997888129876149
market_history.TOMATO.last.available,market_history.TOMATO.last.sales_identified,1.0
market_history.TOMATO.last.available,market_history.TOMATO.w4.observed,1.0
market_history.TOMATO.last.available,market_history.TOMATO.w4.identified_fraction,1.0
market_history.TOMATO.last.available,market_history.TOMATO.w12.identified_fraction,1.0
market_history.TOMATO.last.available,market_history.TOMATO.w24.identified_fraction,1.0
market_history.TOMATO.last.available,market_history.STRAWBERRY.last.available,1.0
market_history.TOMATO.last.available,market_history.STRAWBERRY.last.sales_identified,1.0
market_history.TOMATO.last.available,market_history.STRAWBERRY.w4.observed,1.0
market_history.TOMATO.last.available,market_history.STRAWBERRY.w4.identified_fraction,1.0
market_history.TOMATO.last.available,market_history.STRAWBERRY.w12.identified_fraction,1.0
market_history.TOMATO.last.available,market_history.STRAWBERRY.w24.identified_fraction,1.0
market_history.TOMATO.last.available,market_history.MELON.last.available,1.0
market_history.TOMATO.last.available,market_history.MELON.last.sales_identified,1.0
market_history.TOMATO.last.available,market_history.MELON.w4.observed,1.0
market_history.TOMATO.last.available,market_history.EGG.last.available,1.0
market_history.TOMATO.last.available,market_history.EGG.last.sales_identified,1.0
market_history.TOMATO.last.available,market_history.EGG.w4.observed,1.0
market_history.TOMATO.last.available,market_history.EGG.w4.identified_fraction,1.0
market_history.TOMATO.last.available,market_history.EGG.w12.identified_fraction,1.0
market_history.TOMATO.last.available,market_history.EGG.w24.identified_fraction,1.0
market_history.TOMATO.last.available,market_history.MILK.last.available,1.0
market_history.TOMATO.last.available,market_history.MILK.last.sales_identified,1.0
market_history.TOMATO.last.available,market_history.MILK.w4.observed,1.0
market_history.TOMATO.last.available,market_history.MILK.w4.identified_fraction,1.0
market_history.TOMATO.last.available,market_history.MILK.w12.identified_fraction,1.0
market_history.TOMATO.last.available,market_history.MILK.w24.identified_fraction,1.0
market_history.TOMATO.last.available,market_history.WOOL.last.available,1.0
market_history.TOMATO.last.available,market_history.WOOL.w4.observed,1.0
market_history.TOMATO.last.available,market_history.FERTILIZER.last.available,1.0
market_history.TOMATO.last.available,market_history.FERTILIZER.w4.observed,1.0
market_history.TOMATO.last.sales_lower,market_history.TOMATO.last.sales_upper,1.0
market_history.TOMATO.last.sales_identified,market_history.TOMATO.w4.observed,1.0
market_history.TOMATO.last.sales_identified,market_history.TOMATO.w4.identified_fraction,1.0
market_history.TOMATO.last.sales_identified,market_history.TOMATO.w12.identified_fraction,1.0
market_history.TOMATO.last.sales_identified,market_history.TOMATO.w24.identified_fraction,1.0
market_history.TOMATO.last.sales_identified,market_history.STRAWBERRY.last.available,1.0
market_history.TOMATO.last.sales_identified,market_history.STRAWBERRY.last.sales_identified,1.0
market_history.TOMATO.last.sales_identified,market_history.STRAWBERRY.w4.observed,1.0
market_history.TOMATO.last.sales_identified,market_history.STRAWBERRY.w4.identified_fraction,1.0
market_history.TOMATO.last.sales_identified,market_history.STRAWBERRY.w12.identified_fraction,1.0
market_history.TOMATO.last.sales_identified,market_history.STRAWBERRY.w24.identified_fraction,1.0
market_history.TOMATO.last.sales_identified,market_history.MELON.last.available,1.0
market_history.TOMATO.last.sales_identified,market_history.MELON.last.sales_identified,1.0
market_history.TOMATO.last.sales_identified,market_history.MELON.w4.observed,1.0
market_history.TOMATO.last.sales_identified,market_history.EGG.last.available,1.0
market_history.TOMATO.last.sales_identified,market_history.EGG.last.sales_identified,1.0
market_history.TOMATO.last.sales_identified,market_history.EGG.w4.observed,1.0
market_history.TOMATO.last.sales_identified,market_history.EGG.w4.identified_fraction,1.0
market_history.TOMATO.last.sales_identified,market_history.EGG.w12.identified_fraction,1.0
market_history.TOMATO.last.sales_identified,market_history.EGG.w24.identified_fraction,1.0
market_history.TOMATO.last.sales_identified,market_history.MILK.last.available,1.0
market_history.TOMATO.last.sales_identified,market_history.MILK.last.sales_identified,1.0
market_history.TOMATO.last.sales_identified,market_history.MILK.w4.observed,1.0
market_history.TOMATO.last.sales_identified,market_history.MILK.w4.identified_fraction,1.0
market_history.TOMATO.last.sales_identified,market_history.MILK.w12.identified_fraction,1.0
market_history.TOMATO.last.sales_identified,market_history.MILK.w24.identified_fraction,1.0
market_history.TOMATO.last.sales_identified,market_history.WOOL.last.available,1.0
market_history.TOMATO.last.sales_identified,market_history.WOOL.w4.observed,1.0
market_history.TOMATO.last.sales_identified,market_history.FERTILIZER.last.available,1.0
market_history.TOMATO.last.sales_identified,market_history.FERTILIZER.w4.observed,1.0
market_history.TOMATO.w4.observed,market_history.TOMATO.w4.identified_fraction,1.0
market_history.TOMATO.w4.observed,market_history.TOMATO.w12.identified_fraction,1.0
market_history.TOMATO.w4.observed,market_history.TOMATO.w24.identified_fraction,1.0
market_history.TOMATO.w4.observed,market_history.STRAWBERRY.last.available,1.0
market_history.TOMATO.w4.observed,market_history.STRAWBERRY.last.sales_identified,1.0
market_history.TOMATO.w4.observed,market_history.STRAWBERRY.w4.observed,1.0
market_history.TOMATO.w4.observed,market_history.STRAWBERRY.w4.identified_fraction,1.0
market_history.TOMATO.w4.observed,market_history.STRAWBERRY.w12.identified_fraction,1.0
market_history.TOMATO.w4.observed,market_history.STRAWBERRY.w24.identified_fraction,1.0
market_history.TOMATO.w4.observed,market_history.MELON.last.available,1.0
market_history.TOMATO.w4.observed,market_history.MELON.last.sales_identified,1.0
market_history.TOMATO.w4.observed,market_history.MELON.w4.observed,1.0
market_history.TOMATO.w4.observed,market_history.EGG.last.available,1.0
market_history.TOMATO.w4.observed,market_history.EGG.last.sales_identified,1.0
market_history.TOMATO.w4.observed,market_history.EGG.w4.observed,1.0
market_history.TOMATO.w4.observed,market_history.EGG.w4.identified_fraction,1.0
market_history.TOMATO.w4.observed,market_history.EGG.w12.identified_fraction,1.0
market_history.TOMATO.w4.observed,market_history.EGG.w24.identified_fraction,1.0
market_history.TOMATO.w4.observed,market_history.MILK.last.available,1.0
market_history.TOMATO.w4.observed,market_history.MILK.last.sales_identified,1.0
market_history.TOMATO.w4.observed,market_history.MILK.w4.observed,1.0
market_history.TOMATO.w4.observed,market_history.MILK.w4.identified_fraction,1.0
market_history.TOMATO.w4.observed,market_history.MILK.w12.identified_fraction,1.0
market_history.TOMATO.w4.observed,market_history.MILK.w24.identified_fraction,1.0
market_history.TOMATO.w4.observed,market_history.WOOL.last.available,1.0
market_history.TOMATO.w4.observed,market_history.WOOL.w4.observed,1.0
market_history.TOMATO.w4.observed,market_history.FERTILIZER.last.available,1.0
market_history.TOMATO.w4.observed,market_history.FERTILIZER.w4.observed,1.0
market_history.TOMATO.w4.trade_sum,market_history.TOMATO.w4.trade_std,0.9999883261247207
market_history.TOMATO.w4.sales_lower_sum,market_history.TOMATO.w4.sales_upper_sum,1.0
market_history.TOMATO.w4.identified_fraction,market_history.TOMATO.w12.identified_fraction,1.0
market_history.TOMATO.w4.identified_fraction,market_history.TOMATO.w24.identified_fraction,1.0
market_history.TOMATO.w4.identified_fraction,market_history.STRAWBERRY.last.available,1.0
market_history.TOMATO.w4.identified_fraction,market_history.STRAWBERRY.last.sales_identified,1.0
market_history.TOMATO.w4.identified_fraction,market_history.STRAWBERRY.w4.observed,1.0
market_history.TOMATO.w4.identified_fraction,market_history.STRAWBERRY.w4.identified_fraction,1.0
market_history.TOMATO.w4.identified_fraction,market_history.STRAWBERRY.w12.identified_fraction,1.0
market_history.TOMATO.w4.identified_fraction,market_history.STRAWBERRY.w24.identified_fraction,1.0
market_history.TOMATO.w4.identified_fraction,market_history.MELON.last.available,1.0
market_history.TOMATO.w4.identified_fraction,market_history.MELON.last.sales_identified,1.0
market_history.TOMATO.w4.identified_fraction,market_history.MELON.w4.observed,1.0
market_history.TOMATO.w4.identified_fraction,market_history.EGG.last.available,1.0
market_history.TOMATO.w4.identified_fraction,market_history.EGG.last.sales_identified,1.0
market_history.TOMATO.w4.identified_fraction,market_history.EGG.w4.observed,1.0
market_history.TOMATO.w4.identified_fraction,market_history.EGG.w4.identified_fraction,1.0
market_history.TOMATO.w4.identified_fraction,market_history.EGG.w12.identified_fraction,1.0
market_history.TOMATO.w4.identified_fraction,market_history.EGG.w24.identified_fraction,1.0
market_history.TOMATO.w4.identified_fraction,market_history.MILK.last.available,1.0
market_history.TOMATO.w4.identified_fraction,market_history.MILK.last.sales_identified,1.0
market_history.TOMATO.w4.identified_fraction,market_history.MILK.w4.observed,1.0
market_history.TOMATO.w4.identified_fraction,market_history.MILK.w4.identified_fraction,1.0
market_history.TOMATO.w4.identified_fraction,market_history.MILK.w12.identified_fraction,1.0
market_history.TOMATO.w4.identified_fraction,market_history.MILK.w24.identified_fraction,1.0
market_history.TOMATO.w4.identified_fraction,market_history.WOOL.last.available,1.0
market_history.TOMATO.w4.identified_fraction,market_history.WOOL.w4.observed,1.0
market_history.TOMATO.w4.identified_fraction,market_history.FERTILIZER.last.available,1.0
market_history.TOMATO.w4.identified_fraction,market_history.FERTILIZER.w4.observed,1.0
market_history.TOMATO.w12.observed,market_history.STRAWBERRY.w12.observed,1.0
market_history.TOMATO.w12.observed,market_history.MELON.w12.observed,1.0
market_history.TOMATO.w12.observed,market_history.EGG.w12.observed,1.0
market_history.TOMATO.w12.observed,market_history.MILK.w12.observed,1.0
market_history.TOMATO.w12.observed,market_history.WOOL.w12.observed,1.0
market_history.TOMATO.w12.observed,market_history.FERTILIZER.w12.observed,1.0
market_history.TOMATO.w12.observed,livestock.own.GOOSE.present,0.9999896546194708
market_history.TOMATO.w12.trade_sum,market_history.TOMATO.w12.trade_std,0.9997576923876585
market_history.TOMATO.w12.sales_lower_sum,market_history.TOMATO.w12.sales_upper_sum,1.0
market_history.TOMATO.w12.identified_fraction,market_history.TOMATO.w24.identified_fraction,1.0
market_history.TOMATO.w12.identified_fraction,market_history.STRAWBERRY.last.available,1.0
market_history.TOMATO.w12.identified_fraction,market_history.STRAWBERRY.last.sales_identified,1.0
market_history.TOMATO.w12.identified_fraction,market_history.STRAWBERRY.w4.observed,1.0
market_history.TOMATO.w12.identified_fraction,market_history.STRAWBERRY.w4.identified_fraction,1.0
market_history.TOMATO.w12.identified_fraction,market_history.STRAWBERRY.w12.identified_fraction,1.0
market_history.TOMATO.w12.identified_fraction,market_history.STRAWBERRY.w24.identified_fraction,1.0
market_history.TOMATO.w12.identified_fraction,market_history.MELON.last.available,1.0
market_history.TOMATO.w12.identified_fraction,market_history.MELON.last.sales_identified,1.0
market_history.TOMATO.w12.identified_fraction,market_history.MELON.w4.observed,1.0
market_history.TOMATO.w12.identified_fraction,market_history.EGG.last.available,1.0
market_history.TOMATO.w12.identified_fraction,market_history.EGG.last.sales_identified,1.0
market_history.TOMATO.w12.identified_fraction,market_history.EGG.w4.observed,1.0
market_history.TOMATO.w12.identified_fraction,market_history.EGG.w4.identified_fraction,1.0
market_history.TOMATO.w12.identified_fraction,market_history.EGG.w12.identified_fraction,1.0
market_history.TOMATO.w12.identified_fraction,market_history.EGG.w24.identified_fraction,1.0
market_history.TOMATO.w12.identified_fraction,market_history.MILK.last.available,1.0
market_history.TOMATO.w12.identified_fraction,market_history.MILK.last.sales_identified,1.0
market_history.TOMATO.w12.identified_fraction,market_history.MILK.w4.observed,1.0
market_history.TOMATO.w12.identified_fraction,market_history.MILK.w4.identified_fraction,1.0
market_history.TOMATO.w12.identified_fraction,market_history.MILK.w12.identified_fraction,1.0
market_history.TOMATO.w12.identified_fraction,market_history.MILK.w24.identified_fraction,1.0
market_history.TOMATO.w12.identified_fraction,market_history.WOOL.last.available,1.0
market_history.TOMATO.w12.identified_fraction,market_history.WOOL.w4.observed,1.0
market_history.TOMATO.w12.identified_fraction,market_history.FERTILIZER.last.available,1.0
market_history.TOMATO.w12.identified_fraction,market_history.FERTILIZER.w4.observed,1.0
market_history.TOMATO.w24.observed,market_history.STRAWBERRY.w24.observed,1.0
market_history.TOMATO.w24.observed,market_history.MELON.w24.observed,1.0
market_history.TOMATO.w24.observed,market_history.EGG.w24.observed,1.0
market_history.TOMATO.w24.observed,market_history.MILK.w24.observed,1.0
market_history.TOMATO.w24.observed,market_history.WOOL.w24.observed,1.0
market_history.TOMATO.w24.observed,market_history.FERTILIZER.w24.observed,1.0
market_history.TOMATO.w24.trade_sum,market_history.TOMATO.w24.trade_std,0.9984906214895103
market_history.TOMATO.w24.sales_lower_sum,market_history.TOMATO.w24.sales_upper_sum,1.0
market_history.TOMATO.w24.identified_fraction,market_history.STRAWBERRY.last.available,1.0
market_history.TOMATO.w24.identified_fraction,market_history.STRAWBERRY.last.sales_identified,1.0
market_history.TOMATO.w24.identified_fraction,market_history.STRAWBERRY.w4.observed,1.0
market_history.TOMATO.w24.identified_fraction,market_history.STRAWBERRY.w4.identified_fraction,1.0
market_history.TOMATO.w24.identified_fraction,market_history.STRAWBERRY.w12.identified_fraction,1.0
market_history.TOMATO.w24.identified_fraction,market_history.STRAWBERRY.w24.identified_fraction,1.0
market_history.TOMATO.w24.identified_fraction,market_history.MELON.last.available,1.0
market_history.TOMATO.w24.identified_fraction,market_history.MELON.last.sales_identified,1.0
market_history.TOMATO.w24.identified_fraction,market_history.MELON.w4.observed,1.0
market_history.TOMATO.w24.identified_fraction,market_history.EGG.last.available,1.0
market_history.TOMATO.w24.identified_fraction,market_history.EGG.last.sales_identified,1.0
market_history.TOMATO.w24.identified_fraction,market_history.EGG.w4.observed,1.0
market_history.TOMATO.w24.identified_fraction,market_history.EGG.w4.identified_fraction,1.0
market_history.TOMATO.w24.identified_fraction,market_history.EGG.w12.identified_fraction,1.0
market_history.TOMATO.w24.identified_fraction,market_history.EGG.w24.identified_fraction,1.0
market_history.TOMATO.w24.identified_fraction,market_history.MILK.last.available,1.0
market_history.TOMATO.w24.identified_fraction,market_history.MILK.last.sales_identified,1.0
market_history.TOMATO.w24.identified_fraction,market_history.MILK.w4.observed,1.0
market_history.TOMATO.w24.identified_fraction,market_history.MILK.w4.identified_fraction,1.0
market_history.TOMATO.w24.identified_fraction,market_history.MILK.w12.identified_fraction,1.0
market_history.TOMATO.w24.identified_fraction,market_history.MILK.w24.identified_fraction,1.0
market_history.TOMATO.w24.identified_fraction,market_history.WOOL.last.available,1.0
market_history.TOMATO.w24.identified_fraction,market_history.WOOL.w4.observed,1.0
market_history.TOMATO.w24.identified_fraction,market_history.FERTILIZER.last.available,1.0
market_history.TOMATO.w24.identified_fraction,market_history.FERTILIZER.w4.observed,1.0
market_history.TOMATO.sale_seen,market_history.MILK.sale_seen,1.0
market_history.STRAWBERRY.last.available,market_history.STRAWBERRY.last.sales_identified,1.0
market_history.STRAWBERRY.last.available,market_history.STRAWBERRY.w4.observed,1.0
market_history.STRAWBERRY.last.available,market_history.STRAWBERRY.w4.identified_fraction,1.0
market_history.STRAWBERRY.last.available,market_history.STRAWBERRY.w12.identified_fraction,1.0
market_history.STRAWBERRY.last.available,market_history.STRAWBERRY.w24.identified_fraction,1.0
market_history.STRAWBERRY.last.available,market_history.MELON.last.available,1.0
market_history.STRAWBERRY.last.available,market_history.MELON.last.sales_identified,1.0
market_history.STRAWBERRY.last.available,market_history.MELON.w4.observed,1.0
market_history.STRAWBERRY.last.available,market_history.EGG.last.available,1.0
market_history.STRAWBERRY.last.available,market_history.EGG.last.sales_identified,1.0
market_history.STRAWBERRY.last.available,market_history.EGG.w4.observed,1.0
market_history.STRAWBERRY.last.available,market_history.EGG.w4.identified_fraction,1.0
market_history.STRAWBERRY.last.available,market_history.EGG.w12.identified_fraction,1.0
market_history.STRAWBERRY.last.available,market_history.EGG.w24.identified_fraction,1.0
market_history.STRAWBERRY.last.available,market_history.MILK.last.available,1.0
market_history.STRAWBERRY.last.available,market_history.MILK.last.sales_identified,1.0
market_history.STRAWBERRY.last.available,market_history.MILK.w4.observed,1.0
market_history.STRAWBERRY.last.available,market_history.MILK.w4.identified_fraction,1.0
market_history.STRAWBERRY.last.available,market_history.MILK.w12.identified_fraction,1.0
market_history.STRAWBERRY.last.available,market_history.MILK.w24.identified_fraction,1.0
market_history.STRAWBERRY.last.available,market_history.WOOL.last.available,1.0
market_history.STRAWBERRY.last.available,market_history.WOOL.w4.observed,1.0
market_history.STRAWBERRY.last.available,market_history.FERTILIZER.last.available,1.0
market_history.STRAWBERRY.last.available,market_history.FERTILIZER.w4.observed,1.0
market_history.STRAWBERRY.last.sales_lower,market_history.STRAWBERRY.last.sales_upper,1.0
market_history.STRAWBERRY.last.sales_identified,market_history.STRAWBERRY.w4.observed,1.0
market_history.STRAWBERRY.last.sales_identified,market_history.STRAWBERRY.w4.identified_fraction,1.0
market_history.STRAWBERRY.last.sales_identified,market_history.STRAWBERRY.w12.identified_fraction,1.0
market_history.STRAWBERRY.last.sales_identified,market_history.STRAWBERRY.w24.identified_fraction,1.0
market_history.STRAWBERRY.last.sales_identified,market_history.MELON.last.available,1.0
market_history.STRAWBERRY.last.sales_identified,market_history.MELON.last.sales_identified,1.0
market_history.STRAWBERRY.last.sales_identified,market_history.MELON.w4.observed,1.0
market_history.STRAWBERRY.last.sales_identified,market_history.EGG.last.available,1.0
market_history.STRAWBERRY.last.sales_identified,market_history.EGG.last.sales_identified,1.0
market_history.STRAWBERRY.last.sales_identified,market_history.EGG.w4.observed,1.0
market_history.STRAWBERRY.last.sales_identified,market_history.EGG.w4.identified_fraction,1.0
market_history.STRAWBERRY.last.sales_identified,market_history.EGG.w12.identified_fraction,1.0
market_history.STRAWBERRY.last.sales_identified,market_history.EGG.w24.identified_fraction,1.0
market_history.STRAWBERRY.last.sales_identified,market_history.MILK.last.available,1.0
market_history.STRAWBERRY.last.sales_identified,market_history.MILK.last.sales_identified,1.0
market_history.STRAWBERRY.last.sales_identified,market_history.MILK.w4.observed,1.0
market_history.STRAWBERRY.last.sales_identified,market_history.MILK.w4.identified_fraction,1.0
market_history.STRAWBERRY.last.sales_identified,market_history.MILK.w12.identified_fraction,1.0
market_history.STRAWBERRY.last.sales_identified,market_history.MILK.w24.identified_fraction,1.0
market_history.STRAWBERRY.last.sales_identified,market_history.WOOL.last.available,1.0
market_history.STRAWBERRY.last.sales_identified,market_history.WOOL.w4.observed,1.0
market_history.STRAWBERRY.last.sales_identified,market_history.FERTILIZER.last.available,1.0
market_history.STRAWBERRY.last.sales_identified,market_history.FERTILIZER.w4.observed,1.0
market_history.STRAWBERRY.w4.observed,market_history.STRAWBERRY.w4.identified_fraction,1.0
market_history.STRAWBERRY.w4.observed,market_history.STRAWBERRY.w12.identified_fraction,1.0
market_history.STRAWBERRY.w4.observed,market_history.STRAWBERRY.w24.identified_fraction,1.0
market_history.STRAWBERRY.w4.observed,market_history.MELON.last.available,1.0
market_history.STRAWBERRY.w4.observed,market_history.MELON.last.sales_identified,1.0
market_history.STRAWBERRY.w4.observed,market_history.MELON.w4.observed,1.0
market_history.STRAWBERRY.w4.observed,market_history.EGG.last.available,1.0
market_history.STRAWBERRY.w4.observed,market_history.EGG.last.sales_identified,1.0
market_history.STRAWBERRY.w4.observed,market_history.EGG.w4.observed,1.0
market_history.STRAWBERRY.w4.observed,market_history.EGG.w4.identified_fraction,1.0
market_history.STRAWBERRY.w4.observed,market_history.EGG.w12.identified_fraction,1.0
market_history.STRAWBERRY.w4.observed,market_history.EGG.w24.identified_fraction,1.0
market_history.STRAWBERRY.w4.observed,market_history.MILK.last.available,1.0
market_history.STRAWBERRY.w4.observed,market_history.MILK.last.sales_identified,1.0
market_history.STRAWBERRY.w4.observed,market_history.MILK.w4.observed,1.0
market_history.STRAWBERRY.w4.observed,market_history.MILK.w4.identified_fraction,1.0
market_history.STRAWBERRY.w4.observed,market_history.MILK.w12.identified_fraction,1.0
market_history.STRAWBERRY.w4.observed,market_history.MILK.w24.identified_fraction,1.0
market_history.STRAWBERRY.w4.observed,market_history.WOOL.last.available,1.0
market_history.STRAWBERRY.w4.observed,market_history.WOOL.w4.observed,1.0
market_history.STRAWBERRY.w4.observed,market_history.FERTILIZER.last.available,1.0
market_history.STRAWBERRY.w4.observed,market_history.FERTILIZER.w4.observed,1.0
market_history.STRAWBERRY.w4.trade_sum,market_history.STRAWBERRY.w4.trade_std,0.9999302594269642
market_history.STRAWBERRY.w4.sales_lower_sum,market_history.STRAWBERRY.w4.sales_upper_sum,1.0
market_history.STRAWBERRY.w4.identified_fraction,market_history.STRAWBERRY.w12.identified_fraction,1.0
market_history.STRAWBERRY.w4.identified_fraction,market_history.STRAWBERRY.w24.identified_fraction,1.0
market_history.STRAWBERRY.w4.identified_fraction,market_history.MELON.last.available,1.0
market_history.STRAWBERRY.w4.identified_fraction,market_history.MELON.last.sales_identified,1.0
market_history.STRAWBERRY.w4.identified_fraction,market_history.MELON.w4.observed,1.0
market_history.STRAWBERRY.w4.identified_fraction,market_history.EGG.last.available,1.0
market_history.STRAWBERRY.w4.identified_fraction,market_history.EGG.last.sales_identified,1.0
market_history.STRAWBERRY.w4.identified_fraction,market_history.EGG.w4.observed,1.0
market_history.STRAWBERRY.w4.identified_fraction,market_history.EGG.w4.identified_fraction,1.0
market_history.STRAWBERRY.w4.identified_fraction,market_history.EGG.w12.identified_fraction,1.0
market_history.STRAWBERRY.w4.identified_fraction,market_history.EGG.w24.identified_fraction,1.0
market_history.STRAWBERRY.w4.identified_fraction,market_history.MILK.last.available,1.0
market_history.STRAWBERRY.w4.identified_fraction,market_history.MILK.last.sales_identified,1.0
market_history.STRAWBERRY.w4.identified_fraction,market_history.MILK.w4.observed,1.0
market_history.STRAWBERRY.w4.identified_fraction,market_history.MILK.w4.identified_fraction,1.0
market_history.STRAWBERRY.w4.identified_fraction,market_history.MILK.w12.identified_fraction,1.0
market_history.STRAWBERRY.w4.identified_fraction,market_history.MILK.w24.identified_fraction,1.0
market_history.STRAWBERRY.w4.identified_fraction,market_history.WOOL.last.available,1.0
market_history.STRAWBERRY.w4.identified_fraction,market_history.WOOL.w4.observed,1.0
market_history.STRAWBERRY.w4.identified_fraction,market_history.FERTILIZER.last.available,1.0
market_history.STRAWBERRY.w4.identified_fraction,market_history.FERTILIZER.w4.observed,1.0
market_history.STRAWBERRY.w12.observed,market_history.MELON.w12.observed,1.0
market_history.STRAWBERRY.w12.observed,market_history.EGG.w12.observed,1.0
market_history.STRAWBERRY.w12.observed,market_history.MILK.w12.observed,1.0
market_history.STRAWBERRY.w12.observed,market_history.WOOL.w12.observed,1.0
market_history.STRAWBERRY.w12.observed,market_history.FERTILIZER.w12.observed,1.0
market_history.STRAWBERRY.w12.observed,livestock.own.GOOSE.present,0.9999896546194708
market_history.STRAWBERRY.w12.trade_sum,market_history.STRAWBERRY.w12.trade_std,0.9993823629166043
market_history.STRAWBERRY.w12.sales_lower_sum,market_history.STRAWBERRY.w12.sales_upper_sum,1.0
market_history.STRAWBERRY.w12.identified_fraction,market_history.STRAWBERRY.w24.identified_fraction,1.0
market_history.STRAWBERRY.w12.identified_fraction,market_history.MELON.last.available,1.0
market_history.STRAWBERRY.w12.identified_fraction,market_history.MELON.last.sales_identified,1.0
market_history.STRAWBERRY.w12.identified_fraction,market_history.MELON.w4.observed,1.0
market_history.STRAWBERRY.w12.identified_fraction,market_history.EGG.last.available,1.0
market_history.STRAWBERRY.w12.identified_fraction,market_history.EGG.last.sales_identified,1.0
market_history.STRAWBERRY.w12.identified_fraction,market_history.EGG.w4.observed,1.0
market_history.STRAWBERRY.w12.identified_fraction,market_history.EGG.w4.identified_fraction,1.0
market_history.STRAWBERRY.w12.identified_fraction,market_history.EGG.w12.identified_fraction,1.0
market_history.STRAWBERRY.w12.identified_fraction,market_history.EGG.w24.identified_fraction,1.0
market_history.STRAWBERRY.w12.identified_fraction,market_history.MILK.last.available,1.0
market_history.STRAWBERRY.w12.identified_fraction,market_history.MILK.last.sales_identified,1.0
market_history.STRAWBERRY.w12.identified_fraction,market_history.MILK.w4.observed,1.0
market_history.STRAWBERRY.w12.identified_fraction,market_history.MILK.w4.identified_fraction,1.0
market_history.STRAWBERRY.w12.identified_fraction,market_history.MILK.w12.identified_fraction,1.0
market_history.STRAWBERRY.w12.identified_fraction,market_history.MILK.w24.identified_fraction,1.0
market_history.STRAWBERRY.w12.identified_fraction,market_history.WOOL.last.available,1.0
market_history.STRAWBERRY.w12.identified_fraction,market_history.WOOL.w4.observed,1.0
market_history.STRAWBERRY.w12.identified_fraction,market_history.FERTILIZER.last.available,1.0
market_history.STRAWBERRY.w12.identified_fraction,market_history.FERTILIZER.w4.observed,1.0
market_history.STRAWBERRY.w24.observed,market_history.MELON.w24.observed,1.0
market_history.STRAWBERRY.w24.observed,market_history.EGG.w24.observed,1.0
market_history.STRAWBERRY.w24.observed,market_history.MILK.w24.observed,1.0
market_history.STRAWBERRY.w24.observed,market_history.WOOL.w24.observed,1.0
market_history.STRAWBERRY.w24.observed,market_history.FERTILIZER.w24.observed,1.0
market_history.STRAWBERRY.w24.trade_sum,market_history.STRAWBERRY.w24.trade_std,0.9964487725190486
market_history.STRAWBERRY.w24.sales_lower_sum,market_history.STRAWBERRY.w24.sales_upper_sum,1.0
market_history.STRAWBERRY.w24.identified_fraction,market_history.MELON.last.available,1.0
market_history.STRAWBERRY.w24.identified_fraction,market_history.MELON.last.sales_identified,1.0
market_history.STRAWBERRY.w24.identified_fraction,market_history.MELON.w4.observed,1.0
market_history.STRAWBERRY.w24.identified_fraction,market_history.EGG.last.available,1.0
market_history.STRAWBERRY.w24.identified_fraction,market_history.EGG.last.sales_identified,1.0
market_history.STRAWBERRY.w24.identified_fraction,market_history.EGG.w4.observed,1.0
market_history.STRAWBERRY.w24.identified_fraction,market_history.EGG.w4.identified_fraction,1.0
market_history.STRAWBERRY.w24.identified_fraction,market_history.EGG.w12.identified_fraction,1.0
market_history.STRAWBERRY.w24.identified_fraction,market_history.EGG.w24.identified_fraction,1.0
market_history.STRAWBERRY.w24.identified_fraction,market_history.MILK.last.available,1.0
market_history.STRAWBERRY.w24.identified_fraction,market_history.MILK.last.sales_identified,1.0
market_history.STRAWBERRY.w24.identified_fraction,market_history.MILK.w4.observed,1.0
market_history.STRAWBERRY.w24.identified_fraction,market_history.MILK.w4.identified_fraction,1.0
market_history.STRAWBERRY.w24.identified_fraction,market_history.MILK.w12.identified_fraction,1.0
market_history.STRAWBERRY.w24.identified_fraction,market_history.MILK.w24.identified_fraction,1.0
market_history.STRAWBERRY.w24.identified_fraction,market_history.WOOL.last.available,1.0
market_history.STRAWBERRY.w24.identified_fraction,market_history.WOOL.w4.observed,1.0
market_history.STRAWBERRY.w24.identified_fraction,market_history.FERTILIZER.last.available,1.0
market_history.STRAWBERRY.w24.identified_fraction,market_history.FERTILIZER.w4.observed,1.0
market_history.MELON.last.available,market_history.MELON.last.sales_identified,1.0
market_history.MELON.last.available,market_history.MELON.w4.observed,1.0
market_history.MELON.last.available,market_history.EGG.last.available,1.0
market_history.MELON.last.available,market_history.EGG.last.sales_identified,1.0
market_history.MELON.last.available,market_history.EGG.w4.observed,1.0
market_history.MELON.last.available,market_history.EGG.w4.identified_fraction,1.0
market_history.MELON.last.available,market_history.EGG.w12.identified_fraction,1.0
market_history.MELON.last.available,market_history.EGG.w24.identified_fraction,1.0
market_history.MELON.last.available,market_history.MILK.last.available,1.0
market_history.MELON.last.available,market_history.MILK.last.sales_identified,1.0
market_history.MELON.last.available,market_history.MILK.w4.observed,1.0
market_history.MELON.last.available,market_history.MILK.w4.identified_fraction,1.0
market_history.MELON.last.available,market_history.MILK.w12.identified_fraction,1.0
market_history.MELON.last.available,market_history.MILK.w24.identified_fraction,1.0
market_history.MELON.last.available,market_history.WOOL.last.available,1.0
market_history.MELON.last.available,market_history.WOOL.w4.observed,1.0
market_history.MELON.last.available,market_history.FERTILIZER.last.available,1.0
market_history.MELON.last.available,market_history.FERTILIZER.w4.observed,1.0
market_history.MELON.last.sales_identified,market_history.MELON.w4.observed,1.0
market_history.MELON.last.sales_identified,market_history.EGG.last.available,1.0
market_history.MELON.last.sales_identified,market_history.EGG.last.sales_identified,1.0
market_history.MELON.last.sales_identified,market_history.EGG.w4.observed,1.0
market_history.MELON.last.sales_identified,market_history.EGG.w4.identified_fraction,1.0
market_history.MELON.last.sales_identified,market_history.EGG.w12.identified_fraction,1.0
market_history.MELON.last.sales_identified,market_history.EGG.w24.identified_fraction,1.0
market_history.MELON.last.sales_identified,market_history.MILK.last.available,1.0
market_history.MELON.last.sales_identified,market_history.MILK.last.sales_identified,1.0
market_history.MELON.last.sales_identified,market_history.MILK.w4.observed,1.0
market_history.MELON.last.sales_identified,market_history.MILK.w4.identified_fraction,1.0
market_history.MELON.last.sales_identified,market_history.MILK.w12.identified_fraction,1.0
market_history.MELON.last.sales_identified,market_history.MILK.w24.identified_fraction,1.0
market_history.MELON.last.sales_identified,market_history.WOOL.last.available,1.0
market_history.MELON.last.sales_identified,market_history.WOOL.w4.observed,1.0
market_history.MELON.last.sales_identified,market_history.FERTILIZER.last.available,1.0
market_history.MELON.last.sales_identified,market_history.FERTILIZER.w4.observed,1.0
market_history.MELON.w4.observed,market_history.EGG.last.available,1.0
market_history.MELON.w4.observed,market_history.EGG.last.sales_identified,1.0
market_history.MELON.w4.observed,market_history.EGG.w4.observed,1.0
market_history.MELON.w4.observed,market_history.EGG.w4.identified_fraction,1.0
market_history.MELON.w4.observed,market_history.EGG.w12.identified_fraction,1.0
market_history.MELON.w4.observed,market_history.EGG.w24.identified_fraction,1.0
market_history.MELON.w4.observed,market_history.MILK.last.available,1.0
market_history.MELON.w4.observed,market_history.MILK.last.sales_identified,1.0
market_history.MELON.w4.observed,market_history.MILK.w4.observed,1.0
market_history.MELON.w4.observed,market_history.MILK.w4.identified_fraction,1.0
market_history.MELON.w4.observed,market_history.MILK.w12.identified_fraction,1.0
market_history.MELON.w4.observed,market_history.MILK.w24.identified_fraction,1.0
market_history.MELON.w4.observed,market_history.WOOL.last.available,1.0
market_history.MELON.w4.observed,market_history.WOOL.w4.observed,1.0
market_history.MELON.w4.observed,market_history.FERTILIZER.last.available,1.0
market_history.MELON.w4.observed,market_history.FERTILIZER.w4.observed,1.0
market_history.MELON.w4.trade_sum,market_history.MELON.w4.trade_std,1.0
market_history.MELON.w4.trade_sum,market_history.MELON.w4.sales_lower_sum,1.0
market_history.MELON.w4.trade_sum,market_history.MELON.w4.sales_upper_sum,0.9999376206583327
market_history.MELON.w4.trade_std,market_history.MELON.w4.sales_lower_sum,1.0
market_history.MELON.w4.trade_std,market_history.MELON.w4.sales_upper_sum,0.9999376206583327
market_history.MELON.w4.sales_lower_sum,market_history.MELON.w4.sales_upper_sum,0.9999376206583327
market_history.MELON.w12.observed,market_history.EGG.w12.observed,1.0
market_history.MELON.w12.observed,market_history.MILK.w12.observed,1.0
market_history.MELON.w12.observed,market_history.WOOL.w12.observed,1.0
market_history.MELON.w12.observed,market_history.FERTILIZER.w12.observed,1.0
market_history.MELON.w12.observed,livestock.own.GOOSE.present,0.9999896546194708
market_history.MELON.w12.trade_sum,market_history.MELON.w12.trade_std,1.0
market_history.MELON.w12.trade_sum,market_history.MELON.w12.sales_lower_sum,1.0
market_history.MELON.w12.trade_sum,market_history.MELON.w12.sales_upper_sum,0.9994253318819323
market_history.MELON.w12.trade_std,market_history.MELON.w12.sales_lower_sum,1.0
market_history.MELON.w12.trade_std,market_history.MELON.w12.sales_upper_sum,0.9994253318819323
market_history.MELON.w12.sales_lower_sum,market_history.MELON.w12.sales_upper_sum,0.9994253318819323
market_history.MELON.w24.observed,market_history.EGG.w24.observed,1.0
market_history.MELON.w24.observed,market_history.MILK.w24.observed,1.0
market_history.MELON.w24.observed,market_history.WOOL.w24.observed,1.0
market_history.MELON.w24.observed,market_history.FERTILIZER.w24.observed,1.0
market_history.MELON.w24.trade_sum,market_history.MELON.w24.trade_std,1.0
market_history.MELON.w24.trade_sum,market_history.MELON.w24.sales_lower_sum,1.0
market_history.MELON.w24.trade_sum,market_history.MELON.w24.sales_upper_sum,0.9976185545629999
market_history.MELON.w24.trade_std,market_history.MELON.w24.sales_lower_sum,1.0
market_history.MELON.w24.trade_std,market_history.MELON.w24.sales_upper_sum,0.9976185545629999
market_history.MELON.w24.sales_lower_sum,market_history.MELON.w24.sales_upper_sum,0.9976185545629999
market_history.EGG.last.available,market_history.EGG.last.sales_identified,1.0
market_history.EGG.last.available,market_history.EGG.w4.observed,1.0
market_history.EGG.last.available,market_history.EGG.w4.identified_fraction,1.0
market_history.EGG.last.available,market_history.EGG.w12.identified_fraction,1.0
market_history.EGG.last.available,market_history.EGG.w24.identified_fraction,1.0
market_history.EGG.last.available,market_history.MILK.last.available,1.0
market_history.EGG.last.available,market_history.MILK.last.sales_identified,1.0
market_history.EGG.last.available,market_history.MILK.w4.observed,1.0
market_history.EGG.last.available,market_history.MILK.w4.identified_fraction,1.0
market_history.EGG.last.available,market_history.MILK.w12.identified_fraction,1.0
market_history.EGG.last.available,market_history.MILK.w24.identified_fraction,1.0
market_history.EGG.last.available,market_history.WOOL.last.available,1.0
market_history.EGG.last.available,market_history.WOOL.w4.observed,1.0
market_history.EGG.last.available,market_history.FERTILIZER.last.available,1.0
market_history.EGG.last.available,market_history.FERTILIZER.w4.observed,1.0
market_history.EGG.last.sales_lower,market_history.EGG.last.sales_upper,1.0
market_history.EGG.last.sales_identified,market_history.EGG.w4.observed,1.0
market_history.EGG.last.sales_identified,market_history.EGG.w4.identified_fraction,1.0
market_history.EGG.last.sales_identified,market_history.EGG.w12.identified_fraction,1.0
market_history.EGG.last.sales_identified,market_history.EGG.w24.identified_fraction,1.0
market_history.EGG.last.sales_identified,market_history.MILK.last.available,1.0
market_history.EGG.last.sales_identified,market_history.MILK.last.sales_identified,1.0
market_history.EGG.last.sales_identified,market_history.MILK.w4.observed,1.0
market_history.EGG.last.sales_identified,market_history.MILK.w4.identified_fraction,1.0
market_history.EGG.last.sales_identified,market_history.MILK.w12.identified_fraction,1.0
market_history.EGG.last.sales_identified,market_history.MILK.w24.identified_fraction,1.0
market_history.EGG.last.sales_identified,market_history.WOOL.last.available,1.0
market_history.EGG.last.sales_identified,market_history.WOOL.w4.observed,1.0
market_history.EGG.last.sales_identified,market_history.FERTILIZER.last.available,1.0
market_history.EGG.last.sales_identified,market_history.FERTILIZER.w4.observed,1.0
market_history.EGG.w4.observed,market_history.EGG.w4.identified_fraction,1.0
market_history.EGG.w4.observed,market_history.EGG.w12.identified_fraction,1.0
market_history.EGG.w4.observed,market_history.EGG.w24.identified_fraction,1.0
market_history.EGG.w4.observed,market_history.MILK.last.available,1.0
market_history.EGG.w4.observed,market_history.MILK.last.sales_identified,1.0
market_history.EGG.w4.observed,market_history.MILK.w4.observed,1.0
market_history.EGG.w4.observed,market_history.MILK.w4.identified_fraction,1.0
market_history.EGG.w4.observed,market_history.MILK.w12.identified_fraction,1.0
market_history.EGG.w4.observed,market_history.MILK.w24.identified_fraction,1.0
market_history.EGG.w4.observed,market_history.WOOL.last.available,1.0
market_history.EGG.w4.observed,market_history.WOOL.w4.observed,1.0
market_history.EGG.w4.observed,market_history.FERTILIZER.last.available,1.0
market_history.EGG.w4.observed,market_history.FERTILIZER.w4.observed,1.0
market_history.EGG.w4.trade_sum,market_history.EGG.w4.trade_std,0.9987610698190241
market_history.EGG.w4.sales_lower_sum,market_history.EGG.w4.sales_upper_sum,1.0
market_history.EGG.w4.identified_fraction,market_history.EGG.w12.identified_fraction,1.0
market_history.EGG.w4.identified_fraction,market_history.EGG.w24.identified_fraction,1.0
market_history.EGG.w4.identified_fraction,market_history.MILK.last.available,1.0
market_history.EGG.w4.identified_fraction,market_history.MILK.last.sales_identified,1.0
market_history.EGG.w4.identified_fraction,market_history.MILK.w4.observed,1.0
market_history.EGG.w4.identified_fraction,market_history.MILK.w4.identified_fraction,1.0
market_history.EGG.w4.identified_fraction,market_history.MILK.w12.identified_fraction,1.0
market_history.EGG.w4.identified_fraction,market_history.MILK.w24.identified_fraction,1.0
market_history.EGG.w4.identified_fraction,market_history.WOOL.last.available,1.0
market_history.EGG.w4.identified_fraction,market_history.WOOL.w4.observed,1.0
market_history.EGG.w4.identified_fraction,market_history.FERTILIZER.last.available,1.0
market_history.EGG.w4.identified_fraction,market_history.FERTILIZER.w4.observed,1.0
market_history.EGG.w12.observed,market_history.MILK.w12.observed,1.0
market_history.EGG.w12.observed,market_history.WOOL.w12.observed,1.0
market_history.EGG.w12.observed,market_history.FERTILIZER.w12.observed,1.0
market_history.EGG.w12.observed,livestock.own.GOOSE.present,0.9999896546194708
market_history.EGG.w12.sales_lower_sum,market_history.EGG.w12.sales_upper_sum,1.0
market_history.EGG.w12.identified_fraction,market_history.EGG.w24.identified_fraction,1.0
market_history.EGG.w12.identified_fraction,market_history.MILK.last.available,1.0
market_history.EGG.w12.identified_fraction,market_history.MILK.last.sales_identified,1.0
market_history.EGG.w12.identified_fraction,market_history.MILK.w4.observed,1.0
market_history.EGG.w12.identified_fraction,market_history.MILK.w4.identified_fraction,1.0
market_history.EGG.w12.identified_fraction,market_history.MILK.w12.identified_fraction,1.0
market_history.EGG.w12.identified_fraction,market_history.MILK.w24.identified_fraction,1.0
market_history.EGG.w12.identified_fraction,market_history.WOOL.last.available,1.0
market_history.EGG.w12.identified_fraction,market_history.WOOL.w4.observed,1.0
market_history.EGG.w12.identified_fraction,market_history.FERTILIZER.last.available,1.0
market_history.EGG.w12.identified_fraction,market_history.FERTILIZER.w4.observed,1.0
market_history.EGG.w24.observed,market_history.MILK.w24.observed,1.0
market_history.EGG.w24.observed,market_history.WOOL.w24.observed,1.0
market_history.EGG.w24.observed,market_history.FERTILIZER.w24.observed,1.0
market_history.EGG.w24.sales_lower_sum,market_history.EGG.w24.sales_upper_sum,1.0
market_history.EGG.w24.identified_fraction,market_history.MILK.last.available,1.0
market_history.EGG.w24.identified_fraction,market_history.MILK.last.sales_identified,1.0
market_history.EGG.w24.identified_fraction,market_history.MILK.w4.observed,1.0
market_history.EGG.w24.identified_fraction,market_history.MILK.w4.identified_fraction,1.0
market_history.EGG.w24.identified_fraction,market_history.MILK.w12.identified_fraction,1.0
market_history.EGG.w24.identified_fraction,market_history.MILK.w24.identified_fraction,1.0
market_history.EGG.w24.identified_fraction,market_history.WOOL.last.available,1.0
market_history.EGG.w24.identified_fraction,market_history.WOOL.w4.observed,1.0
market_history.EGG.w24.identified_fraction,market_history.FERTILIZER.last.available,1.0
market_history.EGG.w24.identified_fraction,market_history.FERTILIZER.w4.observed,1.0
market_history.MILK.last.available,market_history.MILK.last.sales_identified,1.0
market_history.MILK.last.available,market_history.MILK.w4.observed,1.0
market_history.MILK.last.available,market_history.MILK.w4.identified_fraction,1.0
market_history.MILK.last.available,market_history.MILK.w12.identified_fraction,1.0
market_history.MILK.last.available,market_history.MILK.w24.identified_fraction,1.0
market_history.MILK.last.available,market_history.WOOL.last.available,1.0
market_history.MILK.last.available,market_history.WOOL.w4.observed,1.0
market_history.MILK.last.available,market_history.FERTILIZER.last.available,1.0
market_history.MILK.last.available,market_history.FERTILIZER.w4.observed,1.0
market_history.MILK.last.sales_lower,market_history.MILK.last.sales_upper,1.0
market_history.MILK.last.sales_identified,market_history.MILK.w4.observed,1.0
market_history.MILK.last.sales_identified,market_history.MILK.w4.identified_fraction,1.0
market_history.MILK.last.sales_identified,market_history.MILK.w12.identified_fraction,1.0
market_history.MILK.last.sales_identified,market_history.MILK.w24.identified_fraction,1.0
market_history.MILK.last.sales_identified,market_history.WOOL.last.available,1.0
market_history.MILK.last.sales_identified,market_history.WOOL.w4.observed,1.0
market_history.MILK.last.sales_identified,market_history.FERTILIZER.last.available,1.0
market_history.MILK.last.sales_identified,market_history.FERTILIZER.w4.observed,1.0
market_history.MILK.w4.observed,market_history.MILK.w4.identified_fraction,1.0
market_history.MILK.w4.observed,market_history.MILK.w12.identified_fraction,1.0
market_history.MILK.w4.observed,market_history.MILK.w24.identified_fraction,1.0
market_history.MILK.w4.observed,market_history.WOOL.last.available,1.0
market_history.MILK.w4.observed,market_history.WOOL.w4.observed,1.0
market_history.MILK.w4.observed,market_history.FERTILIZER.last.available,1.0
market_history.MILK.w4.observed,market_history.FERTILIZER.w4.observed,1.0
market_history.MILK.w4.trade_sum,market_history.MILK.w4.trade_std,0.9996614936408407
market_history.MILK.w4.sales_lower_sum,market_history.MILK.w4.sales_upper_sum,1.0
market_history.MILK.w4.identified_fraction,market_history.MILK.w12.identified_fraction,1.0
market_history.MILK.w4.identified_fraction,market_history.MILK.w24.identified_fraction,1.0
market_history.MILK.w4.identified_fraction,market_history.WOOL.last.available,1.0
market_history.MILK.w4.identified_fraction,market_history.WOOL.w4.observed,1.0
market_history.MILK.w4.identified_fraction,market_history.FERTILIZER.last.available,1.0
market_history.MILK.w4.identified_fraction,market_history.FERTILIZER.w4.observed,1.0
market_history.MILK.w12.observed,market_history.WOOL.w12.observed,1.0
market_history.MILK.w12.observed,market_history.FERTILIZER.w12.observed,1.0
market_history.MILK.w12.observed,livestock.own.GOOSE.present,0.9999896546194708
market_history.MILK.w12.trade_sum,market_history.MILK.w12.trade_std,0.9975343397547557
market_history.MILK.w12.sales_lower_sum,market_history.MILK.w12.sales_upper_sum,1.0
market_history.MILK.w12.identified_fraction,market_history.MILK.w24.identified_fraction,1.0
market_history.MILK.w12.identified_fraction,market_history.WOOL.last.available,1.0
market_history.MILK.w12.identified_fraction,market_history.WOOL.w4.observed,1.0
market_history.MILK.w12.identified_fraction,market_history.FERTILIZER.last.available,1.0
market_history.MILK.w12.identified_fraction,market_history.FERTILIZER.w4.observed,1.0
market_history.MILK.w24.observed,market_history.WOOL.w24.observed,1.0
market_history.MILK.w24.observed,market_history.FERTILIZER.w24.observed,1.0
market_history.MILK.w24.sales_lower_sum,market_history.MILK.w24.sales_upper_sum,1.0
market_history.MILK.w24.identified_fraction,market_history.WOOL.last.available,1.0
market_history.MILK.w24.identified_fraction,market_history.WOOL.w4.observed,1.0
market_history.MILK.w24.identified_fraction,market_history.FERTILIZER.last.available,1.0
market_history.MILK.w24.identified_fraction,market_history.FERTILIZER.w4.observed,1.0
market_history.WOOL.last.available,market_history.WOOL.w4.observed,1.0
market_history.WOOL.last.available,market_history.FERTILIZER.last.available,1.0
market_history.WOOL.last.available,market_history.FERTILIZER.w4.observed,1.0
market_history.WOOL.w4.observed,market_history.FERTILIZER.last.available,1.0
market_history.WOOL.w4.observed,market_history.FERTILIZER.w4.observed,1.0
market_history.WOOL.w4.trade_sum,market_history.WOOL.w4.trade_std,0.9999900948000415
market_history.WOOL.w12.observed,market_history.FERTILIZER.w12.observed,1.0
market_history.WOOL.w12.observed,livestock.own.GOOSE.present,0.9999896546194708
market_history.WOOL.w12.trade_sum,market_history.WOOL.w12.trade_std,0.999551609438309
market_history.WOOL.w24.observed,market_history.FERTILIZER.w24.observed,1.0
market_history.WOOL.w24.trade_sum,market_history.WOOL.w24.trade_std,0.9958037412719326
market_history.FERTILIZER.last.available,market_history.FERTILIZER.w4.observed,1.0
market_history.FERTILIZER.w4.trade_sum,market_history.FERTILIZER.w4.trade_std,0.9952028261351958
market_history.FERTILIZER.w12.observed,livestock.own.GOOSE.present,0.9999896546194708
livestock.own.COW.escape_without_feed,livestock.own.COW.replacement_coins_at_escape_risk,1.0
livestock.own.COW.manure_available,livestock.own.COW.uncollected_manure_slot_at_refresh,1.0
livestock.own.COW.daily_feed_current_buy_cost,livestock.own.GOOSE.daily_feed_current_buy_cost,0.9999779372385328
livestock.own.COW.daily_feed_current_buy_cost,livestock.own.SHEEP.daily_feed_current_buy_cost,0.9959295986827347
livestock.own.GOOSE.escape_without_feed,livestock.own.GOOSE.replacement_coins_at_escape_risk,1.0
livestock.own.GOOSE.manure_available,livestock.own.GOOSE.uncollected_manure_slot_at_refresh,1.0
livestock.own.GOOSE.daily_feed_current_buy_cost,livestock.own.SHEEP.daily_feed_current_buy_cost,0.9959297352710047
livestock.own.SHEEP.escape_without_feed,livestock.own.SHEEP.replacement_coins_at_escape_risk,1.0
livestock.own.SHEEP.manure_available,livestock.own.SHEEP.uncollected_manure_slot_at_refresh,1.0
livestock.opponent.COW.present,livestock.opponent.GOOSE.present,0.9972515398770867
livestock.opponent.COW.next_refresh_units_saved_by_feed,livestock.opponent.COW.bonus_lost_on_unfed_production,1.0
livestock.opponent.COW.manure_available,livestock.opponent.COW.uncollected_manure_slot_at_refresh,1.0
livestock.opponent.COW.daily_feed_current_buy_cost,livestock.opponent.GOOSE.daily_feed_current_buy_cost,0.9987923942665771
livestock.opponent.COW.daily_feed_current_buy_cost,livestock.opponent.SHEEP.daily_feed_current_buy_cost,0.9999640145454631
livestock.opponent.GOOSE.next_refresh_units_without_feed,livestock.opponent.GOOSE.next_refresh_units_with_feed,0.9950983789122299
livestock.opponent.GOOSE.manure_available,livestock.opponent.GOOSE.uncollected_manure_slot_at_refresh,1.0
livestock.opponent.GOOSE.daily_feed_current_buy_cost,livestock.opponent.SHEEP.daily_feed_current_buy_cost,0.9987565474956269
livestock.opponent.SHEEP.next_refresh_units_saved_by_feed,livestock.opponent.SHEEP.bonus_lost_on_unfed_production,1.0
livestock.opponent.SHEEP.manure_available,livestock.opponent.SHEEP.uncollected_manure_slot_at_refresh,1.0
livestock.resources.one_day_feed_deficit,livestock.resources.one_day_feed_buy_cost,0.999999912566452
livestock.fertilizer.WHEAT.extra_scenario_work,livestock.fertilizer.WHEAT.present,0.9999808309915418
