feature,family,distinct_development_values,minimum,maximum,nonzero_fraction,availability,status
time.day,horizon,30,0.0,29.0,0.9668508287292817,current_legal_observation,provisional_not_selected
time.hour,horizon,7,0.0,22.0,0.8342541436464088,current_legal_observation,provisional_not_selected
time.decisions_remaining,horizon,181,1.0,719.0,1.0,current_legal_observation,provisional_not_selected
time.hours_until_refresh,horizon,7,2.0,24.0,1.0,current_legal_observation,provisional_not_selected
time.season_fraction,horizon,181,0.0,0.9986091794158554,0.994475138121547,current_legal_observation,provisional_not_selected
relative.cash_lead,relative_state,718,-9447.0,11942.0,0.6519337016574586,current_legal_observation,provisional_not_selected
relative.worker_lead,relative_state,3,-1.0,1.0,0.09023941068139964,current_legal_observation,provisional_not_selected
relative.land_lead,relative_state,1,0.0,0.0,0.0,current_legal_observation,coverage_gap_constant
logistics.shed_used,logistics,32,0.0,90.0,0.04834254143646409,current_legal_observation,provisional_not_selected
logistics.shed_free,logistics,32,10.0,100.0,1.0,current_legal_observation,provisional_not_selected
logistics.carried_total,logistics,40,0.0,72.0,0.19521178637200737,current_legal_observation,provisional_not_selected
logistics.refresh_overflow,logistics,1,0.0,0.0,0.0,current_legal_observation,coverage_gap_constant
demand.BAKERY.instances,town_demand,4,0.0,3.0,0.5681399631675875,current_legal_observation,provisional_not_selected
demand.BRUNCH_SPOT.instances,town_demand,4,0.0,3.0,0.5428176795580111,current_legal_observation,provisional_not_selected
demand.FARMERS_MARKET.instances,town_demand,4,0.0,3.0,0.4180478821362799,current_legal_observation,provisional_not_selected
demand.ICE_CREAM_SHOP.instances,town_demand,3,0.0,2.0,0.3011049723756906,current_legal_observation,provisional_not_selected
demand.PET_CAFE.instances,town_demand,3,0.0,2.0,0.4180478821362799,current_legal_observation,provisional_not_selected
demand.PIZZA_SHOP.instances,town_demand,3,0.0,2.0,0.28591160220994477,current_legal_observation,provisional_not_selected
demand.SMOOTHIE_SHOP.instances,town_demand,3,0.0,2.0,0.6339779005524862,current_legal_observation,provisional_not_selected
demand.YARN_STORE.instances,town_demand,3,0.0,2.0,0.2767034990791897,current_legal_observation,provisional_not_selected
market.WHEAT.price,market_curves,28,25.0,52.0,1.0,current_legal_observation,provisional_not_selected
market.WHEAT.normalized_price,market_curves,28,1.0,2.08,1.0,current_legal_observation,provisional_not_selected
market.WHEAT.normalized_supply,market_curves,533,-1.78,0.0,0.994475138121547,current_legal_observation,provisional_not_selected
market.WHEAT.one_unit_price_impact,market_curves,2,0.0,1.0,0.12039594843462247,current_legal_observation,provisional_not_selected
market.WHEAT.sell_5_revenue,market_curves,117,121.0,260.0,1.0,current_legal_observation,provisional_not_selected
market.WHEAT.sell_20_revenue,market_curves,364,467.0,1030.0,1.0,current_legal_observation,provisional_not_selected
demand.WHEAT.current_daily_units,town_demand,9,1.0,49.0,1.0,current_legal_observation,provisional_not_selected
inventory.WHEAT.shed,logistics,11,0.0,44.0,0.013812154696132596,current_legal_observation,provisional_not_selected
inventory.WHEAT.carried,logistics,12,0.0,36.0,0.06330570902394107,current_legal_observation,provisional_not_selected
inventory.WHEAT.immediate_sale_value,market_curves,34,0.0,1988.0,0.013812154696132596,current_legal_observation,provisional_not_selected
market.CARROT.price,market_curves,36,35.0,70.0,1.0,current_legal_observation,provisional_not_selected
market.CARROT.normalized_price,market_curves,36,1.0,2.0,1.0,current_legal_observation,provisional_not_selected
market.CARROT.normalized_supply,market_curves,406,-0.9933333333333333,0.0,0.994475138121547,current_legal_observation,provisional_not_selected
market.CARROT.one_unit_price_impact,market_curves,2,0.0,1.0,0.08310313075506445,current_legal_observation,provisional_not_selected
market.CARROT.sell_5_revenue,market_curves,164,168.0,349.0,1.0,current_legal_observation,provisional_not_selected
market.CARROT.sell_20_revenue,market_curves,406,634.0,1381.0,1.0,current_legal_observation,provisional_not_selected
demand.CARROT.current_daily_units,town_demand,6,1.0,31.0,1.0,current_legal_observation,provisional_not_selected
inventory.CARROT.shed,logistics,10,0.0,33.0,0.012085635359116022,current_legal_observation,provisional_not_selected
inventory.CARROT.carried,logistics,12,0.0,30.0,0.0471915285451197,current_legal_observation,provisional_not_selected
inventory.CARROT.immediate_sale_value,market_curves,27,0.0,1973.0,0.012085635359116022,current_legal_observation,provisional_not_selected
market.TOMATO.price,market_curves,91,60.0,247.0,1.0,current_legal_observation,provisional_not_selected
market.TOMATO.normalized_price,market_curves,91,1.0,4.116666666666666,1.0,current_legal_observation,provisional_not_selected
market.TOMATO.normalized_supply,market_curves,297,-1.86,0.0,0.994475138121547,current_legal_observation,provisional_not_selected
market.TOMATO.one_unit_price_impact,market_curves,4,0.0,3.0,0.16965930018416206,current_legal_observation,provisional_not_selected
market.TOMATO.sell_5_revenue,market_curves,217,284.0,1216.0,1.0,current_legal_observation,provisional_not_selected
market.TOMATO.sell_20_revenue,market_curves,297,1054.0,4608.0,1.0,current_legal_observation,provisional_not_selected
demand.TOMATO.current_daily_units,town_demand,5,1.0,25.0,1.0,current_legal_observation,provisional_not_selected
inventory.TOMATO.shed,logistics,1,0.0,0.0,0.0,current_legal_observation,coverage_gap_constant
inventory.TOMATO.carried,logistics,1,0.0,0.0,0.0,current_legal_observation,coverage_gap_constant
inventory.TOMATO.immediate_sale_value,market_curves,1,0.0,0.0,0.0,current_legal_observation,coverage_gap_constant
market.STRAWBERRY.price,market_curves,195,120.0,332.0,1.0,current_legal_observation,provisional_not_selected
market.STRAWBERRY.normalized_price,market_curves,195,1.0,2.7666666666666666,1.0,current_legal_observation,provisional_not_selected
market.STRAWBERRY.normalized_supply,market_curves,524,-6.34,0.0,0.994475138121547,current_legal_observation,provisional_not_selected
market.STRAWBERRY.one_unit_price_impact,market_curves,6,0.0,8.0,0.4965469613259669,current_legal_observation,provisional_not_selected
market.STRAWBERRY.sell_5_revenue,market_curves,521,580.0,1656.0,1.0,current_legal_observation,provisional_not_selected
market.STRAWBERRY.sell_20_revenue,market_curves,524,2034.0,6598.0,1.0,current_legal_observation,provisional_not_selected
demand.STRAWBERRY.current_daily_units,town_demand,7,1.0,37.0,1.0,current_legal_observation,provisional_not_selected
inventory.STRAWBERRY.shed,logistics,14,0.0,36.0,0.013466850828729282,current_legal_observation,provisional_not_selected
inventory.STRAWBERRY.carried,logistics,12,0.0,36.0,0.041666666666666664,current_legal_observation,provisional_not_selected
inventory.STRAWBERRY.immediate_sale_value,market_curves,49,0.0,11113.0,0.013466850828729282,current_legal_observation,provisional_not_selected
market.MELON.price,market_curves,27,1.0,271.0,1.0,current_legal_observation,provisional_not_selected
market.MELON.normalized_price,market_curves,27,0.004,1.084,1.0,current_legal_observation,provisional_not_selected
market.MELON.normalized_supply,market_curves,29,-0.03333333333333333,0.5266666666666666,0.994475138121547,current_legal_observation,provisional_not_selected
market.MELON.one_unit_price_impact,market_curves,6,0.0,6.0,0.9373848987108656,current_legal_observation,provisional_not_selected
market.MELON.sell_5_revenue,market_curves,28,5.0,1345.0,1.0,current_legal_observation,provisional_not_selected
market.MELON.sell_20_revenue,market_curves,29,20.0,5151.0,1.0,current_legal_observation,provisional_not_selected
demand.MELON.current_daily_units,town_demand,1,1.0,1.0,1.0,current_legal_observation,coverage_gap_constant
inventory.MELON.shed,logistics,6,0.0,90.0,0.016574585635359115,current_legal_observation,provisional_not_selected
inventory.MELON.carried,logistics,12,0.0,72.0,0.06906077348066299,current_legal_observation,provisional_not_selected
inventory.MELON.immediate_sale_value,market_curves,9,0.0,17550.0,0.016574585635359115,current_legal_observation,provisional_not_selected
market.EGG.price,market_curves,55,50.0,130.0,1.0,current_legal_observation,provisional_not_selected
market.EGG.normalized_price,market_curves,55,1.0,2.6,1.0,current_legal_observation,provisional_not_selected
market.EGG.normalized_supply,market_curves,380,-1.5542168674698795,0.0,0.994475138121547,current_legal_observation,provisional_not_selected
market.EGG.one_unit_price_impact,market_curves,2,0.0,1.0,0.072744014732965,current_legal_observation,provisional_not_selected
market.EGG.sell_5_revenue,market_curves,151,242.0,645.0,1.0,current_legal_observation,provisional_not_selected
market.EGG.sell_20_revenue,market_curves,380,927.0,2495.0,1.0,current_legal_observation,provisional_not_selected
demand.EGG.current_daily_units,town_demand,6,1.0,31.0,1.0,current_legal_observation,provisional_not_selected
inventory.EGG.shed,logistics,1,0.0,0.0,0.0,current_legal_observation,coverage_gap_constant
inventory.EGG.carried,logistics,1,0.0,0.0,0.0,current_legal_observation,coverage_gap_constant
inventory.EGG.immediate_sale_value,market_curves,1,0.0,0.0,0.0,current_legal_observation,coverage_gap_constant
market.MILK.price,market_curves,169,160.0,347.0,1.0,current_legal_observation,provisional_not_selected
market.MILK.normalized_price,market_curves,169,1.0,2.16875,1.0,current_legal_observation,provisional_not_selected
market.MILK.normalized_supply,market_curves,386,-3.7868852459016393,0.0,0.994475138121547,current_legal_observation,provisional_not_selected
market.MILK.one_unit_price_impact,market_curves,5,0.0,9.0,0.6072744014732965,current_legal_observation,provisional_not_selected
market.MILK.sell_5_revenue,market_curves,386,780.0,1732.0,1.0,current_legal_observation,provisional_not_selected
market.MILK.sell_20_revenue,market_curves,386,2802.0,6898.0,1.0,current_legal_observation,provisional_not_selected
demand.MILK.current_daily_units,town_demand,5,1.0,25.0,1.0,current_legal_observation,provisional_not_selected
inventory.MILK.shed,logistics,1,0.0,0.0,0.0,current_legal_observation,coverage_gap_constant
inventory.MILK.carried,logistics,1,0.0,0.0,0.0,current_legal_observation,coverage_gap_constant
inventory.MILK.immediate_sale_value,market_curves,1,0.0,0.0,0.0,current_legal_observation,coverage_gap_constant
market.WOOL.price,market_curves,39,200.0,249.0,1.0,current_legal_observation,provisional_not_selected
market.WOOL.normalized_price,market_curves,39,1.0,1.245,1.0,current_legal_observation,provisional_not_selected
market.WOOL.normalized_supply,market_curves,246,-3.0285714285714285,0.0,0.994475138121547,current_legal_observation,provisional_not_selected
market.WOOL.one_unit_price_impact,market_curves,5,0.0,6.0,0.533609576427256,current_legal_observation,provisional_not_selected
market.WOOL.sell_5_revenue,market_curves,121,998.0,1245.0,1.0,current_legal_observation,provisional_not_selected
market.WOOL.sell_20_revenue,market_curves,235,3856.0,4980.0,1.0,current_legal_observation,provisional_not_selected
demand.WOOL.current_daily_units,town_demand,3,1.0,25.0,1.0,current_legal_observation,provisional_not_selected
inventory.WOOL.shed,logistics,1,0.0,0.0,0.0,current_legal_observation,coverage_gap_constant
inventory.WOOL.carried,logistics,1,0.0,0.0,0.0,current_legal_observation,coverage_gap_constant
inventory.WOOL.immediate_sale_value,market_curves,1,0.0,0.0,0.0,current_legal_observation,coverage_gap_constant
market.FERTILIZER.price,market_curves,1,100.0,100.0,1.0,current_legal_observation,coverage_gap_constant
market.FERTILIZER.normalized_price,market_curves,1,1.0,1.0,1.0,current_legal_observation,coverage_gap_constant
market.FERTILIZER.normalized_supply,market_curves,1,0.0,0.0,0.0,current_legal_observation,coverage_gap_constant
market.FERTILIZER.one_unit_price_impact,market_curves,1,0.0,0.0,0.0,current_legal_observation,coverage_gap_constant
market.FERTILIZER.sell_5_revenue,market_curves,1,498.0,498.0,1.0,current_legal_observation,coverage_gap_constant
market.FERTILIZER.sell_20_revenue,market_curves,1,1962.0,1962.0,1.0,current_legal_observation,coverage_gap_constant
demand.FERTILIZER.current_daily_units,town_demand,1,0.0,0.0,0.0,current_legal_observation,coverage_gap_constant
inventory.FERTILIZER.shed,logistics,1,0.0,0.0,0.0,current_legal_observation,coverage_gap_constant
inventory.FERTILIZER.carried,logistics,1,0.0,0.0,0.0,current_legal_observation,coverage_gap_constant
inventory.FERTILIZER.immediate_sale_value,market_curves,1,0.0,0.0,0.0,current_legal_observation,coverage_gap_constant
inventory.WHEAT.seeds,logistics,5,0.0,4.0,0.20603130755064455,current_legal_observation,provisional_not_selected
inventory.CARROT.seeds,logistics,5,0.0,4.0,0.13305709023941067,current_legal_observation,provisional_not_selected
inventory.TOMATO.seeds,logistics,1,0.0,0.0,0.0,current_legal_observation,coverage_gap_constant
inventory.STRAWBERRY.seeds,logistics,5,0.0,4.0,0.08126151012891344,current_legal_observation,provisional_not_selected
inventory.MELON.seeds,logistics,5,0.0,4.0,0.5248618784530387,current_legal_observation,provisional_not_selected
inventory.GOOSE.unplaced,logistics,1,0.0,0.0,0.0,current_legal_observation,coverage_gap_constant
inventory.COW.unplaced,logistics,1,0.0,0.0,0.0,current_legal_observation,coverage_gap_constant
inventory.SHEEP.unplaced,logistics,1,0.0,0.0,0.0,current_legal_observation,coverage_gap_constant
own.cash,labor_land,656,14.0,37424.0,1.0,current_legal_observation,provisional_not_selected
own.workers,labor_land,4,1.0,4.0,1.0,current_legal_observation,provisional_not_selected
own.empty_tiles,labor_land,17,0.0,25.0,0.4205801104972376,current_legal_observation,provisional_not_selected
own.weed_tiles,labor_land,11,0.0,17.0,0.06744935543278084,current_legal_observation,provisional_not_selected
own.unlocked_tiles,labor_land,1,25.0,25.0,1.0,current_legal_observation,coverage_gap_constant
own.next_hire_cost,labor_land,3,1.0,3.0,1.0,current_legal_observation,provisional_not_selected
own.worker_turns_today,labor_land,13,4.0,80.0,1.0,current_legal_observation,provisional_not_selected
own.water_actions_due,labor_land,26,0.0,25.0,0.9737569060773481,current_legal_observation,provisional_not_selected
own.feed_actions_due,labor_land,1,0.0,0.0,0.0,current_legal_observation,coverage_gap_constant
own.shed_distance,labor_land,9,0.0,8.0,0.8156077348066298,current_legal_observation,provisional_not_selected
own.crop.WHEAT.count,crop_state,13,0.0,12.0,0.20718232044198895,current_legal_observation,provisional_not_selected
own.crop.WHEAT.mean_age,crop_state,80,0.0,4.0,0.1929097605893186,current_legal_observation,provisional_not_selected
own.crop.WHEAT.harvestable_units,crop_state,34,0.0,33.0,0.1671270718232044,current_legal_observation,provisional_not_selected
own.crop.WHEAT.water_due,crop_state,13,0.0,12.0,0.13052486187845305,current_legal_observation,provisional_not_selected
own.crop.WHEAT.death_risk_today,crop_state,4,0.0,3.0,0.024631675874769797,current_legal_observation,provisional_not_selected
own.crop.WHEAT.bonus_water_opportunities,crop_state,13,0.0,12.0,0.07435543278084715,current_legal_observation,provisional_not_selected
own.crop.WHEAT.fertilized_count,crop_state,1,0.0,0.0,0.0,current_legal_observation,coverage_gap_constant
own.crop.CARROT.count,crop_state,13,0.0,12.0,0.12822283609576426,current_legal_observation,provisional_not_selected
own.crop.CARROT.mean_age,crop_state,50,0.0,3.0,0.11740331491712708,current_legal_observation,provisional_not_selected
own.crop.CARROT.harvestable_units,crop_state,20,0.0,22.0,0.09668508287292818,current_legal_observation,provisional_not_selected
own.crop.CARROT.water_due,crop_state,13,0.0,12.0,0.09668508287292818,current_legal_observation,provisional_not_selected
own.crop.CARROT.death_risk_today,crop_state,4,0.0,3.0,0.02371086556169429,current_legal_observation,provisional_not_selected
own.crop.CARROT.bonus_water_opportunities,crop_state,13,0.0,12.0,0.04281767955801105,current_legal_observation,provisional_not_selected
own.crop.CARROT.fertilized_count,crop_state,1,0.0,0.0,0.0,current_legal_observation,coverage_gap_constant
own.crop.TOMATO.count,crop_state,1,0.0,0.0,0.0,current_legal_observation,coverage_gap_constant
own.crop.TOMATO.mean_age,crop_state,1,0.0,0.0,0.0,current_legal_observation,coverage_gap_constant
own.crop.TOMATO.harvestable_units,crop_state,1,0.0,0.0,0.0,current_legal_observation,coverage_gap_constant
own.crop.TOMATO.water_due,crop_state,1,0.0,0.0,0.0,current_legal_observation,coverage_gap_constant
own.crop.TOMATO.death_risk_today,crop_state,1,0.0,0.0,0.0,current_legal_observation,coverage_gap_constant
own.crop.TOMATO.bonus_water_opportunities,crop_state,1,0.0,0.0,0.0,current_legal_observation,coverage_gap_constant
own.crop.TOMATO.fertilized_count,crop_state,1,0.0,0.0,0.0,current_legal_observation,coverage_gap_constant
own.crop.STRAWBERRY.count,crop_state,19,0.0,19.0,0.6035911602209945,current_legal_observation,provisional_not_selected
own.crop.STRAWBERRY.mean_age,crop_state,110,0.0,17.0,0.5897790055248618,current_legal_observation,provisional_not_selected
own.crop.STRAWBERRY.harvestable_units,crop_state,49,0.0,66.0,0.2838397790055249,current_legal_observation,provisional_not_selected
own.crop.STRAWBERRY.water_due,crop_state,20,0.0,19.0,0.5943830570902394,current_legal_observation,provisional_not_selected
own.crop.STRAWBERRY.death_risk_today,crop_state,8,0.0,7.0,0.07988029465930019,current_legal_observation,provisional_not_selected
own.crop.STRAWBERRY.bonus_water_opportunities,crop_state,1,0.0,0.0,0.0,current_legal_observation,coverage_gap_constant
own.crop.STRAWBERRY.fertilized_count,crop_state,1,0.0,0.0,0.0,current_legal_observation,coverage_gap_constant
own.crop.MELON.count,crop_state,17,0.0,25.0,0.6767955801104972,current_legal_observation,provisional_not_selected
own.crop.MELON.mean_age,crop_state,26,0.0,10.0,0.649171270718232,current_legal_observation,provisional_not_selected
own.crop.MELON.harvestable_units,crop_state,25,0.0,125.0,0.08057090239410682,current_legal_observation,provisional_not_selected
own.crop.MELON.water_due,crop_state,22,0.0,25.0,0.5824125230202578,current_legal_observation,provisional_not_selected
own.crop.MELON.death_risk_today,crop_state,7,0.0,10.0,0.055248618784530384,current_legal_observation,provisional_not_selected
own.crop.MELON.bonus_water_opportunities,crop_state,18,0.0,25.0,0.27348066298342544,current_legal_observation,provisional_not_selected
own.crop.MELON.fertilized_count,crop_state,1,0.0,0.0,0.0,current_legal_observation,coverage_gap_constant
own.animal.GOOSE.count,animal_state,1,0.0,0.0,0.0,current_legal_observation,coverage_gap_constant
own.animal.GOOSE.yield_units,animal_state,1,0.0,0.0,0.0,current_legal_observation,coverage_gap_constant
own.animal.GOOSE.feed_due,animal_state,1,0.0,0.0,0.0,current_legal_observation,coverage_gap_constant
own.animal.GOOSE.escape_risk_today,animal_state,1,0.0,0.0,0.0,current_legal_observation,coverage_gap_constant
own.animal.GOOSE.fertilizer_available,animal_state,1,0.0,0.0,0.0,current_legal_observation,coverage_gap_constant
own.animal.GOOSE.care_bonus_banked,animal_state,1,0.0,0.0,0.0,current_legal_observation,coverage_gap_constant
own.animal.COW.count,animal_state,1,0.0,0.0,0.0,current_legal_observation,coverage_gap_constant
own.animal.COW.yield_units,animal_state,1,0.0,0.0,0.0,current_legal_observation,coverage_gap_constant
own.animal.COW.feed_due,animal_state,1,0.0,0.0,0.0,current_legal_observation,coverage_gap_constant
own.animal.COW.escape_risk_today,animal_state,1,0.0,0.0,0.0,current_legal_observation,coverage_gap_constant
own.animal.COW.fertilizer_available,animal_state,1,0.0,0.0,0.0,current_legal_observation,coverage_gap_constant
own.animal.COW.care_bonus_banked,animal_state,1,0.0,0.0,0.0,current_legal_observation,coverage_gap_constant
own.animal.SHEEP.count,animal_state,1,0.0,0.0,0.0,current_legal_observation,coverage_gap_constant
own.animal.SHEEP.yield_units,animal_state,1,0.0,0.0,0.0,current_legal_observation,coverage_gap_constant
own.animal.SHEEP.feed_due,animal_state,1,0.0,0.0,0.0,current_legal_observation,coverage_gap_constant
own.animal.SHEEP.escape_risk_today,animal_state,1,0.0,0.0,0.0,current_legal_observation,coverage_gap_constant
own.animal.SHEEP.fertilizer_available,animal_state,1,0.0,0.0,0.0,current_legal_observation,coverage_gap_constant
own.animal.SHEEP.care_bonus_banked,animal_state,1,0.0,0.0,0.0,current_legal_observation,coverage_gap_constant
opponent.cash,labor_land,648,978.0,39690.0,1.0,current_legal_observation,provisional_not_selected
opponent.workers,labor_land,4,1.0,4.0,1.0,current_legal_observation,provisional_not_selected
opponent.empty_tiles,labor_land,19,0.0,25.0,0.39134438305709024,current_legal_observation,provisional_not_selected
opponent.weed_tiles,labor_land,11,0.0,19.0,0.15791896869244937,current_legal_observation,provisional_not_selected
opponent.unlocked_tiles,labor_land,1,25.0,25.0,1.0,current_legal_observation,coverage_gap_constant
opponent.next_hire_cost,labor_land,3,1.0,3.0,1.0,current_legal_observation,provisional_not_selected
opponent.worker_turns_today,labor_land,12,4.0,80.0,1.0,current_legal_observation,provisional_not_selected
opponent.water_actions_due,labor_land,26,0.0,25.0,0.9684622467771639,current_legal_observation,provisional_not_selected
opponent.feed_actions_due,labor_land,1,0.0,0.0,0.0,current_legal_observation,coverage_gap_constant
opponent.shed_distance,labor_land,9,0.0,8.0,0.8073204419889503,current_legal_observation,provisional_not_selected
opponent.crop.WHEAT.count,crop_state,8,0.0,7.0,0.20534069981583794,current_legal_observation,provisional_not_selected
opponent.crop.WHEAT.mean_age,crop_state,41,0.0,4.0,0.18853591160220995,current_legal_observation,provisional_not_selected
opponent.crop.WHEAT.harvestable_units,crop_state,19,0.0,20.0,0.15906998158379373,current_legal_observation,provisional_not_selected
opponent.crop.WHEAT.water_due,crop_state,8,0.0,7.0,0.09369244935543278,current_legal_observation,provisional_not_selected
opponent.crop.WHEAT.death_risk_today,crop_state,3,0.0,2.0,0.017495395948434623,current_legal_observation,provisional_not_selected
opponent.crop.WHEAT.bonus_water_opportunities,crop_state,7,0.0,6.0,0.056860036832412524,current_legal_observation,provisional_not_selected
opponent.crop.WHEAT.fertilized_count,crop_state,1,0.0,0.0,0.0,current_legal_observation,coverage_gap_constant
opponent.crop.CARROT.count,crop_state,7,0.0,6.0,0.12338858195211787,current_legal_observation,provisional_not_selected
opponent.crop.CARROT.mean_age,crop_state,24,0.0,3.0,0.11187845303867404,current_legal_observation,provisional_not_selected
opponent.crop.CARROT.harvestable_units,crop_state,11,0.0,12.0,0.08149171270718232,current_legal_observation,provisional_not_selected
opponent.crop.CARROT.water_due,crop_state,7,0.0,6.0,0.056169429097605895,current_legal_observation,provisional_not_selected
opponent.crop.CARROT.death_risk_today,crop_state,2,0.0,1.0,0.010589318600368325,current_legal_observation,provisional_not_selected
opponent.crop.CARROT.bonus_water_opportunities,crop_state,7,0.0,6.0,0.0285451197053407,current_legal_observation,provisional_not_selected
opponent.crop.CARROT.fertilized_count,crop_state,1,0.0,0.0,0.0,current_legal_observation,coverage_gap_constant
opponent.crop.TOMATO.count,crop_state,1,0.0,0.0,0.0,current_legal_observation,coverage_gap_constant
opponent.crop.TOMATO.mean_age,crop_state,1,0.0,0.0,0.0,current_legal_observation,coverage_gap_constant
opponent.crop.TOMATO.harvestable_units,crop_state,1,0.0,0.0,0.0,current_legal_observation,coverage_gap_constant
opponent.crop.TOMATO.water_due,crop_state,1,0.0,0.0,0.0,current_legal_observation,coverage_gap_constant
opponent.crop.TOMATO.death_risk_today,crop_state,1,0.0,0.0,0.0,current_legal_observation,coverage_gap_constant
opponent.crop.TOMATO.bonus_water_opportunities,crop_state,1,0.0,0.0,0.0,current_legal_observation,coverage_gap_constant
opponent.crop.TOMATO.fertilized_count,crop_state,1,0.0,0.0,0.0,current_legal_observation,coverage_gap_constant
opponent.crop.STRAWBERRY.count,crop_state,20,0.0,20.0,0.6091160220994475,current_legal_observation,provisional_not_selected
opponent.crop.STRAWBERRY.mean_age,crop_state,214,0.0,17.0,0.5980662983425414,current_legal_observation,provisional_not_selected
opponent.crop.STRAWBERRY.harvestable_units,crop_state,61,0.0,66.0,0.2863720073664825,current_legal_observation,provisional_not_selected
opponent.crop.STRAWBERRY.water_due,crop_state,21,0.0,20.0,0.5994475138121547,current_legal_observation,provisional_not_selected
opponent.crop.STRAWBERRY.death_risk_today,crop_state,4,0.0,3.0,0.06952117863720074,current_legal_observation,provisional_not_selected
opponent.crop.STRAWBERRY.bonus_water_opportunities,crop_state,1,0.0,0.0,0.0,current_legal_observation,coverage_gap_constant
opponent.crop.STRAWBERRY.fertilized_count,crop_state,1,0.0,0.0,0.0,current_legal_observation,coverage_gap_constant
opponent.crop.MELON.count,crop_state,17,0.0,25.0,0.6712707182320442,current_legal_observation,provisional_not_selected
opponent.crop.MELON.mean_age,crop_state,22,0.0,10.0,0.643646408839779,current_legal_observation,provisional_not_selected
opponent.crop.MELON.harvestable_units,crop_state,21,0.0,125.0,0.07734806629834254,current_legal_observation,provisional_not_selected
opponent.crop.MELON.water_due,crop_state,20,0.0,25.0,0.48204419889502764,current_legal_observation,provisional_not_selected
opponent.crop.MELON.death_risk_today,crop_state,9,0.0,13.0,0.0570902394106814,current_legal_observation,provisional_not_selected
opponent.crop.MELON.bonus_water_opportunities,crop_state,18,0.0,25.0,0.2541436464088398,current_legal_observation,provisional_not_selected
opponent.crop.MELON.fertilized_count,crop_state,1,0.0,0.0,0.0,current_legal_observation,coverage_gap_constant
opponent.animal.GOOSE.count,animal_state,1,0.0,0.0,0.0,current_legal_observation,coverage_gap_constant
opponent.animal.GOOSE.yield_units,animal_state,1,0.0,0.0,0.0,current_legal_observation,coverage_gap_constant
opponent.animal.GOOSE.feed_due,animal_state,1,0.0,0.0,0.0,current_legal_observation,coverage_gap_constant
opponent.animal.GOOSE.escape_risk_today,animal_state,1,0.0,0.0,0.0,current_legal_observation,coverage_gap_constant
opponent.animal.GOOSE.fertilizer_available,animal_state,1,0.0,0.0,0.0,current_legal_observation,coverage_gap_constant
opponent.animal.GOOSE.care_bonus_banked,animal_state,1,0.0,0.0,0.0,current_legal_observation,coverage_gap_constant
opponent.animal.COW.count,animal_state,1,0.0,0.0,0.0,current_legal_observation,coverage_gap_constant
opponent.animal.COW.yield_units,animal_state,1,0.0,0.0,0.0,current_legal_observation,coverage_gap_constant
opponent.animal.COW.feed_due,animal_state,1,0.0,0.0,0.0,current_legal_observation,coverage_gap_constant
opponent.animal.COW.escape_risk_today,animal_state,1,0.0,0.0,0.0,current_legal_observation,coverage_gap_constant
opponent.animal.COW.fertilizer_available,animal_state,1,0.0,0.0,0.0,current_legal_observation,coverage_gap_constant
opponent.animal.COW.care_bonus_banked,animal_state,1,0.0,0.0,0.0,current_legal_observation,coverage_gap_constant
opponent.animal.SHEEP.count,animal_state,1,0.0,0.0,0.0,current_legal_observation,coverage_gap_constant
opponent.animal.SHEEP.yield_units,animal_state,1,0.0,0.0,0.0,current_legal_observation,coverage_gap_constant
opponent.animal.SHEEP.feed_due,animal_state,1,0.0,0.0,0.0,current_legal_observation,coverage_gap_constant
opponent.animal.SHEEP.escape_risk_today,animal_state,1,0.0,0.0,0.0,current_legal_observation,coverage_gap_constant
opponent.animal.SHEEP.fertilizer_available,animal_state,1,0.0,0.0,0.0,current_legal_observation,coverage_gap_constant
opponent.animal.SHEEP.care_bonus_banked,animal_state,1,0.0,0.0,0.0,current_legal_observation,coverage_gap_constant
storage.free_before_market,storage_interactions,32,10.0,100.0,1.0,current_legal_observation,provisional_not_selected
storage.free_after_sell_all,storage_interactions,1,100.0,100.0,1.0,current_legal_observation,coverage_gap_constant
storage.night_overflow_if_pass,storage_interactions,1,0.0,0.0,0.0,current_legal_observation,coverage_gap_constant
storage.night_overflow_after_sell_all,storage_interactions,1,0.0,0.0,0.0,current_legal_observation,coverage_gap_constant
storage.ready_wave_overflow_after_sell_all,storage_interactions,11,0.0,39.0,0.03038674033149171,current_legal_observation,provisional_not_selected
storage.carried_plus_ready_units,storage_interactions,90,0.0,139.0,0.40101289134438306,current_legal_observation,provisional_not_selected
storage.ready_wave_units,storage_interactions,82,0.0,125.0,0.3798342541436464,current_legal_observation,provisional_not_selected
storage.nonsellable_capacity_lock,storage_interactions,1,0.0,0.0,0.0,current_legal_observation,coverage_gap_constant
storage.carry_fraction_of_capacity,storage_interactions,40,0.0,0.72,0.19521178637200737,current_legal_observation,provisional_not_selected
capital.receipt_wait_scenario_actions,cashflow,67,2.0,238.0,1.0,current_legal_observation,provisional_not_selected
capital.staffing_days_scenario,cashflow,10,1.0,10.0,1.0,current_legal_observation,provisional_not_selected
capital.daily_full_staff_cost,cashflow,1,4.0,4.0,1.0,current_legal_observation,coverage_gap_constant
capital.labor_reserve,cashflow,21,4.0,44.0,1.0,current_legal_observation,provisional_not_selected
capital.seed_spendable_cash,cashflow,715,6.0,37417.0,1.0,current_legal_observation,provisional_not_selected
capital.cash_to_reserve_ratio,cashflow,917,1.75,7869.5,1.0,current_legal_observation,provisional_not_selected
capital.reserve_shortfall,cashflow,1,0.0,0.0,0.0,current_legal_observation,coverage_gap_constant
delivery.unit0.active,delivery_feasibility,1,1.0,1.0,1.0,current_legal_observation,coverage_gap_constant
delivery.unit0.shed_distance,delivery_feasibility,9,0.0,8.0,0.8156077348066298,current_legal_observation,provisional_not_selected
delivery.unit0.carried_units,delivery_feasibility,16,0.0,30.0,0.14134438305709024,current_legal_observation,provisional_not_selected
delivery.unit0.conditional_sale_value,delivery_feasibility,133,0.0,7011.0,0.14134438305709024,current_legal_observation,provisional_not_selected
delivery.unit0.dump_loss_before_market,delivery_feasibility,1,0.0,0.0,0.0,current_legal_observation,coverage_gap_constant
delivery.unit0.delivery_refresh_slack,delivery_feasibility,26,-5.0,23.0,0.9023941068139963,current_legal_observation,provisional_not_selected
delivery.unit0.delivery_terminal_slack,delivery_feasibility,313,-6.0,718.0,0.9967771639042358,current_legal_observation,provisional_not_selected
delivery.unit0.value_per_delivery_action,delivery_feasibility,190,0.0,1484.0,0.14134438305709024,current_legal_observation,provisional_not_selected
delivery.unit1.active,delivery_feasibility,2,0.0,1.0,0.8342541436464088,current_legal_observation,provisional_not_selected
delivery.unit1.shed_distance,delivery_feasibility,9,0.0,8.0,0.8236648250460405,current_legal_observation,provisional_not_selected
delivery.unit1.carried_units,delivery_feasibility,14,0.0,24.0,0.13075506445672191,current_legal_observation,provisional_not_selected
delivery.unit1.conditional_sale_value,delivery_feasibility,148,0.0,5765.0,0.13075506445672191,current_legal_observation,provisional_not_selected
delivery.unit1.dump_loss_before_market,delivery_feasibility,1,0.0,0.0,0.0,current_legal_observation,coverage_gap_constant
delivery.unit1.delivery_refresh_slack,delivery_feasibility,25,-5.0,19.0,0.796731123388582,current_legal_observation,provisional_not_selected
delivery.unit1.delivery_terminal_slack,delivery_feasibility,300,-6.0,712.0,0.8321823204419889,current_legal_observation,provisional_not_selected
delivery.unit1.value_per_delivery_action,delivery_feasibility,192,0.0,1308.5,0.13075506445672191,current_legal_observation,provisional_not_selected
delivery.unit2.active,delivery_feasibility,2,0.0,1.0,0.8031767955801105,current_legal_observation,provisional_not_selected
delivery.unit2.shed_distance,delivery_feasibility,9,0.0,8.0,0.7727900552486188,current_legal_observation,provisional_not_selected
delivery.unit2.carried_units,delivery_feasibility,12,0.0,18.0,0.12569060773480664,current_legal_observation,provisional_not_selected
delivery.unit2.conditional_sale_value,delivery_feasibility,135,0.0,4670.0,0.12569060773480664,current_legal_observation,provisional_not_selected
delivery.unit2.dump_loss_before_market,delivery_feasibility,1,0.0,0.0,0.0,current_legal_observation,coverage_gap_constant
delivery.unit2.delivery_refresh_slack,delivery_feasibility,24,-5.0,19.0,0.7034990791896869,current_legal_observation,provisional_not_selected
delivery.unit2.delivery_terminal_slack,delivery_feasibility,279,-5.0,713.0,0.802255985267035,current_legal_observation,provisional_not_selected
delivery.unit2.value_per_delivery_action,delivery_feasibility,180,0.0,1074.6666666666667,0.12569060773480664,current_legal_observation,provisional_not_selected
delivery.unit3.active,delivery_feasibility,2,0.0,1.0,0.19705340699815838,current_legal_observation,provisional_not_selected
delivery.unit3.shed_distance,delivery_feasibility,9,0.0,8.0,0.1703499079189687,current_legal_observation,provisional_not_selected
delivery.unit3.carried_units,delivery_feasibility,9,0.0,12.0,0.02992633517495396,current_legal_observation,provisional_not_selected
delivery.unit3.conditional_sale_value,delivery_feasibility,46,0.0,2454.0,0.02992633517495396,current_legal_observation,provisional_not_selected
delivery.unit3.dump_loss_before_market,delivery_feasibility,1,0.0,0.0,0.0,current_legal_observation,coverage_gap_constant
delivery.unit3.delivery_refresh_slack,delivery_feasibility,22,-5.0,19.0,0.1830110497237569,current_legal_observation,provisional_not_selected
delivery.unit3.delivery_terminal_slack,delivery_feasibility,113,0.0,714.0,0.19705340699815838,current_legal_observation,provisional_not_selected
delivery.unit3.value_per_delivery_action,delivery_feasibility,53,0.0,613.5,0.02992633517495396,current_legal_observation,provisional_not_selected
own.timing.WHEAT.capped_ready_tiles,crop_resource_timing,1,0.0,0.0,0.0,current_legal_observation,coverage_gap_constant
own.timing.WHEAT.avoidable_wait_unit_days,crop_resource_timing,1,0.0,0.0,0.0,current_legal_observation,coverage_gap_constant
own.timing.WHEAT.water_now_increment_units,crop_resource_timing,13,0.0,12.0,0.07435543278084715,current_legal_observation,provisional_not_selected
own.timing.WHEAT.refresh_yield_saved_by_water,crop_resource_timing,13,0.0,12.0,0.09806629834254144,current_legal_observation,provisional_not_selected
own.timing.WHEAT.refresh_increment_from_fertilizer_given_water,crop_resource_timing,13,0.0,12.0,0.07435543278084715,current_legal_observation,provisional_not_selected
own.timing.WHEAT.next_refresh_production_events,crop_resource_timing,1,0.0,0.0,0.0,current_legal_observation,coverage_gap_constant
own.timing.WHEAT.ready_units_with_active_delivery_route,crop_resource_timing,34,0.0,33.0,0.14249539594843463,current_legal_observation,provisional_not_selected
own.timing.WHEAT.ready_units_without_terminal_route,crop_resource_timing,8,0.0,11.0,0.003913443830570903,current_legal_observation,provisional_not_selected
own.timing.WHEAT.water_death_tasks_unreachable_today,crop_resource_timing,1,0.0,0.0,0.0,current_legal_observation,coverage_gap_constant
own.timing.WHEAT.decay_within_two_actions,crop_resource_timing,3,0.0,3.0,0.001841620626151013,current_legal_observation,provisional_not_selected
own.timing.WHEAT.present,crop_resource_timing,2,0.0,1.0,0.20718232044198895,current_legal_observation,provisional_not_selected
own.timing.WHEAT.first_maturity_actions,crop_resource_timing,12,0.0,719.0,0.8328729281767956,current_legal_observation,provisional_not_selected
own.timing.WHEAT.known_decay_present,crop_resource_timing,2,0.0,1.0,0.20718232044198895,current_legal_observation,provisional_not_selected
own.timing.WHEAT.first_decay_actions,crop_resource_timing,31,0.0,719.0,0.9995395948434622,current_legal_observation,provisional_not_selected
own.timing.WHEAT.mean_worker_distance,crop_resource_timing,100,0.0,5.0,0.19935543278084714,current_legal_observation,provisional_not_selected
own.timing.CARROT.capped_ready_tiles,crop_resource_timing,1,0.0,0.0,0.0,current_legal_observation,coverage_gap_constant
own.timing.CARROT.avoidable_wait_unit_days,crop_resource_timing,1,0.0,0.0,0.0,current_legal_observation,coverage_gap_constant
own.timing.CARROT.water_now_increment_units,crop_resource_timing,13,0.0,12.0,0.04281767955801105,current_legal_observation,provisional_not_selected
own.timing.CARROT.refresh_yield_saved_by_water,crop_resource_timing,13,0.0,12.0,0.06238489871086556,current_legal_observation,provisional_not_selected
own.timing.CARROT.refresh_increment_from_fertilizer_given_water,crop_resource_timing,13,0.0,12.0,0.04281767955801105,current_legal_observation,provisional_not_selected
own.timing.CARROT.next_refresh_production_events,crop_resource_timing,1,0.0,0.0,0.0,current_legal_observation,coverage_gap_constant
own.timing.CARROT.ready_units_with_active_delivery_route,crop_resource_timing,20,0.0,22.0,0.08333333333333333,current_legal_observation,provisional_not_selected
own.timing.CARROT.ready_units_without_terminal_route,crop_resource_timing,6,0.0,6.0,0.003453038674033149,current_legal_observation,provisional_not_selected
own.timing.CARROT.water_death_tasks_unreachable_today,crop_resource_timing,1,0.0,0.0,0.0,current_legal_observation,coverage_gap_constant
own.timing.CARROT.decay_within_two_actions,crop_resource_timing,2,0.0,2.0,0.0011510128913443832,current_legal_observation,provisional_not_selected
own.timing.CARROT.present,crop_resource_timing,2,0.0,1.0,0.12822283609576426,current_legal_observation,provisional_not_selected
own.timing.CARROT.first_maturity_actions,crop_resource_timing,13,0.0,719.0,0.9033149171270718,current_legal_observation,provisional_not_selected
own.timing.CARROT.known_decay_present,crop_resource_timing,2,0.0,1.0,0.12822283609576426,current_legal_observation,provisional_not_selected
own.timing.CARROT.first_decay_actions,crop_resource_timing,25,2.0,719.0,1.0,current_legal_observation,provisional_not_selected
own.timing.CARROT.mean_worker_distance,crop_resource_timing,81,0.0,4.5,0.12246777163904236,current_legal_observation,provisional_not_selected
own.timing.TOMATO.capped_ready_tiles,crop_resource_timing,1,0.0,0.0,0.0,current_legal_observation,coverage_gap_constant
own.timing.TOMATO.avoidable_wait_unit_days,crop_resource_timing,1,0.0,0.0,0.0,current_legal_observation,coverage_gap_constant
own.timing.TOMATO.water_now_increment_units,crop_resource_timing,1,0.0,0.0,0.0,current_legal_observation,coverage_gap_constant
own.timing.TOMATO.refresh_yield_saved_by_water,crop_resource_timing,1,0.0,0.0,0.0,current_legal_observation,coverage_gap_constant
own.timing.TOMATO.refresh_increment_from_fertilizer_given_water,crop_resource_timing,1,0.0,0.0,0.0,current_legal_observation,coverage_gap_constant
own.timing.TOMATO.next_refresh_production_events,crop_resource_timing,1,0.0,0.0,0.0,current_legal_observation,coverage_gap_constant
own.timing.TOMATO.ready_units_with_active_delivery_route,crop_resource_timing,1,0.0,0.0,0.0,current_legal_observation,coverage_gap_constant
own.timing.TOMATO.ready_units_without_terminal_route,crop_resource_timing,1,0.0,0.0,0.0,current_legal_observation,coverage_gap_constant
own.timing.TOMATO.water_death_tasks_unreachable_today,crop_resource_timing,1,0.0,0.0,0.0,current_legal_observation,coverage_gap_constant
own.timing.TOMATO.decay_within_two_actions,crop_resource_timing,1,0.0,0.0,0.0,current_legal_observation,coverage_gap_constant
own.timing.TOMATO.present,crop_resource_timing,1,0.0,0.0,0.0,current_legal_observation,coverage_gap_constant
own.timing.TOMATO.first_maturity_actions,crop_resource_timing,1,719.0,719.0,1.0,current_legal_observation,coverage_gap_constant
own.timing.TOMATO.known_decay_present,crop_resource_timing,1,0.0,0.0,0.0,current_legal_observation,coverage_gap_constant
own.timing.TOMATO.first_decay_actions,crop_resource_timing,1,719.0,719.0,1.0,current_legal_observation,coverage_gap_constant
own.timing.TOMATO.mean_worker_distance,crop_resource_timing,1,0.0,0.0,0.0,current_legal_observation,coverage_gap_constant
own.timing.STRAWBERRY.capped_ready_tiles,crop_resource_timing,1,0.0,0.0,0.0,current_legal_observation,coverage_gap_constant
own.timing.STRAWBERRY.avoidable_wait_unit_days,crop_resource_timing,1,0.0,0.0,0.0,current_legal_observation,coverage_gap_constant
own.timing.STRAWBERRY.water_now_increment_units,crop_resource_timing,1,0.0,0.0,0.0,current_legal_observation,coverage_gap_constant
own.timing.STRAWBERRY.refresh_yield_saved_by_water,crop_resource_timing,15,0.0,16.0,0.049263351749539594,current_legal_observation,provisional_not_selected
own.timing.STRAWBERRY.refresh_increment_from_fertilizer_given_water,crop_resource_timing,11,0.0,12.0,0.21961325966850828,current_legal_observation,provisional_not_selected
own.timing.STRAWBERRY.next_refresh_production_events,crop_resource_timing,11,0.0,12.0,0.28591160220994477,current_legal_observation,provisional_not_selected
own.timing.STRAWBERRY.ready_units_with_active_delivery_route,crop_resource_timing,51,0.0,66.0,0.23825966850828728,current_legal_observation,provisional_not_selected
own.timing.STRAWBERRY.ready_units_without_terminal_route,crop_resource_timing,3,0.0,8.0,0.006675874769797422,current_legal_observation,provisional_not_selected
own.timing.STRAWBERRY.water_death_tasks_unreachable_today,crop_resource_timing,2,0.0,3.0,0.0009208103130755065,current_legal_observation,provisional_not_selected
own.timing.STRAWBERRY.decay_within_two_actions,crop_resource_timing,9,0.0,9.0,0.014502762430939226,current_legal_observation,provisional_not_selected
own.timing.STRAWBERRY.present,crop_resource_timing,2,0.0,1.0,0.6035911602209945,current_legal_observation,provisional_not_selected
own.timing.STRAWBERRY.first_maturity_actions,crop_resource_timing,59,0.0,719.0,0.7085635359116023,current_legal_observation,provisional_not_selected
own.timing.STRAWBERRY.known_decay_present,crop_resource_timing,2,0.0,1.0,0.0925414364640884,current_legal_observation,provisional_not_selected
own.timing.STRAWBERRY.first_decay_actions,crop_resource_timing,9,0.0,719.0,0.9861878453038674,current_legal_observation,provisional_not_selected
own.timing.STRAWBERRY.mean_worker_distance,crop_resource_timing,152,0.0,5.833333333333333,0.5985267034990792,current_legal_observation,provisional_not_selected
own.timing.MELON.capped_ready_tiles,crop_resource_timing,4,0.0,3.0,0.04742173112338858,current_legal_observation,provisional_not_selected
own.timing.MELON.avoidable_wait_unit_days,crop_resource_timing,5,0.0,24.0,0.04742173112338858,current_legal_observation,provisional_not_selected
own.timing.MELON.water_now_increment_units,crop_resource_timing,18,0.0,25.0,0.27348066298342544,current_legal_observation,provisional_not_selected
own.timing.MELON.refresh_yield_saved_by_water,crop_resource_timing,20,0.0,60.0,0.292817679558011,current_legal_observation,provisional_not_selected
own.timing.MELON.refresh_increment_from_fertilizer_given_water,crop_resource_timing,11,0.0,25.0,0.19889502762430938,current_legal_observation,provisional_not_selected
own.timing.MELON.next_refresh_production_events,crop_resource_timing,1,0.0,0.0,0.0,current_legal_observation,coverage_gap_constant
own.timing.MELON.ready_units_with_active_delivery_route,crop_resource_timing,23,0.0,125.0,0.0718232044198895,current_legal_observation,provisional_not_selected
own.timing.MELON.ready_units_without_terminal_route,crop_resource_timing,1,0.0,0.0,0.0,current_legal_observation,coverage_gap_constant
own.timing.MELON.water_death_tasks_unreachable_today,crop_resource_timing,1,0.0,0.0,0.0,current_legal_observation,coverage_gap_constant
own.timing.MELON.decay_within_two_actions,crop_resource_timing,1,0.0,0.0,0.0,current_legal_observation,coverage_gap_constant
own.timing.MELON.present,crop_resource_timing,2,0.0,1.0,0.6767955801104972,current_legal_observation,provisional_not_selected
own.timing.MELON.first_maturity_actions,crop_resource_timing,61,0.0,719.0,0.9194290976058932,current_legal_observation,provisional_not_selected
own.timing.MELON.known_decay_present,crop_resource_timing,2,0.0,1.0,0.6767955801104972,current_legal_observation,provisional_not_selected
own.timing.MELON.first_decay_actions,crop_resource_timing,72,28.0,719.0,1.0,current_legal_observation,provisional_not_selected
own.timing.MELON.mean_worker_distance,crop_resource_timing,46,0.0,4.166666666666667,0.6685082872928176,current_legal_observation,provisional_not_selected
own.husbandry.GOOSE.escape_prevented_by_feed,animal_feed_care_interactions,1,0.0,0.0,0.0,current_legal_observation,coverage_gap_constant
own.husbandry.GOOSE.refresh_units_saved_by_feed,animal_feed_care_interactions,1,0.0,0.0,0.0,current_legal_observation,coverage_gap_constant
own.husbandry.GOOSE.care_bank_marginal,animal_feed_care_interactions,1,0.0,0.0,0.0,current_legal_observation,coverage_gap_constant
own.husbandry.GOOSE.next_production_events,animal_feed_care_interactions,1,0.0,0.0,0.0,current_legal_observation,coverage_gap_constant
own.husbandry.GOOSE.cap_headroom,animal_feed_care_interactions,1,0.0,0.0,0.0,current_legal_observation,coverage_gap_constant
own.husbandry.GOOSE.banked_bonus_at_risk_if_unfed,animal_feed_care_interactions,1,0.0,0.0,0.0,current_legal_observation,coverage_gap_constant
own.husbandry.GOOSE.next_fed_production_saturation,animal_feed_care_interactions,1,0.0,0.0,0.0,current_legal_observation,coverage_gap_constant
own.husbandry.COW.escape_prevented_by_feed,animal_feed_care_interactions,1,0.0,0.0,0.0,current_legal_observation,coverage_gap_constant
own.husbandry.COW.refresh_units_saved_by_feed,animal_feed_care_interactions,1,0.0,0.0,0.0,current_legal_observation,coverage_gap_constant
own.husbandry.COW.care_bank_marginal,animal_feed_care_interactions,1,0.0,0.0,0.0,current_legal_observation,coverage_gap_constant
own.husbandry.COW.next_production_events,animal_feed_care_interactions,1,0.0,0.0,0.0,current_legal_observation,coverage_gap_constant
own.husbandry.COW.cap_headroom,animal_feed_care_interactions,1,0.0,0.0,0.0,current_legal_observation,coverage_gap_constant
own.husbandry.COW.banked_bonus_at_risk_if_unfed,animal_feed_care_interactions,1,0.0,0.0,0.0,current_legal_observation,coverage_gap_constant
own.husbandry.COW.next_fed_production_saturation,animal_feed_care_interactions,1,0.0,0.0,0.0,current_legal_observation,coverage_gap_constant
own.husbandry.SHEEP.escape_prevented_by_feed,animal_feed_care_interactions,1,0.0,0.0,0.0,current_legal_observation,coverage_gap_constant
own.husbandry.SHEEP.refresh_units_saved_by_feed,animal_feed_care_interactions,1,0.0,0.0,0.0,current_legal_observation,coverage_gap_constant
own.husbandry.SHEEP.care_bank_marginal,animal_feed_care_interactions,1,0.0,0.0,0.0,current_legal_observation,coverage_gap_constant
own.husbandry.SHEEP.next_production_events,animal_feed_care_interactions,1,0.0,0.0,0.0,current_legal_observation,coverage_gap_constant
own.husbandry.SHEEP.cap_headroom,animal_feed_care_interactions,1,0.0,0.0,0.0,current_legal_observation,coverage_gap_constant
own.husbandry.SHEEP.banked_bonus_at_risk_if_unfed,animal_feed_care_interactions,1,0.0,0.0,0.0,current_legal_observation,coverage_gap_constant
own.husbandry.SHEEP.next_fed_production_saturation,animal_feed_care_interactions,1,0.0,0.0,0.0,current_legal_observation,coverage_gap_constant
opponent.timing.WHEAT.capped_ready_tiles,crop_resource_timing,1,0.0,0.0,0.0,current_legal_observation,coverage_gap_constant
opponent.timing.WHEAT.avoidable_wait_unit_days,crop_resource_timing,1,0.0,0.0,0.0,current_legal_observation,coverage_gap_constant
opponent.timing.WHEAT.water_now_increment_units,crop_resource_timing,7,0.0,6.0,0.056860036832412524,current_legal_observation,provisional_not_selected
opponent.timing.WHEAT.refresh_yield_saved_by_water,crop_resource_timing,7,0.0,6.0,0.06975138121546962,current_legal_observation,provisional_not_selected
opponent.timing.WHEAT.refresh_increment_from_fertilizer_given_water,crop_resource_timing,7,0.0,6.0,0.056860036832412524,current_legal_observation,provisional_not_selected
opponent.timing.WHEAT.next_refresh_production_events,crop_resource_timing,1,0.0,0.0,0.0,current_legal_observation,coverage_gap_constant
opponent.timing.WHEAT.ready_units_with_active_delivery_route,crop_resource_timing,19,0.0,20.0,0.13858195211786373,current_legal_observation,provisional_not_selected
opponent.timing.WHEAT.ready_units_without_terminal_route,crop_resource_timing,3,0.0,2.0,0.0009208103130755065,current_legal_observation,provisional_not_selected
opponent.timing.WHEAT.water_death_tasks_unreachable_today,crop_resource_timing,1,0.0,0.0,0.0,current_legal_observation,coverage_gap_constant
opponent.timing.WHEAT.decay_within_two_actions,crop_resource_timing,1,0.0,0.0,0.0,current_legal_observation,coverage_gap_constant
opponent.timing.WHEAT.present,crop_resource_timing,2,0.0,1.0,0.20534069981583794,current_legal_observation,provisional_not_selected
opponent.timing.WHEAT.first_maturity_actions,crop_resource_timing,12,0.0,719.0,0.8409300184162063,current_legal_observation,provisional_not_selected
opponent.timing.WHEAT.known_decay_present,crop_resource_timing,2,0.0,1.0,0.20534069981583794,current_legal_observation,provisional_not_selected
opponent.timing.WHEAT.first_decay_actions,crop_resource_timing,28,12.0,719.0,1.0,current_legal_observation,provisional_not_selected
opponent.timing.WHEAT.mean_worker_distance,crop_resource_timing,62,0.0,5.6,0.19843462246777163,current_legal_observation,provisional_not_selected
opponent.timing.CARROT.capped_ready_tiles,crop_resource_timing,1,0.0,0.0,0.0,current_legal_observation,coverage_gap_constant
opponent.timing.CARROT.avoidable_wait_unit_days,crop_resource_timing,1,0.0,0.0,0.0,current_legal_observation,coverage_gap_constant
opponent.timing.CARROT.water_now_increment_units,crop_resource_timing,7,0.0,6.0,0.0285451197053407,current_legal_observation,provisional_not_selected
opponent.timing.CARROT.refresh_yield_saved_by_water,crop_resource_timing,7,0.0,6.0,0.03821362799263352,current_legal_observation,provisional_not_selected
opponent.timing.CARROT.refresh_increment_from_fertilizer_given_water,crop_resource_timing,7,0.0,6.0,0.0285451197053407,current_legal_observation,provisional_not_selected
opponent.timing.CARROT.next_refresh_production_events,crop_resource_timing,1,0.0,0.0,0.0,current_legal_observation,coverage_gap_constant
opponent.timing.CARROT.ready_units_with_active_delivery_route,crop_resource_timing,12,0.0,12.0,0.07044198895027624,current_legal_observation,provisional_not_selected
opponent.timing.CARROT.ready_units_without_terminal_route,crop_resource_timing,1,0.0,0.0,0.0,current_legal_observation,coverage_gap_constant
opponent.timing.CARROT.water_death_tasks_unreachable_today,crop_resource_timing,1,0.0,0.0,0.0,current_legal_observation,coverage_gap_constant
opponent.timing.CARROT.decay_within_two_actions,crop_resource_timing,1,0.0,0.0,0.0,current_legal_observation,coverage_gap_constant
opponent.timing.CARROT.present,crop_resource_timing,2,0.0,1.0,0.12338858195211787,current_legal_observation,provisional_not_selected
opponent.timing.CARROT.first_maturity_actions,crop_resource_timing,13,0.0,719.0,0.9185082872928176,current_legal_observation,provisional_not_selected
opponent.timing.CARROT.known_decay_present,crop_resource_timing,2,0.0,1.0,0.12338858195211787,current_legal_observation,provisional_not_selected
opponent.timing.CARROT.first_decay_actions,crop_resource_timing,22,12.0,719.0,1.0,current_legal_observation,provisional_not_selected
opponent.timing.CARROT.mean_worker_distance,crop_resource_timing,46,0.0,6.5,0.11832412523020258,current_legal_observation,provisional_not_selected
opponent.timing.TOMATO.capped_ready_tiles,crop_resource_timing,1,0.0,0.0,0.0,current_legal_observation,coverage_gap_constant
opponent.timing.TOMATO.avoidable_wait_unit_days,crop_resource_timing,1,0.0,0.0,0.0,current_legal_observation,coverage_gap_constant
opponent.timing.TOMATO.water_now_increment_units,crop_resource_timing,1,0.0,0.0,0.0,current_legal_observation,coverage_gap_constant
opponent.timing.TOMATO.refresh_yield_saved_by_water,crop_resource_timing,1,0.0,0.0,0.0,current_legal_observation,coverage_gap_constant
opponent.timing.TOMATO.refresh_increment_from_fertilizer_given_water,crop_resource_timing,1,0.0,0.0,0.0,current_legal_observation,coverage_gap_constant
opponent.timing.TOMATO.next_refresh_production_events,crop_resource_timing,1,0.0,0.0,0.0,current_legal_observation,coverage_gap_constant
opponent.timing.TOMATO.ready_units_with_active_delivery_route,crop_resource_timing,1,0.0,0.0,0.0,current_legal_observation,coverage_gap_constant
opponent.timing.TOMATO.ready_units_without_terminal_route,crop_resource_timing,1,0.0,0.0,0.0,current_legal_observation,coverage_gap_constant
opponent.timing.TOMATO.water_death_tasks_unreachable_today,crop_resource_timing,1,0.0,0.0,0.0,current_legal_observation,coverage_gap_constant
opponent.timing.TOMATO.decay_within_two_actions,crop_resource_timing,1,0.0,0.0,0.0,current_legal_observation,coverage_gap_constant
opponent.timing.TOMATO.present,crop_resource_timing,1,0.0,0.0,0.0,current_legal_observation,coverage_gap_constant
opponent.timing.TOMATO.first_maturity_actions,crop_resource_timing,1,719.0,719.0,1.0,current_legal_observation,coverage_gap_constant
opponent.timing.TOMATO.known_decay_present,crop_resource_timing,1,0.0,0.0,0.0,current_legal_observation,coverage_gap_constant
opponent.timing.TOMATO.first_decay_actions,crop_resource_timing,1,719.0,719.0,1.0,current_legal_observation,coverage_gap_constant
opponent.timing.TOMATO.mean_worker_distance,crop_resource_timing,1,0.0,0.0,0.0,current_legal_observation,coverage_gap_constant
opponent.timing.STRAWBERRY.capped_ready_tiles,crop_resource_timing,1,0.0,0.0,0.0,current_legal_observation,coverage_gap_constant
opponent.timing.STRAWBERRY.avoidable_wait_unit_days,crop_resource_timing,1,0.0,0.0,0.0,current_legal_observation,coverage_gap_constant
opponent.timing.STRAWBERRY.water_now_increment_units,crop_resource_timing,1,0.0,0.0,0.0,current_legal_observation,coverage_gap_constant
opponent.timing.STRAWBERRY.refresh_yield_saved_by_water,crop_resource_timing,5,0.0,4.0,0.03199815837937385,current_legal_observation,provisional_not_selected
opponent.timing.STRAWBERRY.refresh_increment_from_fertilizer_given_water,crop_resource_timing,12,0.0,13.0,0.23872007366482503,current_legal_observation,provisional_not_selected
opponent.timing.STRAWBERRY.next_refresh_production_events,crop_resource_timing,12,0.0,13.0,0.302255985267035,current_legal_observation,provisional_not_selected
opponent.timing.STRAWBERRY.ready_units_with_active_delivery_route,crop_resource_timing,66,0.0,66.0,0.24148250460405157,current_legal_observation,provisional_not_selected
opponent.timing.STRAWBERRY.ready_units_without_terminal_route,crop_resource_timing,3,0.0,4.0,0.004604051565377533,current_legal_observation,provisional_not_selected
opponent.timing.STRAWBERRY.water_death_tasks_unreachable_today,crop_resource_timing,1,0.0,0.0,0.0,current_legal_observation,coverage_gap_constant
opponent.timing.STRAWBERRY.decay_within_two_actions,crop_resource_timing,10,0.0,13.0,0.015883977900552487,current_legal_observation,provisional_not_selected
opponent.timing.STRAWBERRY.present,crop_resource_timing,2,0.0,1.0,0.6091160220994475,current_legal_observation,provisional_not_selected
opponent.timing.STRAWBERRY.first_maturity_actions,crop_resource_timing,58,0.0,719.0,0.7002762430939227,current_legal_observation,provisional_not_selected
opponent.timing.STRAWBERRY.known_decay_present,crop_resource_timing,2,0.0,1.0,0.10082872928176796,current_legal_observation,provisional_not_selected
opponent.timing.STRAWBERRY.first_decay_actions,crop_resource_timing,9,0.0,719.0,0.988950276243094,current_legal_observation,provisional_not_selected
opponent.timing.STRAWBERRY.mean_worker_distance,crop_resource_timing,206,0.0,6.5,0.6035911602209945,current_legal_observation,provisional_not_selected
opponent.timing.MELON.capped_ready_tiles,crop_resource_timing,5,0.0,4.0,0.03867403314917127,current_legal_observation,provisional_not_selected
opponent.timing.MELON.avoidable_wait_unit_days,crop_resource_timing,5,0.0,24.0,0.03867403314917127,current_legal_observation,provisional_not_selected
opponent.timing.MELON.water_now_increment_units,crop_resource_timing,18,0.0,25.0,0.2541436464088398,current_legal_observation,provisional_not_selected
opponent.timing.MELON.refresh_yield_saved_by_water,crop_resource_timing,21,0.0,78.0,0.27532228360957645,current_legal_observation,provisional_not_selected
opponent.timing.MELON.refresh_increment_from_fertilizer_given_water,crop_resource_timing,11,0.0,25.0,0.17679558011049723,current_legal_observation,provisional_not_selected
opponent.timing.MELON.next_refresh_production_events,crop_resource_timing,1,0.0,0.0,0.0,current_legal_observation,coverage_gap_constant
opponent.timing.MELON.ready_units_with_active_delivery_route,crop_resource_timing,19,0.0,125.0,0.06629834254143646,current_legal_observation,provisional_not_selected
opponent.timing.MELON.ready_units_without_terminal_route,crop_resource_timing,1,0.0,0.0,0.0,current_legal_observation,coverage_gap_constant
opponent.timing.MELON.water_death_tasks_unreachable_today,crop_resource_timing,1,0.0,0.0,0.0,current_legal_observation,coverage_gap_constant
opponent.timing.MELON.decay_within_two_actions,crop_resource_timing,1,0.0,0.0,0.0,current_legal_observation,coverage_gap_constant
opponent.timing.MELON.present,crop_resource_timing,2,0.0,1.0,0.6712707182320442,current_legal_observation,provisional_not_selected
opponent.timing.MELON.first_maturity_actions,crop_resource_timing,61,0.0,719.0,0.9226519337016574,current_legal_observation,provisional_not_selected
opponent.timing.MELON.known_decay_present,crop_resource_timing,2,0.0,1.0,0.6712707182320442,current_legal_observation,provisional_not_selected
opponent.timing.MELON.first_decay_actions,crop_resource_timing,72,28.0,719.0,1.0,current_legal_observation,provisional_not_selected
opponent.timing.MELON.mean_worker_distance,crop_resource_timing,57,0.0,4.8,0.6657458563535912,current_legal_observation,provisional_not_selected
opponent.husbandry.GOOSE.escape_prevented_by_feed,animal_feed_care_interactions,1,0.0,0.0,0.0,current_legal_observation,coverage_gap_constant
opponent.husbandry.GOOSE.refresh_units_saved_by_feed,animal_feed_care_interactions,1,0.0,0.0,0.0,current_legal_observation,coverage_gap_constant
opponent.husbandry.GOOSE.care_bank_marginal,animal_feed_care_interactions,1,0.0,0.0,0.0,current_legal_observation,coverage_gap_constant
opponent.husbandry.GOOSE.next_production_events,animal_feed_care_interactions,1,0.0,0.0,0.0,current_legal_observation,coverage_gap_constant
opponent.husbandry.GOOSE.cap_headroom,animal_feed_care_interactions,1,0.0,0.0,0.0,current_legal_observation,coverage_gap_constant
opponent.husbandry.GOOSE.banked_bonus_at_risk_if_unfed,animal_feed_care_interactions,1,0.0,0.0,0.0,current_legal_observation,coverage_gap_constant
opponent.husbandry.GOOSE.next_fed_production_saturation,animal_feed_care_interactions,1,0.0,0.0,0.0,current_legal_observation,coverage_gap_constant
opponent.husbandry.COW.escape_prevented_by_feed,animal_feed_care_interactions,1,0.0,0.0,0.0,current_legal_observation,coverage_gap_constant
opponent.husbandry.COW.refresh_units_saved_by_feed,animal_feed_care_interactions,1,0.0,0.0,0.0,current_legal_observation,coverage_gap_constant
opponent.husbandry.COW.care_bank_marginal,animal_feed_care_interactions,1,0.0,0.0,0.0,current_legal_observation,coverage_gap_constant
opponent.husbandry.COW.next_production_events,animal_feed_care_interactions,1,0.0,0.0,0.0,current_legal_observation,coverage_gap_constant
opponent.husbandry.COW.cap_headroom,animal_feed_care_interactions,1,0.0,0.0,0.0,current_legal_observation,coverage_gap_constant
opponent.husbandry.COW.banked_bonus_at_risk_if_unfed,animal_feed_care_interactions,1,0.0,0.0,0.0,current_legal_observation,coverage_gap_constant
opponent.husbandry.COW.next_fed_production_saturation,animal_feed_care_interactions,1,0.0,0.0,0.0,current_legal_observation,coverage_gap_constant
opponent.husbandry.SHEEP.escape_prevented_by_feed,animal_feed_care_interactions,1,0.0,0.0,0.0,current_legal_observation,coverage_gap_constant
opponent.husbandry.SHEEP.refresh_units_saved_by_feed,animal_feed_care_interactions,1,0.0,0.0,0.0,current_legal_observation,coverage_gap_constant
opponent.husbandry.SHEEP.care_bank_marginal,animal_feed_care_interactions,1,0.0,0.0,0.0,current_legal_observation,coverage_gap_constant
opponent.husbandry.SHEEP.next_production_events,animal_feed_care_interactions,1,0.0,0.0,0.0,current_legal_observation,coverage_gap_constant
opponent.husbandry.SHEEP.cap_headroom,animal_feed_care_interactions,1,0.0,0.0,0.0,current_legal_observation,coverage_gap_constant
opponent.husbandry.SHEEP.banked_bonus_at_risk_if_unfed,animal_feed_care_interactions,1,0.0,0.0,0.0,current_legal_observation,coverage_gap_constant
opponent.husbandry.SHEEP.next_fed_production_saturation,animal_feed_care_interactions,1,0.0,0.0,0.0,current_legal_observation,coverage_gap_constant
pressure.WHEAT.own_held_and_ready_wave,market_supply_demand_interactions,42,0.0,45.0,0.17506906077348067,current_legal_observation,provisional_not_selected
pressure.WHEAT.opponent_visible_ready_units,market_supply_demand_interactions,19,0.0,20.0,0.15906998158379373,current_legal_observation,provisional_not_selected
pressure.WHEAT.wave_conditional_revenue,market_supply_demand_interactions,262,0.0,2058.0,0.17506906077348067,current_legal_observation,provisional_not_selected
pressure.WHEAT.wave_average_price,market_supply_demand_interactions,166,0.0,52.0,0.17506906077348067,current_legal_observation,provisional_not_selected
pressure.WHEAT.wave_price_impact_cost,market_supply_demand_interactions,37,0.0,44.0,0.062154696132596686,current_legal_observation,provisional_not_selected
pressure.WHEAT.known_demand_next_day,market_supply_demand_interactions,26,0.0,49.0,0.994475138121547,current_legal_observation,provisional_not_selected
pressure.WHEAT.demand_only_next_day_price_change,market_supply_demand_interactions,3,0.0,2.0,0.7131675874769797,current_legal_observation,provisional_not_selected
pressure.WHEAT.wave_minus_known_day_demand,market_supply_demand_interactions,58,-43.0,19.0,0.9928637200736649,current_legal_observation,provisional_not_selected
pressure.WHEAT.visible_rival_supply_stress_price,market_supply_demand_interactions,28,25.0,52.0,1.0,current_legal_observation,provisional_not_selected
pressure.WHEAT.wave_revenue_after_rival_supply_stress,market_supply_demand_interactions,288,0.0,2058.0,0.17506906077348067,current_legal_observation,provisional_not_selected
pressure.CARROT.own_held_and_ready_wave,market_supply_demand_interactions,30,0.0,34.0,0.09921731123388582,current_legal_observation,provisional_not_selected
pressure.CARROT.opponent_visible_ready_units,market_supply_demand_interactions,11,0.0,12.0,0.08149171270718232,current_legal_observation,provisional_not_selected
pressure.CARROT.wave_conditional_revenue,market_supply_demand_interactions,188,0.0,2031.0,0.09921731123388582,current_legal_observation,provisional_not_selected
pressure.CARROT.wave_average_price,market_supply_demand_interactions,136,0.0,68.33333333333333,0.09921731123388582,current_legal_observation,provisional_not_selected
pressure.CARROT.wave_price_impact_cost,market_supply_demand_interactions,28,0.0,52.0,0.05847145488029466,current_legal_observation,provisional_not_selected
pressure.CARROT.known_demand_next_day,market_supply_demand_interactions,18,0.0,31.0,0.9921731123388582,current_legal_observation,provisional_not_selected
pressure.CARROT.demand_only_next_day_price_change,market_supply_demand_interactions,4,0.0,3.0,0.569060773480663,current_legal_observation,provisional_not_selected
pressure.CARROT.wave_minus_known_day_demand,market_supply_demand_interactions,38,-31.0,9.0,0.9909069981583793,current_legal_observation,provisional_not_selected
pressure.CARROT.visible_rival_supply_stress_price,market_supply_demand_interactions,36,35.0,70.0,1.0,current_legal_observation,provisional_not_selected
pressure.CARROT.wave_revenue_after_rival_supply_stress,market_supply_demand_interactions,193,0.0,2022.0,0.09921731123388582,current_legal_observation,provisional_not_selected
pressure.TOMATO.own_held_and_ready_wave,market_supply_demand_interactions,1,0.0,0.0,0.0,current_legal_observation,coverage_gap_constant
pressure.TOMATO.opponent_visible_ready_units,market_supply_demand_interactions,1,0.0,0.0,0.0,current_legal_observation,coverage_gap_constant
pressure.TOMATO.wave_conditional_revenue,market_supply_demand_interactions,1,0.0,0.0,0.0,current_legal_observation,coverage_gap_constant
pressure.TOMATO.wave_average_price,market_supply_demand_interactions,1,0.0,0.0,0.0,current_legal_observation,coverage_gap_constant
pressure.TOMATO.wave_price_impact_cost,market_supply_demand_interactions,1,0.0,0.0,0.0,current_legal_observation,coverage_gap_constant
pressure.TOMATO.known_demand_next_day,market_supply_demand_interactions,18,0.0,25.0,0.9898710865561694,current_legal_observation,provisional_not_selected
pressure.TOMATO.demand_only_next_day_price_change,market_supply_demand_interactions,38,0.0,42.0,0.5117403314917127,current_legal_observation,provisional_not_selected
pressure.TOMATO.wave_minus_known_day_demand,market_supply_demand_interactions,18,-25.0,0.0,0.9898710865561694,current_legal_observation,provisional_not_selected
pressure.TOMATO.visible_rival_supply_stress_price,market_supply_demand_interactions,91,60.0,247.0,1.0,current_legal_observation,provisional_not_selected
pressure.TOMATO.wave_revenue_after_rival_supply_stress,market_supply_demand_interactions,1,0.0,0.0,0.0,current_legal_observation,coverage_gap_constant
pressure.STRAWBERRY.own_held_and_ready_wave,market_supply_demand_interactions,43,0.0,74.0,0.2893646408839779,current_legal_observation,provisional_not_selected
pressure.STRAWBERRY.opponent_visible_ready_units,market_supply_demand_interactions,61,0.0,66.0,0.2863720073664825,current_legal_observation,provisional_not_selected
pressure.STRAWBERRY.wave_conditional_revenue,market_supply_demand_interactions,717,0.0,22574.0,0.2893646408839779,current_legal_observation,provisional_not_selected
pressure.STRAWBERRY.wave_average_price,market_supply_demand_interactions,697,0.0,327.77777777777777,0.2893646408839779,current_legal_observation,provisional_not_selected
pressure.STRAWBERRY.wave_price_impact_cost,market_supply_demand_interactions,290,0.0,662.0,0.28533609576427255,current_legal_observation,provisional_not_selected
pressure.STRAWBERRY.known_demand_next_day,market_supply_demand_interactions,22,0.0,37.0,0.994475138121547,current_legal_observation,provisional_not_selected
pressure.STRAWBERRY.demand_only_next_day_price_change,market_supply_demand_interactions,12,0.0,12.0,0.994475138121547,current_legal_observation,provisional_not_selected
pressure.STRAWBERRY.wave_minus_known_day_demand,market_supply_demand_interactions,60,-31.0,55.0,0.9905616942909761,current_legal_observation,provisional_not_selected
pressure.STRAWBERRY.visible_rival_supply_stress_price,market_supply_demand_interactions,191,120.0,329.0,1.0,current_legal_observation,provisional_not_selected
pressure.STRAWBERRY.wave_revenue_after_rival_supply_stress,market_supply_demand_interactions,755,0.0,21820.0,0.2893646408839779,current_legal_observation,provisional_not_selected
pressure.MELON.own_held_and_ready_wave,market_supply_demand_interactions,27,0.0,142.0,0.11049723756906077,current_legal_observation,provisional_not_selected
pressure.MELON.opponent_visible_ready_units,market_supply_demand_interactions,21,0.0,125.0,0.07734806629834254,current_legal_observation,provisional_not_selected
pressure.MELON.wave_conditional_revenue,market_supply_demand_interactions,41,0.0,26405.0,0.11049723756906077,current_legal_observation,provisional_not_selected
pressure.MELON.wave_average_price,market_supply_demand_interactions,39,0.0,211.24,0.11049723756906077,current_legal_observation,provisional_not_selected
pressure.MELON.wave_price_impact_cost,market_supply_demand_interactions,38,0.0,14356.0,0.09898710865561694,current_legal_observation,provisional_not_selected
pressure.MELON.known_demand_next_day,market_supply_demand_interactions,2,0.0,1.0,0.9668508287292817,current_legal_observation,provisional_not_selected
pressure.MELON.demand_only_next_day_price_change,market_supply_demand_interactions,6,0.0,6.0,0.9475138121546961,current_legal_observation,provisional_not_selected
pressure.MELON.wave_minus_known_day_demand,market_supply_demand_interactions,28,-1.0,141.0,0.9668508287292817,current_legal_observation,provisional_not_selected
pressure.MELON.visible_rival_supply_stress_price,market_supply_demand_interactions,35,1.0,271.0,1.0,current_legal_observation,provisional_not_selected
pressure.MELON.wave_revenue_after_rival_supply_stress,market_supply_demand_interactions,37,0.0,3838.0,0.11049723756906077,current_legal_observation,provisional_not_selected
pressure.EGG.own_held_and_ready_wave,market_supply_demand_interactions,1,0.0,0.0,0.0,current_legal_observation,coverage_gap_constant
pressure.EGG.opponent_visible_ready_units,market_supply_demand_interactions,1,0.0,0.0,0.0,current_legal_observation,coverage_gap_constant
pressure.EGG.wave_conditional_revenue,market_supply_demand_interactions,1,0.0,0.0,0.0,current_legal_observation,coverage_gap_constant
pressure.EGG.wave_average_price,market_supply_demand_interactions,1,0.0,0.0,0.0,current_legal_observation,coverage_gap_constant
pressure.EGG.wave_price_impact_cost,market_supply_demand_interactions,1,0.0,0.0,0.0,current_legal_observation,coverage_gap_constant
pressure.EGG.known_demand_next_day,market_supply_demand_interactions,19,0.0,31.0,0.994475138121547,current_legal_observation,provisional_not_selected
pressure.EGG.demand_only_next_day_price_change,market_supply_demand_interactions,17,0.0,17.0,0.5515653775322283,current_legal_observation,provisional_not_selected
pressure.EGG.wave_minus_known_day_demand,market_supply_demand_interactions,19,-31.0,0.0,0.994475138121547,current_legal_observation,provisional_not_selected
pressure.EGG.visible_rival_supply_stress_price,market_supply_demand_interactions,55,50.0,130.0,1.0,current_legal_observation,provisional_not_selected
pressure.EGG.wave_revenue_after_rival_supply_stress,market_supply_demand_interactions,1,0.0,0.0,0.0,current_legal_observation,coverage_gap_constant
pressure.MILK.own_held_and_ready_wave,market_supply_demand_interactions,1,0.0,0.0,0.0,current_legal_observation,coverage_gap_constant
pressure.MILK.opponent_visible_ready_units,market_supply_demand_interactions,1,0.0,0.0,0.0,current_legal_observation,coverage_gap_constant
pressure.MILK.wave_conditional_revenue,market_supply_demand_interactions,1,0.0,0.0,0.0,current_legal_observation,coverage_gap_constant
pressure.MILK.wave_average_price,market_supply_demand_interactions,1,0.0,0.0,0.0,current_legal_observation,coverage_gap_constant
pressure.MILK.wave_price_impact_cost,market_supply_demand_interactions,1,0.0,0.0,0.0,current_legal_observation,coverage_gap_constant
pressure.MILK.known_demand_next_day,market_supply_demand_interactions,18,0.0,25.0,0.994475138121547,current_legal_observation,provisional_not_selected
pressure.MILK.demand_only_next_day_price_change,market_supply_demand_interactions,13,0.0,12.0,0.9921731123388582,current_legal_observation,provisional_not_selected
pressure.MILK.wave_minus_known_day_demand,market_supply_demand_interactions,18,-25.0,0.0,0.994475138121547,current_legal_observation,provisional_not_selected
pressure.MILK.visible_rival_supply_stress_price,market_supply_demand_interactions,169,160.0,347.0,1.0,current_legal_observation,provisional_not_selected
pressure.MILK.wave_revenue_after_rival_supply_stress,market_supply_demand_interactions,1,0.0,0.0,0.0,current_legal_observation,coverage_gap_constant
pressure.WOOL.own_held_and_ready_wave,market_supply_demand_interactions,1,0.0,0.0,0.0,current_legal_observation,coverage_gap_constant
pressure.WOOL.opponent_visible_ready_units,market_supply_demand_interactions,1,0.0,0.0,0.0,current_legal_observation,coverage_gap_constant
pressure.WOOL.wave_conditional_revenue,market_supply_demand_interactions,1,0.0,0.0,0.0,current_legal_observation,coverage_gap_constant
pressure.WOOL.wave_average_price,market_supply_demand_interactions,1,0.0,0.0,0.0,current_legal_observation,coverage_gap_constant
pressure.WOOL.wave_price_impact_cost,market_supply_demand_interactions,1,0.0,0.0,0.0,current_legal_observation,coverage_gap_constant
pressure.WOOL.known_demand_next_day,market_supply_demand_interactions,12,0.0,25.0,0.9829650092081031,current_legal_observation,provisional_not_selected
pressure.WOOL.demand_only_next_day_price_change,market_supply_demand_interactions,7,0.0,6.0,0.7113259668508287,current_legal_observation,provisional_not_selected
pressure.WOOL.wave_minus_known_day_demand,market_supply_demand_interactions,12,-25.0,0.0,0.9829650092081031,current_legal_observation,provisional_not_selected
pressure.WOOL.visible_rival_supply_stress_price,market_supply_demand_interactions,39,200.0,249.0,1.0,current_legal_observation,provisional_not_selected
pressure.WOOL.wave_revenue_after_rival_supply_stress,market_supply_demand_interactions,1,0.0,0.0,0.0,current_legal_observation,coverage_gap_constant
pressure.FERTILIZER.own_held_and_ready_wave,market_supply_demand_interactions,1,0.0,0.0,0.0,current_legal_observation,coverage_gap_constant
pressure.FERTILIZER.opponent_visible_ready_units,market_supply_demand_interactions,1,0.0,0.0,0.0,current_legal_observation,coverage_gap_constant
pressure.FERTILIZER.wave_conditional_revenue,market_supply_demand_interactions,1,0.0,0.0,0.0,current_legal_observation,coverage_gap_constant
pressure.FERTILIZER.wave_average_price,market_supply_demand_interactions,1,0.0,0.0,0.0,current_legal_observation,coverage_gap_constant
pressure.FERTILIZER.wave_price_impact_cost,market_supply_demand_interactions,1,0.0,0.0,0.0,current_legal_observation,coverage_gap_constant
pressure.FERTILIZER.known_demand_next_day,market_supply_demand_interactions,1,0.0,0.0,0.0,current_legal_observation,coverage_gap_constant
pressure.FERTILIZER.demand_only_next_day_price_change,market_supply_demand_interactions,1,0.0,0.0,0.0,current_legal_observation,coverage_gap_constant
pressure.FERTILIZER.wave_minus_known_day_demand,market_supply_demand_interactions,1,0.0,0.0,0.0,current_legal_observation,coverage_gap_constant
pressure.FERTILIZER.visible_rival_supply_stress_price,market_supply_demand_interactions,1,100.0,100.0,1.0,current_legal_observation,coverage_gap_constant
pressure.FERTILIZER.wave_revenue_after_rival_supply_stress,market_supply_demand_interactions,1,0.0,0.0,0.0,current_legal_observation,coverage_gap_constant
interactions.water_bonus_under_overflow_pressure,cross_resource_interactions,9,0.0,25.0,0.03038674033149171,current_legal_observation,provisional_not_selected
interactions.capacity_pressure_per_worker,cross_resource_interactions,11,0.0,25.0,0.03038674033149171,current_legal_observation,provisional_not_selected
interactions.ready_units_per_worker_turn_today,cross_resource_interactions,217,0.0,5.208333333333333,0.3798342541436464,current_legal_observation,provisional_not_selected
interactions.terminal_carry_at_risk,cross_resource_interactions,1,0.0,0.0,0.0,current_legal_observation,coverage_gap_constant
history.lag1.available,causal_market_history,2,0.0,1.0,0.994475138121547,current_and_past_legal_observations,provisional_not_selected
history.lag1.cash_change,causal_market_history,50,-320.0,2560.0,0.07562154696132596,current_and_past_legal_observations,provisional_not_selected
history.lag1.WHEAT.inventory_change,causal_market_history,7,0.0,8.0,0.007021178637200737,current_and_past_legal_observations,provisional_not_selected
history.lag1.WHEAT.price_log_change,causal_market_history,1,0.0,0.0,0.0,current_and_past_legal_observations,coverage_gap_constant
history.lag1.CARROT.inventory_change,causal_market_history,5,0.0,4.0,0.006560773480662983,current_and_past_legal_observations,provisional_not_selected
history.lag1.CARROT.price_log_change,causal_market_history,4,-0.01600034134644119,0.0,0.0013812154696132596,current_and_past_legal_observations,provisional_not_selected
history.lag1.TOMATO.inventory_change,causal_market_history,1,0.0,0.0,0.0,current_and_past_legal_observations,coverage_gap_constant
history.lag1.TOMATO.price_log_change,causal_market_history,1,0.0,0.0,0.0,current_and_past_legal_observations,coverage_gap_constant
history.lag1.STRAWBERRY.inventory_change,causal_market_history,8,0.0,16.0,0.010128913443830571,current_and_past_legal_observations,provisional_not_selected
history.lag1.STRAWBERRY.price_log_change,causal_market_history,30,-0.01077209698191107,0.0,0.008747697974217311,current_and_past_legal_observations,provisional_not_selected
history.lag1.MELON.inventory_change,causal_market_history,7,0.0,12.0,0.010589318600368325,current_and_past_legal_observations,provisional_not_selected
history.lag1.MELON.price_log_change,causal_market_history,7,-3.332204510175204,0.0,0.007826887661141806,current_and_past_legal_observations,provisional_not_selected
history.lag1.EGG.inventory_change,causal_market_history,1,0.0,0.0,0.0,current_and_past_legal_observations,coverage_gap_constant
history.lag1.EGG.price_log_change,causal_market_history,1,0.0,0.0,0.0,current_and_past_legal_observations,coverage_gap_constant
history.lag1.MILK.inventory_change,causal_market_history,1,0.0,0.0,0.0,current_and_past_legal_observations,coverage_gap_constant
history.lag1.MILK.price_log_change,causal_market_history,1,0.0,0.0,0.0,current_and_past_legal_observations,coverage_gap_constant
history.lag1.WOOL.inventory_change,causal_market_history,1,0.0,0.0,0.0,current_and_past_legal_observations,coverage_gap_constant
history.lag1.WOOL.price_log_change,causal_market_history,1,0.0,0.0,0.0,current_and_past_legal_observations,coverage_gap_constant
history.lag1.FERTILIZER.inventory_change,causal_market_history,1,0.0,0.0,0.0,current_and_past_legal_observations,coverage_gap_constant
history.lag1.FERTILIZER.price_log_change,causal_market_history,1,0.0,0.0,0.0,current_and_past_legal_observations,coverage_gap_constant
history.lag24.available,causal_market_history,2,0.0,1.0,0.9668508287292817,current_and_past_legal_observations,provisional_not_selected
history.lag24.cash_change,causal_market_history,524,-2004.0,18031.0,0.966390423572744,current_and_past_legal_observations,provisional_not_selected
history.lag24.WHEAT.inventory_change,causal_market_history,58,-49.0,29.0,0.9668508287292817,current_and_past_legal_observations,provisional_not_selected
history.lag24.WHEAT.price_log_change,causal_market_history,35,-0.02469261259037152,0.07145896398214505,0.6972836095764272,current_and_past_legal_observations,provisional_not_selected
history.lag24.CARROT.inventory_change,causal_market_history,33,-31.0,8.0,0.9661602209944752,current_and_past_legal_observations,provisional_not_selected
history.lag24.CARROT.price_log_change,causal_market_history,81,-0.01680711831638129,0.058268908123975824,0.5478821362799263,current_and_past_legal_observations,provisional_not_selected
history.lag24.TOMATO.inventory_change,causal_market_history,26,-25.0,0.0,0.9668508287292817,current_and_past_legal_observations,provisional_not_selected
history.lag24.TOMATO.price_log_change,causal_market_history,153,0.0,0.1930168459107026,0.5066758747697975,current_and_past_legal_observations,provisional_not_selected
history.lag24.STRAWBERRY.inventory_change,causal_market_history,85,-37.0,93.0,0.9668508287292817,current_and_past_legal_observations,provisional_not_selected
history.lag24.STRAWBERRY.price_log_change,causal_market_history,711,-0.0916671885258238,0.08515780834030677,0.9668508287292817,current_and_past_legal_observations,provisional_not_selected
history.lag24.MELON.inventory_change,causal_market_history,23,-1.0,137.0,0.9610957642725598,current_and_past_legal_observations,provisional_not_selected
history.lag24.MELON.price_log_change,causal_market_history,44,-4.330733340286331,1.3862943611198906,0.9610957642725598,current_and_past_legal_observations,provisional_not_selected
history.lag24.EGG.inventory_change,causal_market_history,32,-31.0,0.0,0.9668508287292817,current_and_past_legal_observations,provisional_not_selected
history.lag24.EGG.price_log_change,causal_market_history,77,0.0,0.1405819506211894,0.5508747697974218,current_and_past_legal_observations,provisional_not_selected
history.lag24.MILK.inventory_change,causal_market_history,26,-25.0,0.0,0.9668508287292817,current_and_past_legal_observations,provisional_not_selected
history.lag24.MILK.price_log_change,causal_market_history,456,0.0,0.06632264293107251,0.9668508287292817,current_and_past_legal_observations,provisional_not_selected
history.lag24.WOOL.inventory_change,causal_market_history,14,-25.0,0.0,0.9668508287292817,current_and_past_legal_observations,provisional_not_selected
history.lag24.WOOL.price_log_change,causal_market_history,65,0.0,0.02955880224154443,0.7182320441988951,current_and_past_legal_observations,provisional_not_selected
history.lag24.FERTILIZER.inventory_change,causal_market_history,1,0.0,0.0,0.0,current_and_past_legal_observations,coverage_gap_constant
history.lag24.FERTILIZER.price_log_change,causal_market_history,1,0.0,0.0,0.0,current_and_past_legal_observations,coverage_gap_constant
market_plan.WHEAT.own_ready_units,post_decision_inventory,34,0.0,33.0,0.1671270718232044,current_legal_observation,provisional_not_selected
market_plan.WHEAT.rival_ready_units,post_decision_inventory,19,0.0,20.0,0.15906998158379373,current_legal_observation,provisional_not_selected
market_plan.WHEAT.shed_units,post_decision_inventory,11,0.0,44.0,0.013812154696132596,current_legal_observation,provisional_not_selected
market_plan.WHEAT.carried_units,post_decision_inventory,12,0.0,36.0,0.06330570902394107,current_legal_observation,provisional_not_selected
market_plan.WHEAT.conditional_quantity,post_decision_inventory,42,0.0,45.0,0.17506906077348067,current_legal_observation,provisional_not_selected
market_plan.WHEAT.rival_earliest_delivery,post_decision_inventory,11,1.0,719.0,1.0,current_legal_observation,provisional_not_selected
market_plan.WHEAT.immediate_revenue,post_decision_inventory,262,0.0,2058.0,0.17506906077348067,current_legal_observation,provisional_not_selected
market_plan.WHEAT.h4.available,conditional_market_paths,2,0.0,1.0,0.988950276243094,current_legal_observation,provisional_not_selected
market_plan.WHEAT.h4.known_demand,conditional_market_paths,10,0.0,9.0,0.8646408839779005,current_legal_observation,provisional_not_selected
market_plan.WHEAT.h4.demand_only_inventory,conditional_market_paths,535,0.0,9999.0,0.988950276243094,current_legal_observation,provisional_not_selected
market_plan.WHEAT.h4.demand_only_price,conditional_market_paths,28,0.0,52.0,0.988950276243094,current_legal_observation,provisional_not_selected
market_plan.WHEAT.h4.quiet_revenue,conditional_market_paths,265,0.0,2065.0,0.17230662983425415,current_legal_observation,provisional_not_selected
market_plan.WHEAT.h4.rival_stress_revenue,conditional_market_paths,270,0.0,2065.0,0.17230662983425415,current_legal_observation,provisional_not_selected
market_plan.WHEAT.h4.rival_penalty,conditional_market_paths,15,0.0,15.0,0.05547882136279926,current_legal_observation,provisional_not_selected
market_plan.WHEAT.h4.quiet_holding_premium,conditional_market_paths,11,0.0,10.0,0.0856353591160221,current_legal_observation,provisional_not_selected
market_plan.WHEAT.h12.available,conditional_market_paths,2,0.0,1.0,0.9779005524861878,current_legal_observation,provisional_not_selected
market_plan.WHEAT.h12.known_demand,conditional_market_paths,18,0.0,25.0,0.9033149171270718,current_legal_observation,provisional_not_selected
market_plan.WHEAT.h12.demand_only_inventory,conditional_market_paths,538,0.0,9999.0,0.9779005524861878,current_legal_observation,provisional_not_selected
market_plan.WHEAT.h12.demand_only_price,conditional_market_paths,28,0.0,52.0,0.9779005524861878,current_legal_observation,provisional_not_selected
market_plan.WHEAT.h12.quiet_revenue,conditional_market_paths,263,0.0,2081.0,0.1685082872928177,current_legal_observation,provisional_not_selected
market_plan.WHEAT.h12.rival_stress_revenue,conditional_market_paths,264,0.0,2078.0,0.1685082872928177,current_legal_observation,provisional_not_selected
market_plan.WHEAT.h12.rival_penalty,conditional_market_paths,17,0.0,18.0,0.07826887661141804,current_legal_observation,provisional_not_selected
market_plan.WHEAT.h12.quiet_holding_premium,conditional_market_paths,25,0.0,25.0,0.12154696132596685,current_legal_observation,provisional_not_selected
market_plan.WHEAT.h24.available,conditional_market_paths,2,0.0,1.0,0.9613259668508287,current_legal_observation,provisional_not_selected
market_plan.WHEAT.h24.known_demand,conditional_market_paths,10,0.0,49.0,0.9613259668508287,current_legal_observation,provisional_not_selected
market_plan.WHEAT.h24.demand_only_inventory,conditional_market_paths,532,0.0,9999.0,0.9613259668508287,current_legal_observation,provisional_not_selected
market_plan.WHEAT.h24.demand_only_price,conditional_market_paths,28,0.0,52.0,0.9613259668508287,current_legal_observation,provisional_not_selected
market_plan.WHEAT.h24.quiet_revenue,conditional_market_paths,246,0.0,2100.0,0.16114180478821363,current_legal_observation,provisional_not_selected
market_plan.WHEAT.h24.rival_stress_revenue,conditional_market_paths,258,0.0,2100.0,0.16114180478821363,current_legal_observation,provisional_not_selected
market_plan.WHEAT.h24.rival_penalty,conditional_market_paths,16,0.0,16.0,0.0738950276243094,current_legal_observation,provisional_not_selected
market_plan.WHEAT.h24.quiet_holding_premium,conditional_market_paths,42,0.0,42.0,0.15308471454880296,current_legal_observation,provisional_not_selected
market_plan.CARROT.own_ready_units,post_decision_inventory,20,0.0,22.0,0.09668508287292818,current_legal_observation,provisional_not_selected
market_plan.CARROT.rival_ready_units,post_decision_inventory,11,0.0,12.0,0.08149171270718232,current_legal_observation,provisional_not_selected
market_plan.CARROT.shed_units,post_decision_inventory,10,0.0,33.0,0.012085635359116022,current_legal_observation,provisional_not_selected
market_plan.CARROT.carried_units,post_decision_inventory,12,0.0,30.0,0.0471915285451197,current_legal_observation,provisional_not_selected
market_plan.CARROT.conditional_quantity,post_decision_inventory,30,0.0,34.0,0.09921731123388582,current_legal_observation,provisional_not_selected
market_plan.CARROT.rival_earliest_delivery,post_decision_inventory,9,1.0,719.0,1.0,current_legal_observation,provisional_not_selected
market_plan.CARROT.immediate_revenue,post_decision_inventory,188,0.0,2031.0,0.09921731123388582,current_legal_observation,provisional_not_selected
market_plan.CARROT.h4.available,conditional_market_paths,2,0.0,1.0,0.988950276243094,current_legal_observation,provisional_not_selected
market_plan.CARROT.h4.known_demand,conditional_market_paths,7,0.0,6.0,0.671731123388582,current_legal_observation,provisional_not_selected
market_plan.CARROT.h4.demand_only_inventory,conditional_market_paths,399,0.0,9999.0,0.988950276243094,current_legal_observation,provisional_not_selected
market_plan.CARROT.h4.demand_only_price,conditional_market_paths,36,0.0,69.0,0.988950276243094,current_legal_observation,provisional_not_selected
market_plan.CARROT.h4.quiet_revenue,conditional_market_paths,188,0.0,2043.0,0.0964548802946593,current_legal_observation,provisional_not_selected
market_plan.CARROT.h4.rival_stress_revenue,conditional_market_paths,179,0.0,2043.0,0.0964548802946593,current_legal_observation,provisional_not_selected
market_plan.CARROT.h4.rival_penalty,conditional_market_paths,10,0.0,11.0,0.036141804788213626,current_legal_observation,provisional_not_selected
market_plan.CARROT.h4.quiet_holding_premium,conditional_market_paths,13,0.0,12.0,0.08011049723756906,current_legal_observation,provisional_not_selected
market_plan.CARROT.h12.available,conditional_market_paths,2,0.0,1.0,0.9779005524861878,current_legal_observation,provisional_not_selected
market_plan.CARROT.h12.known_demand,conditional_market_paths,12,0.0,16.0,0.7877532228360957,current_legal_observation,provisional_not_selected
market_plan.CARROT.h12.demand_only_inventory,conditional_market_paths,398,0.0,9999.0,0.9779005524861878,current_legal_observation,provisional_not_selected
market_plan.CARROT.h12.demand_only_price,conditional_market_paths,37,0.0,70.0,0.9779005524861878,current_legal_observation,provisional_not_selected
market_plan.CARROT.h12.quiet_revenue,conditional_market_paths,179,0.0,2066.0,0.09323204419889503,current_legal_observation,provisional_not_selected
market_plan.CARROT.h12.rival_stress_revenue,conditional_market_paths,176,0.0,2057.0,0.09323204419889503,current_legal_observation,provisional_not_selected
market_plan.CARROT.h12.rival_penalty,conditional_market_paths,13,0.0,16.0,0.05870165745856354,current_legal_observation,provisional_not_selected
market_plan.CARROT.h12.quiet_holding_premium,conditional_market_paths,32,0.0,35.0,0.09323204419889503,current_legal_observation,provisional_not_selected
market_plan.CARROT.h24.available,conditional_market_paths,2,0.0,1.0,0.9613259668508287,current_legal_observation,provisional_not_selected
market_plan.CARROT.h24.known_demand,conditional_market_paths,7,0.0,31.0,0.9613259668508287,current_legal_observation,provisional_not_selected
market_plan.CARROT.h24.demand_only_inventory,conditional_market_paths,409,0.0,9999.0,0.9613259668508287,current_legal_observation,provisional_not_selected
market_plan.CARROT.h24.demand_only_price,conditional_market_paths,38,0.0,71.0,0.9613259668508287,current_legal_observation,provisional_not_selected
market_plan.CARROT.h24.quiet_revenue,conditional_market_paths,160,0.0,2097.0,0.08425414364640885,current_legal_observation,provisional_not_selected
market_plan.CARROT.h24.rival_stress_revenue,conditional_market_paths,165,0.0,2088.0,0.08425414364640885,current_legal_observation,provisional_not_selected
market_plan.CARROT.h24.rival_penalty,conditional_market_paths,13,0.0,15.0,0.05662983425414365,current_legal_observation,provisional_not_selected
market_plan.CARROT.h24.quiet_holding_premium,conditional_market_paths,45,0.0,66.0,0.08425414364640885,current_legal_observation,provisional_not_selected
market_plan.TOMATO.own_ready_units,post_decision_inventory,1,0.0,0.0,0.0,current_legal_observation,coverage_gap_constant
market_plan.TOMATO.rival_ready_units,post_decision_inventory,1,0.0,0.0,0.0,current_legal_observation,coverage_gap_constant
market_plan.TOMATO.shed_units,post_decision_inventory,1,0.0,0.0,0.0,current_legal_observation,coverage_gap_constant
market_plan.TOMATO.carried_units,post_decision_inventory,1,0.0,0.0,0.0,current_legal_observation,coverage_gap_constant
market_plan.TOMATO.conditional_quantity,post_decision_inventory,1,0.0,0.0,0.0,current_legal_observation,coverage_gap_constant
market_plan.TOMATO.rival_earliest_delivery,post_decision_inventory,1,719.0,719.0,1.0,current_legal_observation,coverage_gap_constant
market_plan.TOMATO.immediate_revenue,post_decision_inventory,1,0.0,0.0,0.0,current_legal_observation,coverage_gap_constant
market_plan.TOMATO.h4.available,conditional_market_paths,2,0.0,1.0,0.988950276243094,current_legal_observation,provisional_not_selected
market_plan.TOMATO.h4.known_demand,conditional_market_paths,6,0.0,5.0,0.5616942909760589,current_legal_observation,provisional_not_selected
market_plan.TOMATO.h4.demand_only_inventory,conditional_market_paths,294,0.0,9999.0,0.988950276243094,current_legal_observation,provisional_not_selected
market_plan.TOMATO.h4.demand_only_price,conditional_market_paths,90,0.0,240.0,0.988950276243094,current_legal_observation,provisional_not_selected
market_plan.TOMATO.h4.quiet_revenue,conditional_market_paths,1,0.0,0.0,0.0,current_legal_observation,coverage_gap_constant
market_plan.TOMATO.h4.rival_stress_revenue,conditional_market_paths,1,0.0,0.0,0.0,current_legal_observation,coverage_gap_constant
market_plan.TOMATO.h4.rival_penalty,conditional_market_paths,1,0.0,0.0,0.0,current_legal_observation,coverage_gap_constant
market_plan.TOMATO.h4.quiet_holding_premium,conditional_market_paths,1,0.0,0.0,0.0,current_legal_observation,coverage_gap_constant
market_plan.TOMATO.h12.available,conditional_market_paths,2,0.0,1.0,0.9779005524861878,current_legal_observation,provisional_not_selected
market_plan.TOMATO.h12.known_demand,conditional_market_paths,10,0.0,13.0,0.7219152854511971,current_legal_observation,provisional_not_selected
market_plan.TOMATO.h12.demand_only_inventory,conditional_market_paths,295,0.0,9999.0,0.9779005524861878,current_legal_observation,provisional_not_selected
market_plan.TOMATO.h12.demand_only_price,conditional_market_paths,90,0.0,240.0,0.9779005524861878,current_legal_observation,provisional_not_selected
market_plan.TOMATO.h12.quiet_revenue,conditional_market_paths,1,0.0,0.0,0.0,current_legal_observation,coverage_gap_constant
market_plan.TOMATO.h12.rival_stress_revenue,conditional_market_paths,1,0.0,0.0,0.0,current_legal_observation,coverage_gap_constant
market_plan.TOMATO.h12.rival_penalty,conditional_market_paths,1,0.0,0.0,0.0,current_legal_observation,coverage_gap_constant
market_plan.TOMATO.h12.quiet_holding_premium,conditional_market_paths,1,0.0,0.0,0.0,current_legal_observation,coverage_gap_constant
market_plan.TOMATO.h24.available,conditional_market_paths,2,0.0,1.0,0.9613259668508287,current_legal_observation,provisional_not_selected
market_plan.TOMATO.h24.known_demand,conditional_market_paths,6,0.0,25.0,0.9613259668508287,current_legal_observation,provisional_not_selected
market_plan.TOMATO.h24.demand_only_inventory,conditional_market_paths,296,0.0,9999.0,0.9613259668508287,current_legal_observation,provisional_not_selected
market_plan.TOMATO.h24.demand_only_price,conditional_market_paths,90,0.0,240.0,0.9613259668508287,current_legal_observation,provisional_not_selected
market_plan.TOMATO.h24.quiet_revenue,conditional_market_paths,1,0.0,0.0,0.0,current_legal_observation,coverage_gap_constant
market_plan.TOMATO.h24.rival_stress_revenue,conditional_market_paths,1,0.0,0.0,0.0,current_legal_observation,coverage_gap_constant
market_plan.TOMATO.h24.rival_penalty,conditional_market_paths,1,0.0,0.0,0.0,current_legal_observation,coverage_gap_constant
market_plan.TOMATO.h24.quiet_holding_premium,conditional_market_paths,1,0.0,0.0,0.0,current_legal_observation,coverage_gap_constant
market_plan.STRAWBERRY.own_ready_units,post_decision_inventory,49,0.0,66.0,0.2838397790055249,current_legal_observation,provisional_not_selected
market_plan.STRAWBERRY.rival_ready_units,post_decision_inventory,61,0.0,66.0,0.2863720073664825,current_legal_observation,provisional_not_selected
market_plan.STRAWBERRY.shed_units,post_decision_inventory,14,0.0,36.0,0.013466850828729282,current_legal_observation,provisional_not_selected
market_plan.STRAWBERRY.carried_units,post_decision_inventory,12,0.0,36.0,0.041666666666666664,current_legal_observation,provisional_not_selected
market_plan.STRAWBERRY.conditional_quantity,post_decision_inventory,43,0.0,74.0,0.2893646408839779,current_legal_observation,provisional_not_selected
market_plan.STRAWBERRY.rival_earliest_delivery,post_decision_inventory,10,2.0,719.0,1.0,current_legal_observation,provisional_not_selected
market_plan.STRAWBERRY.immediate_revenue,post_decision_inventory,717,0.0,22574.0,0.2893646408839779,current_legal_observation,provisional_not_selected
market_plan.STRAWBERRY.h4.available,conditional_market_paths,2,0.0,1.0,0.988950276243094,current_legal_observation,provisional_not_selected
market_plan.STRAWBERRY.h4.known_demand,conditional_market_paths,8,0.0,7.0,0.8646408839779005,current_legal_observation,provisional_not_selected
market_plan.STRAWBERRY.h4.demand_only_inventory,conditional_market_paths,528,0.0,9999.0,0.988950276243094,current_legal_observation,provisional_not_selected
market_plan.STRAWBERRY.h4.demand_only_price,conditional_market_paths,196,0.0,333.0,0.988950276243094,current_legal_observation,provisional_not_selected
market_plan.STRAWBERRY.h4.quiet_revenue,conditional_market_paths,706,0.0,22658.0,0.2845303867403315,current_legal_observation,provisional_not_selected
market_plan.STRAWBERRY.h4.rival_stress_revenue,conditional_market_paths,696,0.0,22658.0,0.2845303867403315,current_legal_observation,provisional_not_selected
market_plan.STRAWBERRY.h4.rival_penalty,conditional_market_paths,156,0.0,663.0,0.12453959484346225,current_legal_observation,provisional_not_selected
market_plan.STRAWBERRY.h4.quiet_holding_premium,conditional_market_paths,71,0.0,84.0,0.2845303867403315,current_legal_observation,provisional_not_selected
market_plan.STRAWBERRY.h12.available,conditional_market_paths,2,0.0,1.0,0.9779005524861878,current_legal_observation,provisional_not_selected
market_plan.STRAWBERRY.h12.known_demand,conditional_market_paths,14,0.0,19.0,0.9033149171270718,current_legal_observation,provisional_not_selected
market_plan.STRAWBERRY.h12.demand_only_inventory,conditional_market_paths,538,0.0,9999.0,0.9779005524861878,current_legal_observation,provisional_not_selected
market_plan.STRAWBERRY.h12.demand_only_price,conditional_market_paths,198,0.0,335.0,0.9779005524861878,current_legal_observation,provisional_not_selected
market_plan.STRAWBERRY.h12.quiet_revenue,conditional_market_paths,682,0.0,22797.0,0.2776243093922652,current_legal_observation,provisional_not_selected
market_plan.STRAWBERRY.h12.rival_stress_revenue,conditional_market_paths,669,0.0,22115.0,0.2776243093922652,current_legal_observation,provisional_not_selected
market_plan.STRAWBERRY.h12.rival_penalty,conditional_market_paths,438,0.0,1075.0,0.27601289134438306,current_legal_observation,provisional_not_selected
market_plan.STRAWBERRY.h12.quiet_holding_premium,conditional_market_paths,173,0.0,223.0,0.2776243093922652,current_legal_observation,provisional_not_selected
market_plan.STRAWBERRY.h24.available,conditional_market_paths,2,0.0,1.0,0.9613259668508287,current_legal_observation,provisional_not_selected
market_plan.STRAWBERRY.h24.known_demand,conditional_market_paths,8,0.0,37.0,0.9613259668508287,current_legal_observation,provisional_not_selected
market_plan.STRAWBERRY.h24.demand_only_inventory,conditional_market_paths,538,0.0,9999.0,0.9613259668508287,current_legal_observation,provisional_not_selected
market_plan.STRAWBERRY.h24.demand_only_price,conditional_market_paths,199,0.0,338.0,0.9613259668508287,current_legal_observation,provisional_not_selected
market_plan.STRAWBERRY.h24.quiet_revenue,conditional_market_paths,655,0.0,23004.0,0.26519337016574585,current_legal_observation,provisional_not_selected
market_plan.STRAWBERRY.h24.rival_stress_revenue,conditional_market_paths,702,0.0,22274.0,0.26519337016574585,current_legal_observation,provisional_not_selected
market_plan.STRAWBERRY.h24.rival_penalty,conditional_market_paths,444,0.0,1069.0,0.2647329650092081,current_legal_observation,provisional_not_selected
market_plan.STRAWBERRY.h24.quiet_holding_premium,conditional_market_paths,271,0.0,430.0,0.26519337016574585,current_legal_observation,provisional_not_selected
market_plan.MELON.own_ready_units,post_decision_inventory,25,0.0,125.0,0.08057090239410682,current_legal_observation,provisional_not_selected
market_plan.MELON.rival_ready_units,post_decision_inventory,21,0.0,125.0,0.07734806629834254,current_legal_observation,provisional_not_selected
market_plan.MELON.shed_units,post_decision_inventory,6,0.0,90.0,0.016574585635359115,current_legal_observation,provisional_not_selected
market_plan.MELON.carried_units,post_decision_inventory,12,0.0,72.0,0.06906077348066299,current_legal_observation,provisional_not_selected
market_plan.MELON.conditional_quantity,post_decision_inventory,17,0.0,100.0,0.11049723756906077,current_legal_observation,provisional_not_selected
market_plan.MELON.rival_earliest_delivery,post_decision_inventory,10,1.0,719.0,1.0,current_legal_observation,provisional_not_selected
market_plan.MELON.immediate_revenue,post_decision_inventory,37,0.0,22767.0,0.11049723756906077,current_legal_observation,provisional_not_selected
market_plan.MELON.h4.available,conditional_market_paths,2,0.0,1.0,0.988950276243094,current_legal_observation,provisional_not_selected
market_plan.MELON.h4.known_demand,conditional_market_paths,2,0.0,1.0,0.16574585635359115,current_legal_observation,provisional_not_selected
market_plan.MELON.h4.demand_only_inventory,conditional_market_paths,34,0.0,10158.0,0.988950276243094,current_legal_observation,provisional_not_selected
market_plan.MELON.h4.demand_only_price,conditional_market_paths,32,0.0,272.0,0.988950276243094,current_legal_observation,provisional_not_selected
market_plan.MELON.h4.quiet_revenue,conditional_market_paths,43,0.0,22868.0,0.11049723756906077,current_legal_observation,provisional_not_selected
market_plan.MELON.h4.rival_stress_revenue,conditional_market_paths,38,0.0,21309.0,0.11049723756906077,current_legal_observation,provisional_not_selected
market_plan.MELON.h4.rival_penalty,conditional_market_paths,18,0.0,12386.0,0.049723756906077346,current_legal_observation,provisional_not_selected
market_plan.MELON.h4.quiet_holding_premium,conditional_market_paths,11,0.0,205.0,0.027624309392265192,current_legal_observation,provisional_not_selected
market_plan.MELON.h12.available,conditional_market_paths,2,0.0,1.0,0.9779005524861878,current_legal_observation,provisional_not_selected
market_plan.MELON.h12.known_demand,conditional_market_paths,2,0.0,1.0,0.4861878453038674,current_legal_observation,provisional_not_selected
market_plan.MELON.h12.demand_only_inventory,conditional_market_paths,33,0.0,10158.0,0.9779005524861878,current_legal_observation,provisional_not_selected
market_plan.MELON.h12.demand_only_price,conditional_market_paths,31,0.0,272.0,0.9779005524861878,current_legal_observation,provisional_not_selected
market_plan.MELON.h12.quiet_revenue,conditional_market_paths,39,0.0,22868.0,0.11049723756906077,current_legal_observation,provisional_not_selected
market_plan.MELON.h12.rival_stress_revenue,conditional_market_paths,36,0.0,8743.0,0.11049723756906077,current_legal_observation,provisional_not_selected
market_plan.MELON.h12.rival_penalty,conditional_market_paths,25,0.0,17816.0,0.07734806629834254,current_legal_observation,provisional_not_selected
market_plan.MELON.h12.quiet_holding_premium,conditional_market_paths,13,0.0,205.0,0.06077348066298342,current_legal_observation,provisional_not_selected
market_plan.MELON.h24.available,conditional_market_paths,2,0.0,1.0,0.9613259668508287,current_legal_observation,provisional_not_selected
market_plan.MELON.h24.known_demand,conditional_market_paths,2,0.0,1.0,0.9613259668508287,current_legal_observation,provisional_not_selected
market_plan.MELON.h24.demand_only_inventory,conditional_market_paths,30,0.0,10157.0,0.9613259668508287,current_legal_observation,provisional_not_selected
market_plan.MELON.h24.demand_only_price,conditional_market_paths,29,0.0,272.0,0.9613259668508287,current_legal_observation,provisional_not_selected
market_plan.MELON.h24.quiet_revenue,conditional_market_paths,37,0.0,22868.0,0.11049723756906077,current_legal_observation,provisional_not_selected
market_plan.MELON.h24.rival_stress_revenue,conditional_market_paths,37,0.0,6403.0,0.11049723756906077,current_legal_observation,provisional_not_selected
market_plan.MELON.h24.rival_penalty,conditional_market_paths,24,0.0,19959.0,0.07734806629834254,current_legal_observation,provisional_not_selected
market_plan.MELON.h24.quiet_holding_premium,conditional_market_paths,17,0.0,205.0,0.11049723756906077,current_legal_observation,provisional_not_selected
market_plan.EGG.own_ready_units,post_decision_inventory,1,0.0,0.0,0.0,current_legal_observation,coverage_gap_constant
market_plan.EGG.rival_ready_units,post_decision_inventory,1,0.0,0.0,0.0,current_legal_observation,coverage_gap_constant
market_plan.EGG.shed_units,post_decision_inventory,1,0.0,0.0,0.0,current_legal_observation,coverage_gap_constant
market_plan.EGG.carried_units,post_decision_inventory,1,0.0,0.0,0.0,current_legal_observation,coverage_gap_constant
market_plan.EGG.conditional_quantity,post_decision_inventory,1,0.0,0.0,0.0,current_legal_observation,coverage_gap_constant
market_plan.EGG.rival_earliest_delivery,post_decision_inventory,1,719.0,719.0,1.0,current_legal_observation,coverage_gap_constant
market_plan.EGG.immediate_revenue,post_decision_inventory,1,0.0,0.0,0.0,current_legal_observation,coverage_gap_constant
market_plan.EGG.h4.available,conditional_market_paths,2,0.0,1.0,0.988950276243094,current_legal_observation,provisional_not_selected
market_plan.EGG.h4.known_demand,conditional_market_paths,7,0.0,6.0,0.8370165745856354,current_legal_observation,provisional_not_selected
market_plan.EGG.h4.demand_only_inventory,conditional_market_paths,378,0.0,9999.0,0.988950276243094,current_legal_observation,provisional_not_selected
market_plan.EGG.h4.demand_only_price,conditional_market_paths,55,0.0,127.0,0.988950276243094,current_legal_observation,provisional_not_selected
market_plan.EGG.h4.quiet_revenue,conditional_market_paths,1,0.0,0.0,0.0,current_legal_observation,coverage_gap_constant
market_plan.EGG.h4.rival_stress_revenue,conditional_market_paths,1,0.0,0.0,0.0,current_legal_observation,coverage_gap_constant
market_plan.EGG.h4.rival_penalty,conditional_market_paths,1,0.0,0.0,0.0,current_legal_observation,coverage_gap_constant
market_plan.EGG.h4.quiet_holding_premium,conditional_market_paths,1,0.0,0.0,0.0,current_legal_observation,coverage_gap_constant
market_plan.EGG.h12.available,conditional_market_paths,2,0.0,1.0,0.9779005524861878,current_legal_observation,provisional_not_selected
market_plan.EGG.h12.known_demand,conditional_market_paths,12,0.0,16.0,0.8867403314917127,current_legal_observation,provisional_not_selected
market_plan.EGG.h12.demand_only_inventory,conditional_market_paths,378,0.0,9999.0,0.9779005524861878,current_legal_observation,provisional_not_selected
market_plan.EGG.h12.demand_only_price,conditional_market_paths,55,0.0,127.0,0.9779005524861878,current_legal_observation,provisional_not_selected
market_plan.EGG.h12.quiet_revenue,conditional_market_paths,1,0.0,0.0,0.0,current_legal_observation,coverage_gap_constant
market_plan.EGG.h12.rival_stress_revenue,conditional_market_paths,1,0.0,0.0,0.0,current_legal_observation,coverage_gap_constant
market_plan.EGG.h12.rival_penalty,conditional_market_paths,1,0.0,0.0,0.0,current_legal_observation,coverage_gap_constant
market_plan.EGG.h12.quiet_holding_premium,conditional_market_paths,1,0.0,0.0,0.0,current_legal_observation,coverage_gap_constant
market_plan.EGG.h24.available,conditional_market_paths,2,0.0,1.0,0.9613259668508287,current_legal_observation,provisional_not_selected
market_plan.EGG.h24.known_demand,conditional_market_paths,7,0.0,31.0,0.9613259668508287,current_legal_observation,provisional_not_selected
market_plan.EGG.h24.demand_only_inventory,conditional_market_paths,378,0.0,9999.0,0.9613259668508287,current_legal_observation,provisional_not_selected
market_plan.EGG.h24.demand_only_price,conditional_market_paths,55,0.0,127.0,0.9613259668508287,current_legal_observation,provisional_not_selected
market_plan.EGG.h24.quiet_revenue,conditional_market_paths,1,0.0,0.0,0.0,current_legal_observation,coverage_gap_constant
market_plan.EGG.h24.rival_stress_revenue,conditional_market_paths,1,0.0,0.0,0.0,current_legal_observation,coverage_gap_constant
market_plan.EGG.h24.rival_penalty,conditional_market_paths,1,0.0,0.0,0.0,current_legal_observation,coverage_gap_constant
market_plan.EGG.h24.quiet_holding_premium,conditional_market_paths,1,0.0,0.0,0.0,current_legal_observation,coverage_gap_constant
market_plan.MILK.own_ready_units,post_decision_inventory,1,0.0,0.0,0.0,current_legal_observation,coverage_gap_constant
market_plan.MILK.rival_ready_units,post_decision_inventory,1,0.0,0.0,0.0,current_legal_observation,coverage_gap_constant
market_plan.MILK.shed_units,post_decision_inventory,1,0.0,0.0,0.0,current_legal_observation,coverage_gap_constant
market_plan.MILK.carried_units,post_decision_inventory,1,0.0,0.0,0.0,current_legal_observation,coverage_gap_constant
market_plan.MILK.conditional_quantity,post_decision_inventory,1,0.0,0.0,0.0,current_legal_observation,coverage_gap_constant
market_plan.MILK.rival_earliest_delivery,post_decision_inventory,1,719.0,719.0,1.0,current_legal_observation,coverage_gap_constant
market_plan.MILK.immediate_revenue,post_decision_inventory,1,0.0,0.0,0.0,current_legal_observation,coverage_gap_constant
market_plan.MILK.h4.available,conditional_market_paths,2,0.0,1.0,0.988950276243094,current_legal_observation,provisional_not_selected
market_plan.MILK.h4.known_demand,conditional_market_paths,6,0.0,5.0,0.830110497237569,current_legal_observation,provisional_not_selected
market_plan.MILK.h4.demand_only_inventory,conditional_market_paths,383,0.0,9999.0,0.988950276243094,current_legal_observation,provisional_not_selected
market_plan.MILK.h4.demand_only_price,conditional_market_paths,168,0.0,346.0,0.988950276243094,current_legal_observation,provisional_not_selected
market_plan.MILK.h4.quiet_revenue,conditional_market_paths,1,0.0,0.0,0.0,current_legal_observation,coverage_gap_constant
market_plan.MILK.h4.rival_stress_revenue,conditional_market_paths,1,0.0,0.0,0.0,current_legal_observation,coverage_gap_constant
market_plan.MILK.h4.rival_penalty,conditional_market_paths,1,0.0,0.0,0.0,current_legal_observation,coverage_gap_constant
market_plan.MILK.h4.quiet_holding_premium,conditional_market_paths,1,0.0,0.0,0.0,current_legal_observation,coverage_gap_constant
market_plan.MILK.h12.available,conditional_market_paths,2,0.0,1.0,0.9779005524861878,current_legal_observation,provisional_not_selected
market_plan.MILK.h12.known_demand,conditional_market_paths,10,0.0,13.0,0.8825966850828729,current_legal_observation,provisional_not_selected
market_plan.MILK.h12.demand_only_inventory,conditional_market_paths,384,0.0,9999.0,0.9779005524861878,current_legal_observation,provisional_not_selected
market_plan.MILK.h12.demand_only_price,conditional_market_paths,168,0.0,346.0,0.9779005524861878,current_legal_observation,provisional_not_selected
market_plan.MILK.h12.quiet_revenue,conditional_market_paths,1,0.0,0.0,0.0,current_legal_observation,coverage_gap_constant
market_plan.MILK.h12.rival_stress_revenue,conditional_market_paths,1,0.0,0.0,0.0,current_legal_observation,coverage_gap_constant
market_plan.MILK.h12.rival_penalty,conditional_market_paths,1,0.0,0.0,0.0,current_legal_observation,coverage_gap_constant
market_plan.MILK.h12.quiet_holding_premium,conditional_market_paths,1,0.0,0.0,0.0,current_legal_observation,coverage_gap_constant
market_plan.MILK.h24.available,conditional_market_paths,2,0.0,1.0,0.9613259668508287,current_legal_observation,provisional_not_selected
market_plan.MILK.h24.known_demand,conditional_market_paths,6,0.0,25.0,0.9613259668508287,current_legal_observation,provisional_not_selected
market_plan.MILK.h24.demand_only_inventory,conditional_market_paths,384,0.0,9999.0,0.9613259668508287,current_legal_observation,provisional_not_selected
market_plan.MILK.h24.demand_only_price,conditional_market_paths,168,0.0,346.0,0.9613259668508287,current_legal_observation,provisional_not_selected
market_plan.MILK.h24.quiet_revenue,conditional_market_paths,1,0.0,0.0,0.0,current_legal_observation,coverage_gap_constant
market_plan.MILK.h24.rival_stress_revenue,conditional_market_paths,1,0.0,0.0,0.0,current_legal_observation,coverage_gap_constant
market_plan.MILK.h24.rival_penalty,conditional_market_paths,1,0.0,0.0,0.0,current_legal_observation,coverage_gap_constant
market_plan.MILK.h24.quiet_holding_premium,conditional_market_paths,1,0.0,0.0,0.0,current_legal_observation,coverage_gap_constant
market_plan.WOOL.own_ready_units,post_decision_inventory,1,0.0,0.0,0.0,current_legal_observation,coverage_gap_constant
market_plan.WOOL.rival_ready_units,post_decision_inventory,1,0.0,0.0,0.0,current_legal_observation,coverage_gap_constant
market_plan.WOOL.shed_units,post_decision_inventory,1,0.0,0.0,0.0,current_legal_observation,coverage_gap_constant
market_plan.WOOL.carried_units,post_decision_inventory,1,0.0,0.0,0.0,current_legal_observation,coverage_gap_constant
market_plan.WOOL.conditional_quantity,post_decision_inventory,1,0.0,0.0,0.0,current_legal_observation,coverage_gap_constant
market_plan.WOOL.rival_earliest_delivery,post_decision_inventory,1,719.0,719.0,1.0,current_legal_observation,coverage_gap_constant
market_plan.WOOL.immediate_revenue,post_decision_inventory,1,0.0,0.0,0.0,current_legal_observation,coverage_gap_constant
market_plan.WOOL.h4.available,conditional_market_paths,2,0.0,1.0,0.988950276243094,current_legal_observation,provisional_not_selected
market_plan.WOOL.h4.known_demand,conditional_market_paths,6,0.0,5.0,0.39042357274401474,current_legal_observation,provisional_not_selected
market_plan.WOOL.h4.demand_only_inventory,conditional_market_paths,244,0.0,9999.0,0.988950276243094,current_legal_observation,provisional_not_selected
market_plan.WOOL.h4.demand_only_price,conditional_market_paths,39,0.0,249.0,0.988950276243094,current_legal_observation,provisional_not_selected
market_plan.WOOL.h4.quiet_revenue,conditional_market_paths,1,0.0,0.0,0.0,current_legal_observation,coverage_gap_constant
market_plan.WOOL.h4.rival_stress_revenue,conditional_market_paths,1,0.0,0.0,0.0,current_legal_observation,coverage_gap_constant
market_plan.WOOL.h4.rival_penalty,conditional_market_paths,1,0.0,0.0,0.0,current_legal_observation,coverage_gap_constant
market_plan.WOOL.h4.quiet_holding_premium,conditional_market_paths,1,0.0,0.0,0.0,current_legal_observation,coverage_gap_constant
market_plan.WOOL.h12.available,conditional_market_paths,2,0.0,1.0,0.9779005524861878,current_legal_observation,provisional_not_selected
market_plan.WOOL.h12.known_demand,conditional_market_paths,6,0.0,13.0,0.6197053406998159,current_legal_observation,provisional_not_selected
market_plan.WOOL.h12.demand_only_inventory,conditional_market_paths,244,0.0,9999.0,0.9779005524861878,current_legal_observation,provisional_not_selected
market_plan.WOOL.h12.demand_only_price,conditional_market_paths,39,0.0,249.0,0.9779005524861878,current_legal_observation,provisional_not_selected
market_plan.WOOL.h12.quiet_revenue,conditional_market_paths,1,0.0,0.0,0.0,current_legal_observation,coverage_gap_constant
market_plan.WOOL.h12.rival_stress_revenue,conditional_market_paths,1,0.0,0.0,0.0,current_legal_observation,coverage_gap_constant
market_plan.WOOL.h12.rival_penalty,conditional_market_paths,1,0.0,0.0,0.0,current_legal_observation,coverage_gap_constant
market_plan.WOOL.h12.quiet_holding_premium,conditional_market_paths,1,0.0,0.0,0.0,current_legal_observation,coverage_gap_constant
market_plan.WOOL.h24.available,conditional_market_paths,2,0.0,1.0,0.9613259668508287,current_legal_observation,provisional_not_selected
market_plan.WOOL.h24.known_demand,conditional_market_paths,4,0.0,25.0,0.9613259668508287,current_legal_observation,provisional_not_selected
market_plan.WOOL.h24.demand_only_inventory,conditional_market_paths,243,0.0,9999.0,0.9613259668508287,current_legal_observation,provisional_not_selected
market_plan.WOOL.h24.demand_only_price,conditional_market_paths,39,0.0,249.0,0.9613259668508287,current_legal_observation,provisional_not_selected
market_plan.WOOL.h24.quiet_revenue,conditional_market_paths,1,0.0,0.0,0.0,current_legal_observation,coverage_gap_constant
market_plan.WOOL.h24.rival_stress_revenue,conditional_market_paths,1,0.0,0.0,0.0,current_legal_observation,coverage_gap_constant
market_plan.WOOL.h24.rival_penalty,conditional_market_paths,1,0.0,0.0,0.0,current_legal_observation,coverage_gap_constant
market_plan.WOOL.h24.quiet_holding_premium,conditional_market_paths,1,0.0,0.0,0.0,current_legal_observation,coverage_gap_constant
market_plan.FERTILIZER.own_ready_units,post_decision_inventory,1,0.0,0.0,0.0,current_legal_observation,coverage_gap_constant
market_plan.FERTILIZER.rival_ready_units,post_decision_inventory,1,0.0,0.0,0.0,current_legal_observation,coverage_gap_constant
market_plan.FERTILIZER.shed_units,post_decision_inventory,1,0.0,0.0,0.0,current_legal_observation,coverage_gap_constant
market_plan.FERTILIZER.carried_units,post_decision_inventory,1,0.0,0.0,0.0,current_legal_observation,coverage_gap_constant
market_plan.FERTILIZER.conditional_quantity,post_decision_inventory,1,0.0,0.0,0.0,current_legal_observation,coverage_gap_constant
market_plan.FERTILIZER.rival_earliest_delivery,post_decision_inventory,1,719.0,719.0,1.0,current_legal_observation,coverage_gap_constant
market_plan.FERTILIZER.immediate_revenue,post_decision_inventory,1,0.0,0.0,0.0,current_legal_observation,coverage_gap_constant
market_plan.FERTILIZER.h4.available,conditional_market_paths,2,0.0,1.0,0.988950276243094,current_legal_observation,provisional_not_selected
market_plan.FERTILIZER.h4.known_demand,conditional_market_paths,1,0.0,0.0,0.0,current_legal_observation,coverage_gap_constant
market_plan.FERTILIZER.h4.demand_only_inventory,conditional_market_paths,2,0.0,10000.0,0.988950276243094,current_legal_observation,provisional_not_selected
market_plan.FERTILIZER.h4.demand_only_price,conditional_market_paths,2,0.0,100.0,0.988950276243094,current_legal_observation,provisional_not_selected
market_plan.FERTILIZER.h4.quiet_revenue,conditional_market_paths,1,0.0,0.0,0.0,current_legal_observation,coverage_gap_constant
market_plan.FERTILIZER.h4.rival_stress_revenue,conditional_market_paths,1,0.0,0.0,0.0,current_legal_observation,coverage_gap_constant
market_plan.FERTILIZER.h4.rival_penalty,conditional_market_paths,1,0.0,0.0,0.0,current_legal_observation,coverage_gap_constant
market_plan.FERTILIZER.h4.quiet_holding_premium,conditional_market_paths,1,0.0,0.0,0.0,current_legal_observation,coverage_gap_constant
market_plan.FERTILIZER.h12.available,conditional_market_paths,2,0.0,1.0,0.9779005524861878,current_legal_observation,provisional_not_selected
market_plan.FERTILIZER.h12.known_demand,conditional_market_paths,1,0.0,0.0,0.0,current_legal_observation,coverage_gap_constant
market_plan.FERTILIZER.h12.demand_only_inventory,conditional_market_paths,2,0.0,10000.0,0.9779005524861878,current_legal_observation,provisional_not_selected
market_plan.FERTILIZER.h12.demand_only_price,conditional_market_paths,2,0.0,100.0,0.9779005524861878,current_legal_observation,provisional_not_selected
market_plan.FERTILIZER.h12.quiet_revenue,conditional_market_paths,1,0.0,0.0,0.0,current_legal_observation,coverage_gap_constant
market_plan.FERTILIZER.h12.rival_stress_revenue,conditional_market_paths,1,0.0,0.0,0.0,current_legal_observation,coverage_gap_constant
market_plan.FERTILIZER.h12.rival_penalty,conditional_market_paths,1,0.0,0.0,0.0,current_legal_observation,coverage_gap_constant
market_plan.FERTILIZER.h12.quiet_holding_premium,conditional_market_paths,1,0.0,0.0,0.0,current_legal_observation,coverage_gap_constant
market_plan.FERTILIZER.h24.available,conditional_market_paths,2,0.0,1.0,0.9613259668508287,current_legal_observation,provisional_not_selected
market_plan.FERTILIZER.h24.known_demand,conditional_market_paths,1,0.0,0.0,0.0,current_legal_observation,coverage_gap_constant
market_plan.FERTILIZER.h24.demand_only_inventory,conditional_market_paths,2,0.0,10000.0,0.9613259668508287,current_legal_observation,provisional_not_selected
market_plan.FERTILIZER.h24.demand_only_price,conditional_market_paths,2,0.0,100.0,0.9613259668508287,current_legal_observation,provisional_not_selected
market_plan.FERTILIZER.h24.quiet_revenue,conditional_market_paths,1,0.0,0.0,0.0,current_legal_observation,coverage_gap_constant
market_plan.FERTILIZER.h24.rival_stress_revenue,conditional_market_paths,1,0.0,0.0,0.0,current_legal_observation,coverage_gap_constant
market_plan.FERTILIZER.h24.rival_penalty,conditional_market_paths,1,0.0,0.0,0.0,current_legal_observation,coverage_gap_constant
market_plan.FERTILIZER.h24.quiet_holding_premium,conditional_market_paths,1,0.0,0.0,0.0,current_legal_observation,coverage_gap_constant
market_worker.0.present,delivery_opportunity_cost,1,1.0,1.0,1.0,current_legal_observation,coverage_gap_constant
market_worker.0.carried_units,delivery_opportunity_cost,16,0.0,30.0,0.14134438305709024,current_legal_observation,provisional_not_selected
market_worker.0.delivery_actions,delivery_opportunity_cost,9,1.0,9.0,1.0,current_legal_observation,provisional_not_selected
market_worker.0.delivery_slack,delivery_opportunity_cost,28,-6.0,23.0,0.899171270718232,current_legal_observation,provisional_not_selected
market_worker.0.liquidation_revenue,delivery_opportunity_cost,133,0.0,7011.0,0.14134438305709024,current_legal_observation,provisional_not_selected
market_worker.0.quiet_night_revenue,delivery_opportunity_cost,102,0.0,7011.0,0.1309852670349908,current_legal_observation,provisional_not_selected
market_worker.0.rival_stress_night_revenue,delivery_opportunity_cost,120,0.0,4140.0,0.1309852670349908,current_legal_observation,provisional_not_selected
market_worker.0.night_sale_available,delivery_opportunity_cost,2,0.0,1.0,0.9613259668508287,current_legal_observation,provisional_not_selected
market_worker.0.overflow_after_sell_all,delivery_opportunity_cost,1,0.0,0.0,0.0,current_legal_observation,coverage_gap_constant
market_worker.1.present,delivery_opportunity_cost,2,0.0,1.0,0.8342541436464088,current_legal_observation,provisional_not_selected
market_worker.1.carried_units,delivery_opportunity_cost,14,0.0,24.0,0.13075506445672191,current_legal_observation,provisional_not_selected
market_worker.1.delivery_actions,delivery_opportunity_cost,10,0.0,9.0,0.8342541436464088,current_legal_observation,provisional_not_selected
market_worker.1.delivery_slack,delivery_opportunity_cost,26,-6.0,19.0,0.794889502762431,current_legal_observation,provisional_not_selected
market_worker.1.liquidation_revenue,delivery_opportunity_cost,148,0.0,5765.0,0.13075506445672191,current_legal_observation,provisional_not_selected
market_worker.1.quiet_night_revenue,delivery_opportunity_cost,102,0.0,5765.0,0.11947513812154696,current_legal_observation,provisional_not_selected
market_worker.1.rival_stress_night_revenue,delivery_opportunity_cost,117,0.0,4344.0,0.11947513812154696,current_legal_observation,provisional_not_selected
market_worker.1.night_sale_available,delivery_opportunity_cost,2,0.0,1.0,0.8011049723756906,current_legal_observation,provisional_not_selected
market_worker.1.overflow_after_sell_all,delivery_opportunity_cost,1,0.0,0.0,0.0,current_legal_observation,coverage_gap_constant
market_worker.2.present,delivery_opportunity_cost,2,0.0,1.0,0.8031767955801105,current_legal_observation,provisional_not_selected
market_worker.2.carried_units,delivery_opportunity_cost,12,0.0,18.0,0.12569060773480664,current_legal_observation,provisional_not_selected
market_worker.2.delivery_actions,delivery_opportunity_cost,10,0.0,9.0,0.8031767955801105,current_legal_observation,provisional_not_selected
market_worker.2.delivery_slack,delivery_opportunity_cost,24,-5.0,19.0,0.7025782688766115,current_legal_observation,provisional_not_selected
market_worker.2.liquidation_revenue,delivery_opportunity_cost,135,0.0,4670.0,0.12569060773480664,current_legal_observation,provisional_not_selected
market_worker.2.quiet_night_revenue,delivery_opportunity_cost,100,0.0,4683.0,0.12476979742173112,current_legal_observation,provisional_not_selected
market_worker.2.rival_stress_night_revenue,delivery_opportunity_cost,119,0.0,4541.0,0.12476979742173112,current_legal_observation,provisional_not_selected
market_worker.2.night_sale_available,delivery_opportunity_cost,2,0.0,1.0,0.8011049723756906,current_legal_observation,provisional_not_selected
market_worker.2.overflow_after_sell_all,delivery_opportunity_cost,1,0.0,0.0,0.0,current_legal_observation,coverage_gap_constant
market_worker.3.present,delivery_opportunity_cost,2,0.0,1.0,0.19705340699815838,current_legal_observation,provisional_not_selected
market_worker.3.carried_units,delivery_opportunity_cost,9,0.0,12.0,0.02992633517495396,current_legal_observation,provisional_not_selected
market_worker.3.delivery_actions,delivery_opportunity_cost,10,0.0,9.0,0.19705340699815838,current_legal_observation,provisional_not_selected
market_worker.3.delivery_slack,delivery_opportunity_cost,22,-5.0,19.0,0.1830110497237569,current_legal_observation,provisional_not_selected
market_worker.3.liquidation_revenue,delivery_opportunity_cost,46,0.0,2454.0,0.02992633517495396,current_legal_observation,provisional_not_selected
market_worker.3.quiet_night_revenue,delivery_opportunity_cost,34,0.0,2460.0,0.02992633517495396,current_legal_observation,provisional_not_selected
market_worker.3.rival_stress_night_revenue,delivery_opportunity_cost,42,0.0,2401.0,0.02992633517495396,current_legal_observation,provisional_not_selected
market_worker.3.night_sale_available,delivery_opportunity_cost,2,0.0,1.0,0.19705340699815838,current_legal_observation,provisional_not_selected
market_worker.3.overflow_after_sell_all,delivery_opportunity_cost,1,0.0,0.0,0.0,current_legal_observation,coverage_gap_constant
