feature,family,distinct_development_values,minimum,maximum,nonzero_fraction,availability,status
time.day,horizon,30,0.0,29.0,0.9668508287292817,current_legal_observation,provisional_not_selected
time.hour,horizon,7,0.0,22.0,0.8342541436464088,current_legal_observation,provisional_not_selected
time.decisions_remaining,horizon,181,1.0,719.0,1.0,current_legal_observation,provisional_not_selected
time.hours_until_refresh,horizon,7,2.0,24.0,1.0,current_legal_observation,provisional_not_selected
time.season_fraction,horizon,181,0.0,0.9986091794158554,0.994475138121547,current_legal_observation,provisional_not_selected
relative.cash_lead,relative_state,322,-9888.0,10801.0,0.5483425414364641,current_legal_observation,provisional_not_selected
relative.worker_lead,relative_state,3,-1.0,1.0,0.029696132596685083,current_legal_observation,provisional_not_selected
relative.land_lead,relative_state,1,0.0,0.0,0.0,current_legal_observation,coverage_gap_constant
logistics.shed_used,logistics,24,0.0,72.0,0.052486187845303865,current_legal_observation,provisional_not_selected
logistics.shed_free,logistics,24,28.0,100.0,1.0,current_legal_observation,provisional_not_selected
logistics.carried_total,logistics,31,0.0,72.0,0.2085635359116022,current_legal_observation,provisional_not_selected
logistics.refresh_overflow,logistics,1,0.0,0.0,0.0,current_legal_observation,coverage_gap_constant
demand.BAKERY.instances,town_demand,3,0.0,2.0,0.31422651933701656,current_legal_observation,provisional_not_selected
demand.BRUNCH_SPOT.instances,town_demand,5,0.0,4.0,0.5759668508287292,current_legal_observation,provisional_not_selected
demand.FARMERS_MARKET.instances,town_demand,3,0.0,2.0,0.40193370165745856,current_legal_observation,provisional_not_selected
demand.ICE_CREAM_SHOP.instances,town_demand,3,0.0,2.0,0.4516574585635359,current_legal_observation,provisional_not_selected
demand.PET_CAFE.instances,town_demand,4,0.0,3.0,0.425414364640884,current_legal_observation,provisional_not_selected
demand.PIZZA_SHOP.instances,town_demand,3,0.0,2.0,0.17679558011049723,current_legal_observation,provisional_not_selected
demand.SMOOTHIE_SHOP.instances,town_demand,2,0.0,1.0,0.4143646408839779,current_legal_observation,provisional_not_selected
demand.YARN_STORE.instances,town_demand,3,0.0,2.0,0.3259668508287293,current_legal_observation,provisional_not_selected
market.WHEAT.price,market_curves,27,25.0,51.0,1.0,current_legal_observation,provisional_not_selected
market.WHEAT.normalized_price,market_curves,27,1.0,2.04,1.0,current_legal_observation,provisional_not_selected
market.WHEAT.normalized_supply,market_curves,433,-1.6375,0.0,0.994475138121547,current_legal_observation,provisional_not_selected
market.WHEAT.one_unit_price_impact,market_curves,2,0.0,1.0,0.1270718232044199,current_legal_observation,provisional_not_selected
market.WHEAT.sell_5_revenue,market_curves,100,121.0,255.0,1.0,current_legal_observation,provisional_not_selected
market.WHEAT.sell_20_revenue,market_curves,312,467.0,1005.0,1.0,current_legal_observation,provisional_not_selected
demand.WHEAT.current_daily_units,town_demand,8,1.0,43.0,1.0,current_legal_observation,provisional_not_selected
inventory.WHEAT.shed,logistics,6,0.0,12.0,0.009150552486187844,current_legal_observation,provisional_not_selected
inventory.WHEAT.carried,logistics,6,0.0,12.0,0.05179558011049724,current_legal_observation,provisional_not_selected
inventory.WHEAT.immediate_sale_value,market_curves,11,0.0,575.0,0.009150552486187844,current_legal_observation,provisional_not_selected
market.CARROT.price,market_curves,93,35.0,161.0,1.0,current_legal_observation,provisional_not_selected
market.CARROT.normalized_price,market_curves,93,1.0,4.6,1.0,current_legal_observation,provisional_not_selected
market.CARROT.normalized_supply,market_curves,418,-1.511111111111111,0.0,0.994475138121547,current_legal_observation,provisional_not_selected
market.CARROT.one_unit_price_impact,market_curves,2,0.0,1.0,0.09185082872928177,current_legal_observation,provisional_not_selected
market.CARROT.sell_5_revenue,market_curves,229,168.0,798.0,1.0,current_legal_observation,provisional_not_selected
market.CARROT.sell_20_revenue,market_curves,418,634.0,3089.0,1.0,current_legal_observation,provisional_not_selected
demand.CARROT.current_daily_units,town_demand,8,1.0,43.0,1.0,current_legal_observation,provisional_not_selected
inventory.CARROT.shed,logistics,8,0.0,12.0,0.01899171270718232,current_legal_observation,provisional_not_selected
inventory.CARROT.carried,logistics,7,0.0,12.0,0.0738950276243094,current_legal_observation,provisional_not_selected
inventory.CARROT.immediate_sale_value,market_curves,29,0.0,1010.0,0.01899171270718232,current_legal_observation,provisional_not_selected
market.TOMATO.price,market_curves,55,60.0,144.0,1.0,current_legal_observation,provisional_not_selected
market.TOMATO.normalized_price,market_curves,55,1.0,2.4,1.0,current_legal_observation,provisional_not_selected
market.TOMATO.normalized_supply,market_curves,219,-1.5,0.0,0.994475138121547,current_legal_observation,provisional_not_selected
market.TOMATO.one_unit_price_impact,market_curves,3,0.0,3.0,0.13950276243093923,current_legal_observation,provisional_not_selected
market.TOMATO.sell_5_revenue,market_curves,154,284.0,710.0,1.0,current_legal_observation,provisional_not_selected
market.TOMATO.sell_20_revenue,market_curves,219,1054.0,2690.0,1.0,current_legal_observation,provisional_not_selected
demand.TOMATO.current_daily_units,town_demand,4,1.0,19.0,1.0,current_legal_observation,provisional_not_selected
inventory.TOMATO.shed,logistics,1,0.0,0.0,0.0,current_legal_observation,coverage_gap_constant
inventory.TOMATO.carried,logistics,1,0.0,0.0,0.0,current_legal_observation,coverage_gap_constant
inventory.TOMATO.immediate_sale_value,market_curves,1,0.0,0.0,0.0,current_legal_observation,coverage_gap_constant
market.STRAWBERRY.price,market_curves,202,120.0,342.0,1.0,current_legal_observation,provisional_not_selected
market.STRAWBERRY.normalized_price,market_curves,202,1.0,2.85,1.0,current_legal_observation,provisional_not_selected
market.STRAWBERRY.normalized_supply,market_curves,456,-7.0,0.0,0.994475138121547,current_legal_observation,provisional_not_selected
market.STRAWBERRY.one_unit_price_impact,market_curves,6,0.0,8.0,0.5207182320441989,current_legal_observation,provisional_not_selected
market.STRAWBERRY.sell_5_revenue,market_curves,452,580.0,1710.0,1.0,current_legal_observation,provisional_not_selected
market.STRAWBERRY.sell_20_revenue,market_curves,456,2034.0,6814.0,1.0,current_legal_observation,provisional_not_selected
demand.STRAWBERRY.current_daily_units,town_demand,8,1.0,43.0,1.0,current_legal_observation,provisional_not_selected
inventory.STRAWBERRY.shed,logistics,16,0.0,36.0,0.013121546961325966,current_legal_observation,provisional_not_selected
inventory.STRAWBERRY.carried,logistics,11,0.0,36.0,0.04903314917127072,current_legal_observation,provisional_not_selected
inventory.STRAWBERRY.immediate_sale_value,market_curves,35,0.0,12220.0,0.013121546961325966,current_legal_observation,provisional_not_selected
market.MELON.price,market_curves,27,1.0,271.0,1.0,current_legal_observation,provisional_not_selected
market.MELON.normalized_price,market_curves,27,0.004,1.084,1.0,current_legal_observation,provisional_not_selected
market.MELON.normalized_supply,market_curves,29,-0.03333333333333333,0.53,0.994475138121547,current_legal_observation,provisional_not_selected
market.MELON.one_unit_price_impact,market_curves,6,0.0,6.0,0.9112569060773481,current_legal_observation,provisional_not_selected
market.MELON.sell_5_revenue,market_curves,27,5.0,1345.0,1.0,current_legal_observation,provisional_not_selected
market.MELON.sell_20_revenue,market_curves,28,20.0,5151.0,1.0,current_legal_observation,provisional_not_selected
demand.MELON.current_daily_units,town_demand,1,1.0,1.0,1.0,current_legal_observation,coverage_gap_constant
inventory.MELON.shed,logistics,5,0.0,72.0,0.016574585635359115,current_legal_observation,provisional_not_selected
inventory.MELON.carried,logistics,8,0.0,72.0,0.06077348066298342,current_legal_observation,provisional_not_selected
inventory.MELON.immediate_sale_value,market_curves,8,0.0,6392.0,0.016574585635359115,current_legal_observation,provisional_not_selected
market.EGG.price,market_curves,85,50.0,195.0,1.0,current_legal_observation,provisional_not_selected
market.EGG.normalized_price,market_curves,85,1.0,3.9,1.0,current_legal_observation,provisional_not_selected
market.EGG.normalized_supply,market_curves,363,-1.8253012048192772,0.0,0.994475138121547,current_legal_observation,provisional_not_selected
market.EGG.one_unit_price_impact,market_curves,2,0.0,1.0,0.09668508287292818,current_legal_observation,provisional_not_selected
market.EGG.sell_5_revenue,market_curves,172,242.0,969.0,1.0,current_legal_observation,provisional_not_selected
market.EGG.sell_20_revenue,market_curves,363,927.0,3751.0,1.0,current_legal_observation,provisional_not_selected
demand.EGG.current_daily_units,town_demand,6,1.0,31.0,1.0,current_legal_observation,provisional_not_selected
inventory.EGG.shed,logistics,1,0.0,0.0,0.0,current_legal_observation,coverage_gap_constant
inventory.EGG.carried,logistics,1,0.0,0.0,0.0,current_legal_observation,coverage_gap_constant
inventory.EGG.immediate_sale_value,market_curves,1,0.0,0.0,0.0,current_legal_observation,coverage_gap_constant
market.MILK.price,market_curves,137,160.0,315.0,1.0,current_legal_observation,provisional_not_selected
market.MILK.normalized_price,market_curves,137,1.0,1.96875,1.0,current_legal_observation,provisional_not_selected
market.MILK.normalized_supply,market_curves,276,-2.6065573770491803,0.0,0.994475138121547,current_legal_observation,provisional_not_selected
market.MILK.one_unit_price_impact,market_curves,5,0.0,9.0,0.6823204419889503,current_legal_observation,provisional_not_selected
market.MILK.sell_5_revenue,market_curves,276,780.0,1573.0,1.0,current_legal_observation,provisional_not_selected
market.MILK.sell_20_revenue,market_curves,276,2802.0,6255.0,1.0,current_legal_observation,provisional_not_selected
demand.MILK.current_daily_units,town_demand,4,1.0,19.0,1.0,current_legal_observation,provisional_not_selected
inventory.MILK.shed,logistics,1,0.0,0.0,0.0,current_legal_observation,coverage_gap_constant
inventory.MILK.carried,logistics,1,0.0,0.0,0.0,current_legal_observation,coverage_gap_constant
inventory.MILK.immediate_sale_value,market_curves,1,0.0,0.0,0.0,current_legal_observation,coverage_gap_constant
market.WOOL.price,market_curves,44,200.0,254.0,1.0,current_legal_observation,provisional_not_selected
market.WOOL.normalized_price,market_curves,44,1.0,1.27,1.0,current_legal_observation,provisional_not_selected
market.WOOL.normalized_supply,market_curves,224,-5.428571428571429,0.0,0.994475138121547,current_legal_observation,provisional_not_selected
market.WOOL.one_unit_price_impact,market_curves,5,0.0,6.0,0.4889502762430939,current_legal_observation,provisional_not_selected
market.WOOL.sell_5_revenue,market_curves,102,998.0,1270.0,1.0,current_legal_observation,provisional_not_selected
market.WOOL.sell_20_revenue,market_curves,183,3856.0,5080.0,1.0,current_legal_observation,provisional_not_selected
demand.WOOL.current_daily_units,town_demand,3,1.0,25.0,1.0,current_legal_observation,provisional_not_selected
inventory.WOOL.shed,logistics,1,0.0,0.0,0.0,current_legal_observation,coverage_gap_constant
inventory.WOOL.carried,logistics,1,0.0,0.0,0.0,current_legal_observation,coverage_gap_constant
inventory.WOOL.immediate_sale_value,market_curves,1,0.0,0.0,0.0,current_legal_observation,coverage_gap_constant
market.FERTILIZER.price,market_curves,1,100.0,100.0,1.0,current_legal_observation,coverage_gap_constant
market.FERTILIZER.normalized_price,market_curves,1,1.0,1.0,1.0,current_legal_observation,coverage_gap_constant
market.FERTILIZER.normalized_supply,market_curves,1,0.0,0.0,0.0,current_legal_observation,coverage_gap_constant
market.FERTILIZER.one_unit_price_impact,market_curves,1,0.0,0.0,0.0,current_legal_observation,coverage_gap_constant
market.FERTILIZER.sell_5_revenue,market_curves,1,498.0,498.0,1.0,current_legal_observation,coverage_gap_constant
market.FERTILIZER.sell_20_revenue,market_curves,1,1962.0,1962.0,1.0,current_legal_observation,coverage_gap_constant
demand.FERTILIZER.current_daily_units,town_demand,1,0.0,0.0,0.0,current_legal_observation,coverage_gap_constant
inventory.FERTILIZER.shed,logistics,1,0.0,0.0,0.0,current_legal_observation,coverage_gap_constant
inventory.FERTILIZER.carried,logistics,1,0.0,0.0,0.0,current_legal_observation,coverage_gap_constant
inventory.FERTILIZER.immediate_sale_value,market_curves,1,0.0,0.0,0.0,current_legal_observation,coverage_gap_constant
inventory.WHEAT.seeds,logistics,5,0.0,4.0,0.11947513812154696,current_legal_observation,provisional_not_selected
inventory.CARROT.seeds,logistics,5,0.0,4.0,0.1277624309392265,current_legal_observation,provisional_not_selected
inventory.TOMATO.seeds,logistics,1,0.0,0.0,0.0,current_legal_observation,coverage_gap_constant
inventory.STRAWBERRY.seeds,logistics,5,0.0,4.0,0.09392265193370165,current_legal_observation,provisional_not_selected
inventory.MELON.seeds,logistics,5,0.0,4.0,0.6850828729281768,current_legal_observation,provisional_not_selected
inventory.GOOSE.unplaced,logistics,1,0.0,0.0,0.0,current_legal_observation,coverage_gap_constant
inventory.COW.unplaced,logistics,1,0.0,0.0,0.0,current_legal_observation,coverage_gap_constant
inventory.SHEEP.unplaced,logistics,1,0.0,0.0,0.0,current_legal_observation,coverage_gap_constant
own.cash,labor_land,634,978.0,39039.0,1.0,current_legal_observation,provisional_not_selected
own.workers,labor_land,4,1.0,4.0,1.0,current_legal_observation,provisional_not_selected
own.empty_tiles,labor_land,19,0.0,25.0,0.42679558011049723,current_legal_observation,provisional_not_selected
own.weed_tiles,labor_land,10,0.0,17.0,0.06629834254143646,current_legal_observation,provisional_not_selected
own.unlocked_tiles,labor_land,1,25.0,25.0,1.0,current_legal_observation,coverage_gap_constant
own.next_hire_cost,labor_land,3,1.0,3.0,1.0,current_legal_observation,provisional_not_selected
own.worker_turns_today,labor_land,13,4.0,80.0,1.0,current_legal_observation,provisional_not_selected
own.water_actions_due,labor_land,26,0.0,25.0,0.9737569060773481,current_legal_observation,provisional_not_selected
own.feed_actions_due,labor_land,1,0.0,0.0,0.0,current_legal_observation,coverage_gap_constant
own.shed_distance,labor_land,9,0.0,8.0,0.8128453038674033,current_legal_observation,provisional_not_selected
own.crop.WHEAT.count,crop_state,7,0.0,6.0,0.1484806629834254,current_legal_observation,provisional_not_selected
own.crop.WHEAT.mean_age,crop_state,24,0.0,4.0,0.13743093922651933,current_legal_observation,provisional_not_selected
own.crop.WHEAT.harvestable_units,crop_state,12,0.0,13.0,0.12085635359116022,current_legal_observation,provisional_not_selected
own.crop.WHEAT.water_due,crop_state,7,0.0,6.0,0.09806629834254144,current_legal_observation,provisional_not_selected
own.crop.WHEAT.death_risk_today,crop_state,3,0.0,2.0,0.023480662983425413,current_legal_observation,provisional_not_selected
own.crop.WHEAT.bonus_water_opportunities,crop_state,7,0.0,6.0,0.05110497237569061,current_legal_observation,provisional_not_selected
own.crop.WHEAT.fertilized_count,crop_state,1,0.0,0.0,0.0,current_legal_observation,coverage_gap_constant
own.crop.CARROT.count,crop_state,7,0.0,6.0,0.15124309392265192,current_legal_observation,provisional_not_selected
own.crop.CARROT.mean_age,crop_state,26,0.0,3.0,0.14019337016574585,current_legal_observation,provisional_not_selected
own.crop.CARROT.harvestable_units,crop_state,11,0.0,10.0,0.12361878453038674,current_legal_observation,provisional_not_selected
own.crop.CARROT.water_due,crop_state,7,0.0,6.0,0.09392265193370165,current_legal_observation,provisional_not_selected
own.crop.CARROT.death_risk_today,crop_state,3,0.0,2.0,0.022790055248618785,current_legal_observation,provisional_not_selected
own.crop.CARROT.bonus_water_opportunities,crop_state,6,0.0,5.0,0.04834254143646409,current_legal_observation,provisional_not_selected
own.crop.CARROT.fertilized_count,crop_state,1,0.0,0.0,0.0,current_legal_observation,coverage_gap_constant
own.crop.TOMATO.count,crop_state,1,0.0,0.0,0.0,current_legal_observation,coverage_gap_constant
own.crop.TOMATO.mean_age,crop_state,1,0.0,0.0,0.0,current_legal_observation,coverage_gap_constant
own.crop.TOMATO.harvestable_units,crop_state,1,0.0,0.0,0.0,current_legal_observation,coverage_gap_constant
own.crop.TOMATO.water_due,crop_state,1,0.0,0.0,0.0,current_legal_observation,coverage_gap_constant
own.crop.TOMATO.death_risk_today,crop_state,1,0.0,0.0,0.0,current_legal_observation,coverage_gap_constant
own.crop.TOMATO.bonus_water_opportunities,crop_state,1,0.0,0.0,0.0,current_legal_observation,coverage_gap_constant
own.crop.TOMATO.fertilized_count,crop_state,1,0.0,0.0,0.0,current_legal_observation,coverage_gap_constant
own.crop.STRAWBERRY.count,crop_state,20,0.0,19.0,0.6125690607734806,current_legal_observation,provisional_not_selected
own.crop.STRAWBERRY.mean_age,crop_state,94,0.0,16.8,0.6022099447513812,current_legal_observation,provisional_not_selected
own.crop.STRAWBERRY.harvestable_units,crop_state,49,0.0,66.0,0.29972375690607733,current_legal_observation,provisional_not_selected
own.crop.STRAWBERRY.water_due,crop_state,20,0.0,19.0,0.6084254143646409,current_legal_observation,provisional_not_selected
own.crop.STRAWBERRY.death_risk_today,crop_state,9,0.0,8.0,0.10566298342541436,current_legal_observation,provisional_not_selected
own.crop.STRAWBERRY.bonus_water_opportunities,crop_state,1,0.0,0.0,0.0,current_legal_observation,coverage_gap_constant
own.crop.STRAWBERRY.fertilized_count,crop_state,1,0.0,0.0,0.0,current_legal_observation,coverage_gap_constant
own.crop.MELON.count,crop_state,16,0.0,25.0,0.6740331491712708,current_legal_observation,provisional_not_selected
own.crop.MELON.mean_age,crop_state,19,0.0,10.0,0.6464088397790055,current_legal_observation,provisional_not_selected
own.crop.MELON.harvestable_units,crop_state,17,0.0,125.0,0.0787292817679558,current_legal_observation,provisional_not_selected
own.crop.MELON.water_due,crop_state,20,0.0,25.0,0.5566298342541437,current_legal_observation,provisional_not_selected
own.crop.MELON.death_risk_today,crop_state,8,0.0,10.0,0.06077348066298342,current_legal_observation,provisional_not_selected
own.crop.MELON.bonus_water_opportunities,crop_state,18,0.0,25.0,0.25,current_legal_observation,provisional_not_selected
own.crop.MELON.fertilized_count,crop_state,1,0.0,0.0,0.0,current_legal_observation,coverage_gap_constant
own.animal.GOOSE.count,animal_state,1,0.0,0.0,0.0,current_legal_observation,coverage_gap_constant
own.animal.GOOSE.yield_units,animal_state,1,0.0,0.0,0.0,current_legal_observation,coverage_gap_constant
own.animal.GOOSE.feed_due,animal_state,1,0.0,0.0,0.0,current_legal_observation,coverage_gap_constant
own.animal.GOOSE.escape_risk_today,animal_state,1,0.0,0.0,0.0,current_legal_observation,coverage_gap_constant
own.animal.GOOSE.fertilizer_available,animal_state,1,0.0,0.0,0.0,current_legal_observation,coverage_gap_constant
own.animal.GOOSE.care_bonus_banked,animal_state,1,0.0,0.0,0.0,current_legal_observation,coverage_gap_constant
own.animal.COW.count,animal_state,1,0.0,0.0,0.0,current_legal_observation,coverage_gap_constant
own.animal.COW.yield_units,animal_state,1,0.0,0.0,0.0,current_legal_observation,coverage_gap_constant
own.animal.COW.feed_due,animal_state,1,0.0,0.0,0.0,current_legal_observation,coverage_gap_constant
own.animal.COW.escape_risk_today,animal_state,1,0.0,0.0,0.0,current_legal_observation,coverage_gap_constant
own.animal.COW.fertilizer_available,animal_state,1,0.0,0.0,0.0,current_legal_observation,coverage_gap_constant
own.animal.COW.care_bonus_banked,animal_state,1,0.0,0.0,0.0,current_legal_observation,coverage_gap_constant
own.animal.SHEEP.count,animal_state,1,0.0,0.0,0.0,current_legal_observation,coverage_gap_constant
own.animal.SHEEP.yield_units,animal_state,1,0.0,0.0,0.0,current_legal_observation,coverage_gap_constant
own.animal.SHEEP.feed_due,animal_state,1,0.0,0.0,0.0,current_legal_observation,coverage_gap_constant
own.animal.SHEEP.escape_risk_today,animal_state,1,0.0,0.0,0.0,current_legal_observation,coverage_gap_constant
own.animal.SHEEP.fertilizer_available,animal_state,1,0.0,0.0,0.0,current_legal_observation,coverage_gap_constant
own.animal.SHEEP.care_bonus_banked,animal_state,1,0.0,0.0,0.0,current_legal_observation,coverage_gap_constant
opponent.cash,labor_land,588,978.0,40679.0,1.0,current_legal_observation,provisional_not_selected
opponent.workers,labor_land,4,1.0,4.0,1.0,current_legal_observation,provisional_not_selected
opponent.empty_tiles,labor_land,19,0.0,25.0,0.40400552486187846,current_legal_observation,provisional_not_selected
opponent.weed_tiles,labor_land,11,0.0,18.0,0.06629834254143646,current_legal_observation,provisional_not_selected
opponent.unlocked_tiles,labor_land,1,25.0,25.0,1.0,current_legal_observation,coverage_gap_constant
opponent.next_hire_cost,labor_land,3,1.0,3.0,1.0,current_legal_observation,provisional_not_selected
opponent.worker_turns_today,labor_land,12,4.0,80.0,1.0,current_legal_observation,provisional_not_selected
opponent.water_actions_due,labor_land,26,0.0,25.0,0.9737569060773481,current_legal_observation,provisional_not_selected
opponent.feed_actions_due,labor_land,1,0.0,0.0,0.0,current_legal_observation,coverage_gap_constant
opponent.shed_distance,labor_land,9,0.0,8.0,0.8128453038674033,current_legal_observation,provisional_not_selected
opponent.crop.WHEAT.count,crop_state,7,0.0,6.0,0.14709944751381215,current_legal_observation,provisional_not_selected
opponent.crop.WHEAT.mean_age,crop_state,35,0.0,4.0,0.13743093922651933,current_legal_observation,provisional_not_selected
opponent.crop.WHEAT.harvestable_units,crop_state,14,0.0,13.0,0.11533149171270718,current_legal_observation,provisional_not_selected
opponent.crop.WHEAT.water_due,crop_state,7,0.0,6.0,0.08149171270718232,current_legal_observation,provisional_not_selected
opponent.crop.WHEAT.death_risk_today,crop_state,3,0.0,2.0,0.017955801104972375,current_legal_observation,provisional_not_selected
opponent.crop.WHEAT.bonus_water_opportunities,crop_state,7,0.0,6.0,0.04488950276243094,current_legal_observation,provisional_not_selected
opponent.crop.WHEAT.fertilized_count,crop_state,1,0.0,0.0,0.0,current_legal_observation,coverage_gap_constant
opponent.crop.CARROT.count,crop_state,7,0.0,6.0,0.14986187845303867,current_legal_observation,provisional_not_selected
opponent.crop.CARROT.mean_age,crop_state,25,0.0,3.0,0.13950276243093923,current_legal_observation,provisional_not_selected
opponent.crop.CARROT.harvestable_units,crop_state,11,0.0,10.0,0.11464088397790055,current_legal_observation,provisional_not_selected
opponent.crop.CARROT.water_due,crop_state,7,0.0,6.0,0.09323204419889503,current_legal_observation,provisional_not_selected
opponent.crop.CARROT.death_risk_today,crop_state,3,0.0,2.0,0.022099447513812154,current_legal_observation,provisional_not_selected
opponent.crop.CARROT.bonus_water_opportunities,crop_state,7,0.0,6.0,0.04765193370165746,current_legal_observation,provisional_not_selected
opponent.crop.CARROT.fertilized_count,crop_state,1,0.0,0.0,0.0,current_legal_observation,coverage_gap_constant
opponent.crop.TOMATO.count,crop_state,1,0.0,0.0,0.0,current_legal_observation,coverage_gap_constant
opponent.crop.TOMATO.mean_age,crop_state,1,0.0,0.0,0.0,current_legal_observation,coverage_gap_constant
opponent.crop.TOMATO.harvestable_units,crop_state,1,0.0,0.0,0.0,current_legal_observation,coverage_gap_constant
opponent.crop.TOMATO.water_due,crop_state,1,0.0,0.0,0.0,current_legal_observation,coverage_gap_constant
opponent.crop.TOMATO.death_risk_today,crop_state,1,0.0,0.0,0.0,current_legal_observation,coverage_gap_constant
opponent.crop.TOMATO.bonus_water_opportunities,crop_state,1,0.0,0.0,0.0,current_legal_observation,coverage_gap_constant
opponent.crop.TOMATO.fertilized_count,crop_state,1,0.0,0.0,0.0,current_legal_observation,coverage_gap_constant
opponent.crop.STRAWBERRY.count,crop_state,21,0.0,20.0,0.6132596685082873,current_legal_observation,provisional_not_selected
opponent.crop.STRAWBERRY.mean_age,crop_state,133,0.0,16.857142857142858,0.6022099447513812,current_legal_observation,provisional_not_selected
opponent.crop.STRAWBERRY.harvestable_units,crop_state,50,0.0,66.0,0.29972375690607733,current_legal_observation,provisional_not_selected
opponent.crop.STRAWBERRY.water_due,crop_state,21,0.0,20.0,0.6091160220994475,current_legal_observation,provisional_not_selected
opponent.crop.STRAWBERRY.death_risk_today,crop_state,8,0.0,7.0,0.07665745856353591,current_legal_observation,provisional_not_selected
opponent.crop.STRAWBERRY.bonus_water_opportunities,crop_state,1,0.0,0.0,0.0,current_legal_observation,coverage_gap_constant
opponent.crop.STRAWBERRY.fertilized_count,crop_state,1,0.0,0.0,0.0,current_legal_observation,coverage_gap_constant
opponent.crop.MELON.count,crop_state,17,0.0,25.0,0.6740331491712708,current_legal_observation,provisional_not_selected
opponent.crop.MELON.mean_age,crop_state,23,0.0,10.0,0.6464088397790055,current_legal_observation,provisional_not_selected
opponent.crop.MELON.harvestable_units,crop_state,20,0.0,125.0,0.07803867403314917,current_legal_observation,provisional_not_selected
opponent.crop.MELON.water_due,crop_state,20,0.0,25.0,0.518646408839779,current_legal_observation,provisional_not_selected
opponent.crop.MELON.death_risk_today,crop_state,10,0.0,13.0,0.05593922651933702,current_legal_observation,provisional_not_selected
opponent.crop.MELON.bonus_water_opportunities,crop_state,21,0.0,25.0,0.2513812154696133,current_legal_observation,provisional_not_selected
opponent.crop.MELON.fertilized_count,crop_state,1,0.0,0.0,0.0,current_legal_observation,coverage_gap_constant
opponent.animal.GOOSE.count,animal_state,1,0.0,0.0,0.0,current_legal_observation,coverage_gap_constant
opponent.animal.GOOSE.yield_units,animal_state,1,0.0,0.0,0.0,current_legal_observation,coverage_gap_constant
opponent.animal.GOOSE.feed_due,animal_state,1,0.0,0.0,0.0,current_legal_observation,coverage_gap_constant
opponent.animal.GOOSE.escape_risk_today,animal_state,1,0.0,0.0,0.0,current_legal_observation,coverage_gap_constant
opponent.animal.GOOSE.fertilizer_available,animal_state,1,0.0,0.0,0.0,current_legal_observation,coverage_gap_constant
opponent.animal.GOOSE.care_bonus_banked,animal_state,1,0.0,0.0,0.0,current_legal_observation,coverage_gap_constant
opponent.animal.COW.count,animal_state,1,0.0,0.0,0.0,current_legal_observation,coverage_gap_constant
opponent.animal.COW.yield_units,animal_state,1,0.0,0.0,0.0,current_legal_observation,coverage_gap_constant
opponent.animal.COW.feed_due,animal_state,1,0.0,0.0,0.0,current_legal_observation,coverage_gap_constant
opponent.animal.COW.escape_risk_today,animal_state,1,0.0,0.0,0.0,current_legal_observation,coverage_gap_constant
opponent.animal.COW.fertilizer_available,animal_state,1,0.0,0.0,0.0,current_legal_observation,coverage_gap_constant
opponent.animal.COW.care_bonus_banked,animal_state,1,0.0,0.0,0.0,current_legal_observation,coverage_gap_constant
opponent.animal.SHEEP.count,animal_state,1,0.0,0.0,0.0,current_legal_observation,coverage_gap_constant
opponent.animal.SHEEP.yield_units,animal_state,1,0.0,0.0,0.0,current_legal_observation,coverage_gap_constant
opponent.animal.SHEEP.feed_due,animal_state,1,0.0,0.0,0.0,current_legal_observation,coverage_gap_constant
opponent.animal.SHEEP.escape_risk_today,animal_state,1,0.0,0.0,0.0,current_legal_observation,coverage_gap_constant
opponent.animal.SHEEP.fertilizer_available,animal_state,1,0.0,0.0,0.0,current_legal_observation,coverage_gap_constant
opponent.animal.SHEEP.care_bonus_banked,animal_state,1,0.0,0.0,0.0,current_legal_observation,coverage_gap_constant
storage.free_before_market,storage_interactions,24,28.0,100.0,1.0,current_legal_observation,provisional_not_selected
storage.free_after_sell_all,storage_interactions,1,100.0,100.0,1.0,current_legal_observation,coverage_gap_constant
storage.night_overflow_if_pass,storage_interactions,1,0.0,0.0,0.0,current_legal_observation,coverage_gap_constant
storage.night_overflow_after_sell_all,storage_interactions,1,0.0,0.0,0.0,current_legal_observation,coverage_gap_constant
storage.ready_wave_overflow_after_sell_all,storage_interactions,6,0.0,25.0,0.027624309392265192,current_legal_observation,provisional_not_selected
storage.carried_plus_ready_units,storage_interactions,76,0.0,125.0,0.4005524861878453,current_legal_observation,provisional_not_selected
storage.ready_wave_units,storage_interactions,76,0.0,125.0,0.3784530386740331,current_legal_observation,provisional_not_selected
storage.nonsellable_capacity_lock,storage_interactions,1,0.0,0.0,0.0,current_legal_observation,coverage_gap_constant
storage.carry_fraction_of_capacity,storage_interactions,31,0.0,0.72,0.2085635359116022,current_legal_observation,provisional_not_selected
capital.receipt_wait_scenario_actions,cashflow,71,2.0,238.0,1.0,current_legal_observation,provisional_not_selected
capital.staffing_days_scenario,cashflow,10,1.0,10.0,1.0,current_legal_observation,provisional_not_selected
capital.daily_full_staff_cost,cashflow,1,4.0,4.0,1.0,current_legal_observation,coverage_gap_constant
capital.labor_reserve,cashflow,21,4.0,44.0,1.0,current_legal_observation,provisional_not_selected
capital.seed_spendable_cash,cashflow,717,952.0,39032.0,1.0,current_legal_observation,provisional_not_selected
capital.cash_to_reserve_ratio,cashflow,899,22.636363636363637,7997.5,1.0,current_legal_observation,provisional_not_selected
capital.reserve_shortfall,cashflow,1,0.0,0.0,0.0,current_legal_observation,coverage_gap_constant
delivery.unit0.active,delivery_feasibility,1,1.0,1.0,1.0,current_legal_observation,coverage_gap_constant
delivery.unit0.shed_distance,delivery_feasibility,9,0.0,8.0,0.8128453038674033,current_legal_observation,provisional_not_selected
delivery.unit0.carried_units,delivery_feasibility,13,0.0,24.0,0.15814917127071823,current_legal_observation,provisional_not_selected
delivery.unit0.conditional_sale_value,delivery_feasibility,125,0.0,4083.0,0.15814917127071823,current_legal_observation,provisional_not_selected
delivery.unit0.dump_loss_before_market,delivery_feasibility,1,0.0,0.0,0.0,current_legal_observation,coverage_gap_constant
delivery.unit0.delivery_refresh_slack,delivery_feasibility,26,-5.0,23.0,0.9150552486187845,current_legal_observation,provisional_not_selected
delivery.unit0.delivery_terminal_slack,delivery_feasibility,256,-6.0,718.0,0.9965469613259669,current_legal_observation,provisional_not_selected
delivery.unit0.value_per_delivery_action,delivery_feasibility,159,0.0,825.6666666666666,0.15814917127071823,current_legal_observation,provisional_not_selected
delivery.unit1.active,delivery_feasibility,2,0.0,1.0,0.8342541436464088,current_legal_observation,provisional_not_selected
delivery.unit1.shed_distance,delivery_feasibility,9,0.0,8.0,0.8259668508287292,current_legal_observation,provisional_not_selected
delivery.unit1.carried_units,delivery_feasibility,11,0.0,24.0,0.14019337016574585,current_legal_observation,provisional_not_selected
delivery.unit1.conditional_sale_value,delivery_feasibility,126,0.0,3787.0,0.14019337016574585,current_legal_observation,provisional_not_selected
delivery.unit1.dump_loss_before_market,delivery_feasibility,1,0.0,0.0,0.0,current_legal_observation,coverage_gap_constant
delivery.unit1.delivery_refresh_slack,delivery_feasibility,25,-5.0,19.0,0.7810773480662984,current_legal_observation,provisional_not_selected
delivery.unit1.delivery_terminal_slack,delivery_feasibility,243,-6.0,712.0,0.8335635359116023,current_legal_observation,provisional_not_selected
delivery.unit1.value_per_delivery_action,delivery_feasibility,153,0.0,1436.5,0.14019337016574585,current_legal_observation,provisional_not_selected
delivery.unit2.active,delivery_feasibility,2,0.0,1.0,0.8052486187845304,current_legal_observation,provisional_not_selected
delivery.unit2.shed_distance,delivery_feasibility,9,0.0,8.0,0.7645027624309392,current_legal_observation,provisional_not_selected
delivery.unit2.carried_units,delivery_feasibility,9,0.0,24.0,0.11256906077348067,current_legal_observation,provisional_not_selected
delivery.unit2.conditional_sale_value,delivery_feasibility,89,0.0,2873.0,0.11256906077348067,current_legal_observation,provisional_not_selected
delivery.unit2.dump_loss_before_market,delivery_feasibility,1,0.0,0.0,0.0,current_legal_observation,coverage_gap_constant
delivery.unit2.delivery_refresh_slack,delivery_feasibility,24,-5.0,19.0,0.7272099447513812,current_legal_observation,provisional_not_selected
delivery.unit2.delivery_terminal_slack,delivery_feasibility,214,0.0,713.0,0.8045580110497238,current_legal_observation,provisional_not_selected
delivery.unit2.value_per_delivery_action,delivery_feasibility,111,0.0,1436.5,0.11256906077348067,current_legal_observation,provisional_not_selected
delivery.unit3.active,delivery_feasibility,2,0.0,1.0,0.18093922651933703,current_legal_observation,provisional_not_selected
delivery.unit3.shed_distance,delivery_feasibility,9,0.0,8.0,0.15124309392265192,current_legal_observation,provisional_not_selected
delivery.unit3.carried_units,delivery_feasibility,5,0.0,12.0,0.03038674033149171,current_legal_observation,provisional_not_selected
delivery.unit3.conditional_sale_value,delivery_feasibility,28,0.0,2724.0,0.03038674033149171,current_legal_observation,provisional_not_selected
delivery.unit3.dump_loss_before_market,delivery_feasibility,1,0.0,0.0,0.0,current_legal_observation,coverage_gap_constant
delivery.unit3.delivery_refresh_slack,delivery_feasibility,21,-5.0,19.0,0.17403314917127072,current_legal_observation,provisional_not_selected
delivery.unit3.delivery_terminal_slack,delivery_feasibility,77,0.0,714.0,0.18093922651933703,current_legal_observation,provisional_not_selected
delivery.unit3.value_per_delivery_action,delivery_feasibility,29,0.0,681.0,0.03038674033149171,current_legal_observation,provisional_not_selected
own.timing.WHEAT.capped_ready_tiles,crop_resource_timing,1,0.0,0.0,0.0,current_legal_observation,coverage_gap_constant
own.timing.WHEAT.avoidable_wait_unit_days,crop_resource_timing,1,0.0,0.0,0.0,current_legal_observation,coverage_gap_constant
own.timing.WHEAT.water_now_increment_units,crop_resource_timing,7,0.0,6.0,0.05110497237569061,current_legal_observation,provisional_not_selected
own.timing.WHEAT.refresh_yield_saved_by_water,crop_resource_timing,7,0.0,6.0,0.0738950276243094,current_legal_observation,provisional_not_selected
own.timing.WHEAT.refresh_increment_from_fertilizer_given_water,crop_resource_timing,7,0.0,6.0,0.05110497237569061,current_legal_observation,provisional_not_selected
own.timing.WHEAT.next_refresh_production_events,crop_resource_timing,1,0.0,0.0,0.0,current_legal_observation,coverage_gap_constant
own.timing.WHEAT.ready_units_with_active_delivery_route,crop_resource_timing,13,0.0,13.0,0.10911602209944751,current_legal_observation,provisional_not_selected
own.timing.WHEAT.ready_units_without_terminal_route,crop_resource_timing,1,0.0,0.0,0.0,current_legal_observation,coverage_gap_constant
own.timing.WHEAT.water_death_tasks_unreachable_today,crop_resource_timing,1,0.0,0.0,0.0,current_legal_observation,coverage_gap_constant
own.timing.WHEAT.decay_within_two_actions,crop_resource_timing,1,0.0,0.0,0.0,current_legal_observation,coverage_gap_constant
own.timing.WHEAT.present,crop_resource_timing,2,0.0,1.0,0.1484806629834254,current_legal_observation,provisional_not_selected
own.timing.WHEAT.first_maturity_actions,crop_resource_timing,12,0.0,719.0,0.8791436464088398,current_legal_observation,provisional_not_selected
own.timing.WHEAT.known_decay_present,crop_resource_timing,2,0.0,1.0,0.1484806629834254,current_legal_observation,provisional_not_selected
own.timing.WHEAT.first_decay_actions,crop_resource_timing,29,4.0,719.0,1.0,current_legal_observation,provisional_not_selected
own.timing.WHEAT.mean_worker_distance,crop_resource_timing,36,0.0,5.0,0.14502762430939226,current_legal_observation,provisional_not_selected
own.timing.CARROT.capped_ready_tiles,crop_resource_timing,1,0.0,0.0,0.0,current_legal_observation,coverage_gap_constant
own.timing.CARROT.avoidable_wait_unit_days,crop_resource_timing,1,0.0,0.0,0.0,current_legal_observation,coverage_gap_constant
own.timing.CARROT.water_now_increment_units,crop_resource_timing,6,0.0,5.0,0.04834254143646409,current_legal_observation,provisional_not_selected
own.timing.CARROT.refresh_yield_saved_by_water,crop_resource_timing,6,0.0,5.0,0.06629834254143646,current_legal_observation,provisional_not_selected
own.timing.CARROT.refresh_increment_from_fertilizer_given_water,crop_resource_timing,6,0.0,5.0,0.04834254143646409,current_legal_observation,provisional_not_selected
own.timing.CARROT.next_refresh_production_events,crop_resource_timing,1,0.0,0.0,0.0,current_legal_observation,coverage_gap_constant
own.timing.CARROT.ready_units_with_active_delivery_route,crop_resource_timing,11,0.0,10.0,0.1111878453038674,current_legal_observation,provisional_not_selected
own.timing.CARROT.ready_units_without_terminal_route,crop_resource_timing,1,0.0,0.0,0.0,current_legal_observation,coverage_gap_constant
own.timing.CARROT.water_death_tasks_unreachable_today,crop_resource_timing,1,0.0,0.0,0.0,current_legal_observation,coverage_gap_constant
own.timing.CARROT.decay_within_two_actions,crop_resource_timing,1,0.0,0.0,0.0,current_legal_observation,coverage_gap_constant
own.timing.CARROT.present,crop_resource_timing,2,0.0,1.0,0.15124309392265192,current_legal_observation,provisional_not_selected
own.timing.CARROT.first_maturity_actions,crop_resource_timing,12,0.0,719.0,0.8763812154696132,current_legal_observation,provisional_not_selected
own.timing.CARROT.known_decay_present,crop_resource_timing,2,0.0,1.0,0.15124309392265192,current_legal_observation,provisional_not_selected
own.timing.CARROT.first_decay_actions,crop_resource_timing,20,16.0,719.0,1.0,current_legal_observation,provisional_not_selected
own.timing.CARROT.mean_worker_distance,crop_resource_timing,41,0.0,5.0,0.14709944751381215,current_legal_observation,provisional_not_selected
own.timing.TOMATO.capped_ready_tiles,crop_resource_timing,1,0.0,0.0,0.0,current_legal_observation,coverage_gap_constant
own.timing.TOMATO.avoidable_wait_unit_days,crop_resource_timing,1,0.0,0.0,0.0,current_legal_observation,coverage_gap_constant
own.timing.TOMATO.water_now_increment_units,crop_resource_timing,1,0.0,0.0,0.0,current_legal_observation,coverage_gap_constant
own.timing.TOMATO.refresh_yield_saved_by_water,crop_resource_timing,1,0.0,0.0,0.0,current_legal_observation,coverage_gap_constant
own.timing.TOMATO.refresh_increment_from_fertilizer_given_water,crop_resource_timing,1,0.0,0.0,0.0,current_legal_observation,coverage_gap_constant
own.timing.TOMATO.next_refresh_production_events,crop_resource_timing,1,0.0,0.0,0.0,current_legal_observation,coverage_gap_constant
own.timing.TOMATO.ready_units_with_active_delivery_route,crop_resource_timing,1,0.0,0.0,0.0,current_legal_observation,coverage_gap_constant
own.timing.TOMATO.ready_units_without_terminal_route,crop_resource_timing,1,0.0,0.0,0.0,current_legal_observation,coverage_gap_constant
own.timing.TOMATO.water_death_tasks_unreachable_today,crop_resource_timing,1,0.0,0.0,0.0,current_legal_observation,coverage_gap_constant
own.timing.TOMATO.decay_within_two_actions,crop_resource_timing,1,0.0,0.0,0.0,current_legal_observation,coverage_gap_constant
own.timing.TOMATO.present,crop_resource_timing,1,0.0,0.0,0.0,current_legal_observation,coverage_gap_constant
own.timing.TOMATO.first_maturity_actions,crop_resource_timing,1,719.0,719.0,1.0,current_legal_observation,coverage_gap_constant
own.timing.TOMATO.known_decay_present,crop_resource_timing,1,0.0,0.0,0.0,current_legal_observation,coverage_gap_constant
own.timing.TOMATO.first_decay_actions,crop_resource_timing,1,719.0,719.0,1.0,current_legal_observation,coverage_gap_constant
own.timing.TOMATO.mean_worker_distance,crop_resource_timing,1,0.0,0.0,0.0,current_legal_observation,coverage_gap_constant
own.timing.STRAWBERRY.capped_ready_tiles,crop_resource_timing,1,0.0,0.0,0.0,current_legal_observation,coverage_gap_constant
own.timing.STRAWBERRY.avoidable_wait_unit_days,crop_resource_timing,1,0.0,0.0,0.0,current_legal_observation,coverage_gap_constant
own.timing.STRAWBERRY.water_now_increment_units,crop_resource_timing,1,0.0,0.0,0.0,current_legal_observation,coverage_gap_constant
own.timing.STRAWBERRY.refresh_yield_saved_by_water,crop_resource_timing,16,0.0,24.0,0.06906077348066299,current_legal_observation,provisional_not_selected
own.timing.STRAWBERRY.refresh_increment_from_fertilizer_given_water,crop_resource_timing,9,0.0,12.0,0.23204419889502761,current_legal_observation,provisional_not_selected
own.timing.STRAWBERRY.next_refresh_production_events,crop_resource_timing,9,0.0,12.0,0.2983425414364641,current_legal_observation,provisional_not_selected
own.timing.STRAWBERRY.ready_units_with_active_delivery_route,crop_resource_timing,56,0.0,66.0,0.2451657458563536,current_legal_observation,provisional_not_selected
own.timing.STRAWBERRY.ready_units_without_terminal_route,crop_resource_timing,4,0.0,12.0,0.013121546961325966,current_legal_observation,provisional_not_selected
own.timing.STRAWBERRY.water_death_tasks_unreachable_today,crop_resource_timing,3,0.0,2.0,0.0055248618784530384,current_legal_observation,provisional_not_selected
own.timing.STRAWBERRY.decay_within_two_actions,crop_resource_timing,8,0.0,12.0,0.016574585635359115,current_legal_observation,provisional_not_selected
own.timing.STRAWBERRY.present,crop_resource_timing,2,0.0,1.0,0.6125690607734806,current_legal_observation,provisional_not_selected
own.timing.STRAWBERRY.first_maturity_actions,crop_resource_timing,58,0.0,719.0,0.6961325966850829,current_legal_observation,provisional_not_selected
own.timing.STRAWBERRY.known_decay_present,crop_resource_timing,2,0.0,1.0,0.10497237569060773,current_legal_observation,provisional_not_selected
own.timing.STRAWBERRY.first_decay_actions,crop_resource_timing,9,0.0,719.0,0.9834254143646409,current_legal_observation,provisional_not_selected
own.timing.STRAWBERRY.mean_worker_distance,crop_resource_timing,107,0.0,6.0,0.611878453038674,current_legal_observation,provisional_not_selected
own.timing.MELON.capped_ready_tiles,crop_resource_timing,4,0.0,3.0,0.04558011049723757,current_legal_observation,provisional_not_selected
own.timing.MELON.avoidable_wait_unit_days,crop_resource_timing,4,0.0,18.0,0.04558011049723757,current_legal_observation,provisional_not_selected
own.timing.MELON.water_now_increment_units,crop_resource_timing,18,0.0,25.0,0.25,current_legal_observation,provisional_not_selected
own.timing.MELON.refresh_yield_saved_by_water,crop_resource_timing,19,0.0,60.0,0.27624309392265195,current_legal_observation,provisional_not_selected
own.timing.MELON.refresh_increment_from_fertilizer_given_water,crop_resource_timing,9,0.0,25.0,0.17679558011049723,current_legal_observation,provisional_not_selected
own.timing.MELON.next_refresh_production_events,crop_resource_timing,1,0.0,0.0,0.0,current_legal_observation,coverage_gap_constant
own.timing.MELON.ready_units_with_active_delivery_route,crop_resource_timing,14,0.0,125.0,0.07044198895027624,current_legal_observation,provisional_not_selected
own.timing.MELON.ready_units_without_terminal_route,crop_resource_timing,1,0.0,0.0,0.0,current_legal_observation,coverage_gap_constant
own.timing.MELON.water_death_tasks_unreachable_today,crop_resource_timing,1,0.0,0.0,0.0,current_legal_observation,coverage_gap_constant
own.timing.MELON.decay_within_two_actions,crop_resource_timing,1,0.0,0.0,0.0,current_legal_observation,coverage_gap_constant
own.timing.MELON.present,crop_resource_timing,2,0.0,1.0,0.6740331491712708,current_legal_observation,provisional_not_selected
own.timing.MELON.first_maturity_actions,crop_resource_timing,61,0.0,719.0,0.9212707182320442,current_legal_observation,provisional_not_selected
own.timing.MELON.known_decay_present,crop_resource_timing,2,0.0,1.0,0.6740331491712708,current_legal_observation,provisional_not_selected
own.timing.MELON.first_decay_actions,crop_resource_timing,72,28.0,719.0,1.0,current_legal_observation,provisional_not_selected
own.timing.MELON.mean_worker_distance,crop_resource_timing,38,0.0,4.111111111111111,0.6685082872928176,current_legal_observation,provisional_not_selected
own.husbandry.GOOSE.escape_prevented_by_feed,animal_feed_care_interactions,1,0.0,0.0,0.0,current_legal_observation,coverage_gap_constant
own.husbandry.GOOSE.refresh_units_saved_by_feed,animal_feed_care_interactions,1,0.0,0.0,0.0,current_legal_observation,coverage_gap_constant
own.husbandry.GOOSE.care_bank_marginal,animal_feed_care_interactions,1,0.0,0.0,0.0,current_legal_observation,coverage_gap_constant
own.husbandry.GOOSE.next_production_events,animal_feed_care_interactions,1,0.0,0.0,0.0,current_legal_observation,coverage_gap_constant
own.husbandry.GOOSE.cap_headroom,animal_feed_care_interactions,1,0.0,0.0,0.0,current_legal_observation,coverage_gap_constant
own.husbandry.GOOSE.banked_bonus_at_risk_if_unfed,animal_feed_care_interactions,1,0.0,0.0,0.0,current_legal_observation,coverage_gap_constant
own.husbandry.GOOSE.next_fed_production_saturation,animal_feed_care_interactions,1,0.0,0.0,0.0,current_legal_observation,coverage_gap_constant
own.husbandry.COW.escape_prevented_by_feed,animal_feed_care_interactions,1,0.0,0.0,0.0,current_legal_observation,coverage_gap_constant
own.husbandry.COW.refresh_units_saved_by_feed,animal_feed_care_interactions,1,0.0,0.0,0.0,current_legal_observation,coverage_gap_constant
own.husbandry.COW.care_bank_marginal,animal_feed_care_interactions,1,0.0,0.0,0.0,current_legal_observation,coverage_gap_constant
own.husbandry.COW.next_production_events,animal_feed_care_interactions,1,0.0,0.0,0.0,current_legal_observation,coverage_gap_constant
own.husbandry.COW.cap_headroom,animal_feed_care_interactions,1,0.0,0.0,0.0,current_legal_observation,coverage_gap_constant
own.husbandry.COW.banked_bonus_at_risk_if_unfed,animal_feed_care_interactions,1,0.0,0.0,0.0,current_legal_observation,coverage_gap_constant
own.husbandry.COW.next_fed_production_saturation,animal_feed_care_interactions,1,0.0,0.0,0.0,current_legal_observation,coverage_gap_constant
own.husbandry.SHEEP.escape_prevented_by_feed,animal_feed_care_interactions,1,0.0,0.0,0.0,current_legal_observation,coverage_gap_constant
own.husbandry.SHEEP.refresh_units_saved_by_feed,animal_feed_care_interactions,1,0.0,0.0,0.0,current_legal_observation,coverage_gap_constant
own.husbandry.SHEEP.care_bank_marginal,animal_feed_care_interactions,1,0.0,0.0,0.0,current_legal_observation,coverage_gap_constant
own.husbandry.SHEEP.next_production_events,animal_feed_care_interactions,1,0.0,0.0,0.0,current_legal_observation,coverage_gap_constant
own.husbandry.SHEEP.cap_headroom,animal_feed_care_interactions,1,0.0,0.0,0.0,current_legal_observation,coverage_gap_constant
own.husbandry.SHEEP.banked_bonus_at_risk_if_unfed,animal_feed_care_interactions,1,0.0,0.0,0.0,current_legal_observation,coverage_gap_constant
own.husbandry.SHEEP.next_fed_production_saturation,animal_feed_care_interactions,1,0.0,0.0,0.0,current_legal_observation,coverage_gap_constant
opponent.timing.WHEAT.capped_ready_tiles,crop_resource_timing,1,0.0,0.0,0.0,current_legal_observation,coverage_gap_constant
opponent.timing.WHEAT.avoidable_wait_unit_days,crop_resource_timing,1,0.0,0.0,0.0,current_legal_observation,coverage_gap_constant
opponent.timing.WHEAT.water_now_increment_units,crop_resource_timing,7,0.0,6.0,0.04488950276243094,current_legal_observation,provisional_not_selected
opponent.timing.WHEAT.refresh_yield_saved_by_water,crop_resource_timing,7,0.0,6.0,0.06146408839779006,current_legal_observation,provisional_not_selected
opponent.timing.WHEAT.refresh_increment_from_fertilizer_given_water,crop_resource_timing,7,0.0,6.0,0.04488950276243094,current_legal_observation,provisional_not_selected
opponent.timing.WHEAT.next_refresh_production_events,crop_resource_timing,1,0.0,0.0,0.0,current_legal_observation,coverage_gap_constant
opponent.timing.WHEAT.ready_units_with_active_delivery_route,crop_resource_timing,14,0.0,13.0,0.10220994475138122,current_legal_observation,provisional_not_selected
opponent.timing.WHEAT.ready_units_without_terminal_route,crop_resource_timing,1,0.0,0.0,0.0,current_legal_observation,coverage_gap_constant
opponent.timing.WHEAT.water_death_tasks_unreachable_today,crop_resource_timing,1,0.0,0.0,0.0,current_legal_observation,coverage_gap_constant
opponent.timing.WHEAT.decay_within_two_actions,crop_resource_timing,1,0.0,0.0,0.0,current_legal_observation,coverage_gap_constant
opponent.timing.WHEAT.present,crop_resource_timing,2,0.0,1.0,0.14709944751381215,current_legal_observation,provisional_not_selected
opponent.timing.WHEAT.first_maturity_actions,crop_resource_timing,12,0.0,719.0,0.8846685082872928,current_legal_observation,provisional_not_selected
opponent.timing.WHEAT.known_decay_present,crop_resource_timing,2,0.0,1.0,0.14709944751381215,current_legal_observation,provisional_not_selected
opponent.timing.WHEAT.first_decay_actions,crop_resource_timing,27,12.0,719.0,1.0,current_legal_observation,provisional_not_selected
opponent.timing.WHEAT.mean_worker_distance,crop_resource_timing,46,0.0,5.0,0.14502762430939226,current_legal_observation,provisional_not_selected
opponent.timing.CARROT.capped_ready_tiles,crop_resource_timing,1,0.0,0.0,0.0,current_legal_observation,coverage_gap_constant
opponent.timing.CARROT.avoidable_wait_unit_days,crop_resource_timing,1,0.0,0.0,0.0,current_legal_observation,coverage_gap_constant
opponent.timing.CARROT.water_now_increment_units,crop_resource_timing,7,0.0,6.0,0.04765193370165746,current_legal_observation,provisional_not_selected
opponent.timing.CARROT.refresh_yield_saved_by_water,crop_resource_timing,7,0.0,6.0,0.06560773480662983,current_legal_observation,provisional_not_selected
opponent.timing.CARROT.refresh_increment_from_fertilizer_given_water,crop_resource_timing,7,0.0,6.0,0.04765193370165746,current_legal_observation,provisional_not_selected
opponent.timing.CARROT.next_refresh_production_events,crop_resource_timing,1,0.0,0.0,0.0,current_legal_observation,coverage_gap_constant
opponent.timing.CARROT.ready_units_with_active_delivery_route,crop_resource_timing,11,0.0,10.0,0.10290055248618785,current_legal_observation,provisional_not_selected
opponent.timing.CARROT.ready_units_without_terminal_route,crop_resource_timing,1,0.0,0.0,0.0,current_legal_observation,coverage_gap_constant
opponent.timing.CARROT.water_death_tasks_unreachable_today,crop_resource_timing,1,0.0,0.0,0.0,current_legal_observation,coverage_gap_constant
opponent.timing.CARROT.decay_within_two_actions,crop_resource_timing,1,0.0,0.0,0.0,current_legal_observation,coverage_gap_constant
opponent.timing.CARROT.present,crop_resource_timing,2,0.0,1.0,0.14986187845303867,current_legal_observation,provisional_not_selected
opponent.timing.CARROT.first_maturity_actions,crop_resource_timing,12,0.0,719.0,0.8853591160220995,current_legal_observation,provisional_not_selected
opponent.timing.CARROT.known_decay_present,crop_resource_timing,2,0.0,1.0,0.14986187845303867,current_legal_observation,provisional_not_selected
opponent.timing.CARROT.first_decay_actions,crop_resource_timing,20,16.0,719.0,1.0,current_legal_observation,provisional_not_selected
opponent.timing.CARROT.mean_worker_distance,crop_resource_timing,49,0.0,5.0,0.1464088397790055,current_legal_observation,provisional_not_selected
opponent.timing.TOMATO.capped_ready_tiles,crop_resource_timing,1,0.0,0.0,0.0,current_legal_observation,coverage_gap_constant
opponent.timing.TOMATO.avoidable_wait_unit_days,crop_resource_timing,1,0.0,0.0,0.0,current_legal_observation,coverage_gap_constant
opponent.timing.TOMATO.water_now_increment_units,crop_resource_timing,1,0.0,0.0,0.0,current_legal_observation,coverage_gap_constant
opponent.timing.TOMATO.refresh_yield_saved_by_water,crop_resource_timing,1,0.0,0.0,0.0,current_legal_observation,coverage_gap_constant
opponent.timing.TOMATO.refresh_increment_from_fertilizer_given_water,crop_resource_timing,1,0.0,0.0,0.0,current_legal_observation,coverage_gap_constant
opponent.timing.TOMATO.next_refresh_production_events,crop_resource_timing,1,0.0,0.0,0.0,current_legal_observation,coverage_gap_constant
opponent.timing.TOMATO.ready_units_with_active_delivery_route,crop_resource_timing,1,0.0,0.0,0.0,current_legal_observation,coverage_gap_constant
opponent.timing.TOMATO.ready_units_without_terminal_route,crop_resource_timing,1,0.0,0.0,0.0,current_legal_observation,coverage_gap_constant
opponent.timing.TOMATO.water_death_tasks_unreachable_today,crop_resource_timing,1,0.0,0.0,0.0,current_legal_observation,coverage_gap_constant
opponent.timing.TOMATO.decay_within_two_actions,crop_resource_timing,1,0.0,0.0,0.0,current_legal_observation,coverage_gap_constant
opponent.timing.TOMATO.present,crop_resource_timing,1,0.0,0.0,0.0,current_legal_observation,coverage_gap_constant
opponent.timing.TOMATO.first_maturity_actions,crop_resource_timing,1,719.0,719.0,1.0,current_legal_observation,coverage_gap_constant
opponent.timing.TOMATO.known_decay_present,crop_resource_timing,1,0.0,0.0,0.0,current_legal_observation,coverage_gap_constant
opponent.timing.TOMATO.first_decay_actions,crop_resource_timing,1,719.0,719.0,1.0,current_legal_observation,coverage_gap_constant
opponent.timing.TOMATO.mean_worker_distance,crop_resource_timing,1,0.0,0.0,0.0,current_legal_observation,coverage_gap_constant
opponent.timing.STRAWBERRY.capped_ready_tiles,crop_resource_timing,1,0.0,0.0,0.0,current_legal_observation,coverage_gap_constant
opponent.timing.STRAWBERRY.avoidable_wait_unit_days,crop_resource_timing,1,0.0,0.0,0.0,current_legal_observation,coverage_gap_constant
opponent.timing.STRAWBERRY.water_now_increment_units,crop_resource_timing,1,0.0,0.0,0.0,current_legal_observation,coverage_gap_constant
opponent.timing.STRAWBERRY.refresh_yield_saved_by_water,crop_resource_timing,16,0.0,24.0,0.04212707182320442,current_legal_observation,provisional_not_selected
opponent.timing.STRAWBERRY.refresh_increment_from_fertilizer_given_water,crop_resource_timing,12,0.0,12.0,0.23204419889502761,current_legal_observation,provisional_not_selected
opponent.timing.STRAWBERRY.next_refresh_production_events,crop_resource_timing,12,0.0,12.0,0.2983425414364641,current_legal_observation,provisional_not_selected
opponent.timing.STRAWBERRY.ready_units_with_active_delivery_route,crop_resource_timing,57,0.0,66.0,0.24447513812154695,current_legal_observation,provisional_not_selected
opponent.timing.STRAWBERRY.ready_units_without_terminal_route,crop_resource_timing,4,0.0,12.0,0.013121546961325966,current_legal_observation,provisional_not_selected
opponent.timing.STRAWBERRY.water_death_tasks_unreachable_today,crop_resource_timing,3,0.0,2.0,0.0027624309392265192,current_legal_observation,provisional_not_selected
opponent.timing.STRAWBERRY.decay_within_two_actions,crop_resource_timing,11,0.0,12.0,0.016574585635359115,current_legal_observation,provisional_not_selected
opponent.timing.STRAWBERRY.present,crop_resource_timing,2,0.0,1.0,0.6132596685082873,current_legal_observation,provisional_not_selected
opponent.timing.STRAWBERRY.first_maturity_actions,crop_resource_timing,58,0.0,719.0,0.6961325966850829,current_legal_observation,provisional_not_selected
opponent.timing.STRAWBERRY.known_decay_present,crop_resource_timing,2,0.0,1.0,0.10497237569060773,current_legal_observation,provisional_not_selected
opponent.timing.STRAWBERRY.first_decay_actions,crop_resource_timing,9,0.0,719.0,0.9861878453038674,current_legal_observation,provisional_not_selected
opponent.timing.STRAWBERRY.mean_worker_distance,crop_resource_timing,141,0.0,6.5,0.6125690607734806,current_legal_observation,provisional_not_selected
opponent.timing.MELON.capped_ready_tiles,crop_resource_timing,4,0.0,3.0,0.03660220994475138,current_legal_observation,provisional_not_selected
opponent.timing.MELON.avoidable_wait_unit_days,crop_resource_timing,5,0.0,24.0,0.03660220994475138,current_legal_observation,provisional_not_selected
opponent.timing.MELON.water_now_increment_units,crop_resource_timing,21,0.0,25.0,0.2513812154696133,current_legal_observation,provisional_not_selected
opponent.timing.MELON.refresh_yield_saved_by_water,crop_resource_timing,23,0.0,78.0,0.27417127071823205,current_legal_observation,provisional_not_selected
opponent.timing.MELON.refresh_increment_from_fertilizer_given_water,crop_resource_timing,11,0.0,25.0,0.17679558011049723,current_legal_observation,provisional_not_selected
opponent.timing.MELON.next_refresh_production_events,crop_resource_timing,1,0.0,0.0,0.0,current_legal_observation,coverage_gap_constant
opponent.timing.MELON.ready_units_with_active_delivery_route,crop_resource_timing,19,0.0,125.0,0.06837016574585636,current_legal_observation,provisional_not_selected
opponent.timing.MELON.ready_units_without_terminal_route,crop_resource_timing,1,0.0,0.0,0.0,current_legal_observation,coverage_gap_constant
opponent.timing.MELON.water_death_tasks_unreachable_today,crop_resource_timing,1,0.0,0.0,0.0,current_legal_observation,coverage_gap_constant
opponent.timing.MELON.decay_within_two_actions,crop_resource_timing,1,0.0,0.0,0.0,current_legal_observation,coverage_gap_constant
opponent.timing.MELON.present,crop_resource_timing,2,0.0,1.0,0.6740331491712708,current_legal_observation,provisional_not_selected
opponent.timing.MELON.first_maturity_actions,crop_resource_timing,61,0.0,719.0,0.9219613259668509,current_legal_observation,provisional_not_selected
opponent.timing.MELON.known_decay_present,crop_resource_timing,2,0.0,1.0,0.6740331491712708,current_legal_observation,provisional_not_selected
opponent.timing.MELON.first_decay_actions,crop_resource_timing,72,28.0,719.0,1.0,current_legal_observation,provisional_not_selected
opponent.timing.MELON.mean_worker_distance,crop_resource_timing,51,0.0,4.6,0.6685082872928176,current_legal_observation,provisional_not_selected
opponent.husbandry.GOOSE.escape_prevented_by_feed,animal_feed_care_interactions,1,0.0,0.0,0.0,current_legal_observation,coverage_gap_constant
opponent.husbandry.GOOSE.refresh_units_saved_by_feed,animal_feed_care_interactions,1,0.0,0.0,0.0,current_legal_observation,coverage_gap_constant
opponent.husbandry.GOOSE.care_bank_marginal,animal_feed_care_interactions,1,0.0,0.0,0.0,current_legal_observation,coverage_gap_constant
opponent.husbandry.GOOSE.next_production_events,animal_feed_care_interactions,1,0.0,0.0,0.0,current_legal_observation,coverage_gap_constant
opponent.husbandry.GOOSE.cap_headroom,animal_feed_care_interactions,1,0.0,0.0,0.0,current_legal_observation,coverage_gap_constant
opponent.husbandry.GOOSE.banked_bonus_at_risk_if_unfed,animal_feed_care_interactions,1,0.0,0.0,0.0,current_legal_observation,coverage_gap_constant
opponent.husbandry.GOOSE.next_fed_production_saturation,animal_feed_care_interactions,1,0.0,0.0,0.0,current_legal_observation,coverage_gap_constant
opponent.husbandry.COW.escape_prevented_by_feed,animal_feed_care_interactions,1,0.0,0.0,0.0,current_legal_observation,coverage_gap_constant
opponent.husbandry.COW.refresh_units_saved_by_feed,animal_feed_care_interactions,1,0.0,0.0,0.0,current_legal_observation,coverage_gap_constant
opponent.husbandry.COW.care_bank_marginal,animal_feed_care_interactions,1,0.0,0.0,0.0,current_legal_observation,coverage_gap_constant
opponent.husbandry.COW.next_production_events,animal_feed_care_interactions,1,0.0,0.0,0.0,current_legal_observation,coverage_gap_constant
opponent.husbandry.COW.cap_headroom,animal_feed_care_interactions,1,0.0,0.0,0.0,current_legal_observation,coverage_gap_constant
opponent.husbandry.COW.banked_bonus_at_risk_if_unfed,animal_feed_care_interactions,1,0.0,0.0,0.0,current_legal_observation,coverage_gap_constant
opponent.husbandry.COW.next_fed_production_saturation,animal_feed_care_interactions,1,0.0,0.0,0.0,current_legal_observation,coverage_gap_constant
opponent.husbandry.SHEEP.escape_prevented_by_feed,animal_feed_care_interactions,1,0.0,0.0,0.0,current_legal_observation,coverage_gap_constant
opponent.husbandry.SHEEP.refresh_units_saved_by_feed,animal_feed_care_interactions,1,0.0,0.0,0.0,current_legal_observation,coverage_gap_constant
opponent.husbandry.SHEEP.care_bank_marginal,animal_feed_care_interactions,1,0.0,0.0,0.0,current_legal_observation,coverage_gap_constant
opponent.husbandry.SHEEP.next_production_events,animal_feed_care_interactions,1,0.0,0.0,0.0,current_legal_observation,coverage_gap_constant
opponent.husbandry.SHEEP.cap_headroom,animal_feed_care_interactions,1,0.0,0.0,0.0,current_legal_observation,coverage_gap_constant
opponent.husbandry.SHEEP.banked_bonus_at_risk_if_unfed,animal_feed_care_interactions,1,0.0,0.0,0.0,current_legal_observation,coverage_gap_constant
opponent.husbandry.SHEEP.next_fed_production_saturation,animal_feed_care_interactions,1,0.0,0.0,0.0,current_legal_observation,coverage_gap_constant
pressure.WHEAT.own_held_and_ready_wave,market_supply_demand_interactions,19,0.0,19.0,0.12361878453038674,current_legal_observation,provisional_not_selected
pressure.WHEAT.opponent_visible_ready_units,market_supply_demand_interactions,14,0.0,13.0,0.11533149171270718,current_legal_observation,provisional_not_selected
pressure.WHEAT.wave_conditional_revenue,market_supply_demand_interactions,91,0.0,882.0,0.12361878453038674,current_legal_observation,provisional_not_selected
pressure.WHEAT.wave_average_price,market_supply_demand_interactions,43,0.0,50.0,0.12361878453038674,current_legal_observation,provisional_not_selected
pressure.WHEAT.wave_price_impact_cost,market_supply_demand_interactions,12,0.0,18.0,0.027624309392265192,current_legal_observation,provisional_not_selected
pressure.WHEAT.known_demand_next_day,market_supply_demand_interactions,25,0.0,43.0,0.994475138121547,current_legal_observation,provisional_not_selected
pressure.WHEAT.demand_only_next_day_price_change,market_supply_demand_interactions,3,0.0,2.0,0.675414364640884,current_legal_observation,provisional_not_selected
pressure.WHEAT.wave_minus_known_day_demand,market_supply_demand_interactions,32,-37.0,0.0,0.994475138121547,current_legal_observation,provisional_not_selected
pressure.WHEAT.visible_rival_supply_stress_price,market_supply_demand_interactions,27,25.0,51.0,1.0,current_legal_observation,provisional_not_selected
pressure.WHEAT.wave_revenue_after_rival_supply_stress,market_supply_demand_interactions,93,0.0,882.0,0.12361878453038674,current_legal_observation,provisional_not_selected
pressure.CARROT.own_held_and_ready_wave,market_supply_demand_interactions,16,0.0,15.0,0.12724447513812154,current_legal_observation,provisional_not_selected
pressure.CARROT.opponent_visible_ready_units,market_supply_demand_interactions,11,0.0,10.0,0.11464088397790055,current_legal_observation,provisional_not_selected
pressure.CARROT.wave_conditional_revenue,market_supply_demand_interactions,164,0.0,1554.0,0.12724447513812154,current_legal_observation,provisional_not_selected
pressure.CARROT.wave_average_price,market_supply_demand_interactions,150,0.0,152.5,0.12724447513812154,current_legal_observation,provisional_not_selected
pressure.CARROT.wave_price_impact_cost,market_supply_demand_interactions,31,0.0,42.0,0.09012430939226519,current_legal_observation,provisional_not_selected
pressure.CARROT.known_demand_next_day,market_supply_demand_interactions,26,0.0,43.0,0.994475138121547,current_legal_observation,provisional_not_selected
pressure.CARROT.demand_only_next_day_price_change,market_supply_demand_interactions,31,0.0,30.0,0.6187845303867403,current_legal_observation,provisional_not_selected
pressure.CARROT.wave_minus_known_day_demand,market_supply_demand_interactions,40,-43.0,0.0,0.994475138121547,current_legal_observation,provisional_not_selected
pressure.CARROT.visible_rival_supply_stress_price,market_supply_demand_interactions,92,35.0,161.0,1.0,current_legal_observation,provisional_not_selected
pressure.CARROT.wave_revenue_after_rival_supply_stress,market_supply_demand_interactions,167,0.0,1522.0,0.12724447513812154,current_legal_observation,provisional_not_selected
pressure.TOMATO.own_held_and_ready_wave,market_supply_demand_interactions,1,0.0,0.0,0.0,current_legal_observation,coverage_gap_constant
pressure.TOMATO.opponent_visible_ready_units,market_supply_demand_interactions,1,0.0,0.0,0.0,current_legal_observation,coverage_gap_constant
pressure.TOMATO.wave_conditional_revenue,market_supply_demand_interactions,1,0.0,0.0,0.0,current_legal_observation,coverage_gap_constant
pressure.TOMATO.wave_average_price,market_supply_demand_interactions,1,0.0,0.0,0.0,current_legal_observation,coverage_gap_constant
pressure.TOMATO.wave_price_impact_cost,market_supply_demand_interactions,1,0.0,0.0,0.0,current_legal_observation,coverage_gap_constant
pressure.TOMATO.known_demand_next_day,market_supply_demand_interactions,15,0.0,19.0,0.9910220994475138,current_legal_observation,provisional_not_selected
pressure.TOMATO.demand_only_next_day_price_change,market_supply_demand_interactions,20,0.0,19.0,0.46685082872928174,current_legal_observation,provisional_not_selected
pressure.TOMATO.wave_minus_known_day_demand,market_supply_demand_interactions,15,-19.0,0.0,0.9910220994475138,current_legal_observation,provisional_not_selected
pressure.TOMATO.visible_rival_supply_stress_price,market_supply_demand_interactions,55,60.0,144.0,1.0,current_legal_observation,provisional_not_selected
pressure.TOMATO.wave_revenue_after_rival_supply_stress,market_supply_demand_interactions,1,0.0,0.0,0.0,current_legal_observation,coverage_gap_constant
pressure.STRAWBERRY.own_held_and_ready_wave,market_supply_demand_interactions,50,0.0,74.0,0.3014502762430939,current_legal_observation,provisional_not_selected
pressure.STRAWBERRY.opponent_visible_ready_units,market_supply_demand_interactions,50,0.0,66.0,0.29972375690607733,current_legal_observation,provisional_not_selected
pressure.STRAWBERRY.wave_conditional_revenue,market_supply_demand_interactions,428,0.0,24889.0,0.3014502762430939,current_legal_observation,provisional_not_selected
pressure.STRAWBERRY.wave_average_price,market_supply_demand_interactions,425,0.0,336.3378378378378,0.3014502762430939,current_legal_observation,provisional_not_selected
pressure.STRAWBERRY.wave_price_impact_cost,market_supply_demand_interactions,259,0.0,930.0,0.29609806629834257,current_legal_observation,provisional_not_selected
pressure.STRAWBERRY.known_demand_next_day,market_supply_demand_interactions,28,0.0,43.0,0.994475138121547,current_legal_observation,provisional_not_selected
pressure.STRAWBERRY.demand_only_next_day_price_change,market_supply_demand_interactions,12,0.0,12.0,0.994475138121547,current_legal_observation,provisional_not_selected
pressure.STRAWBERRY.wave_minus_known_day_demand,market_supply_demand_interactions,65,-37.0,58.0,0.9932665745856354,current_legal_observation,provisional_not_selected
pressure.STRAWBERRY.visible_rival_supply_stress_price,market_supply_demand_interactions,197,120.0,336.0,1.0,current_legal_observation,provisional_not_selected
pressure.STRAWBERRY.wave_revenue_after_rival_supply_stress,market_supply_demand_interactions,442,0.0,24423.0,0.3014502762430939,current_legal_observation,provisional_not_selected
pressure.MELON.own_held_and_ready_wave,market_supply_demand_interactions,19,0.0,125.0,0.11049723756906077,current_legal_observation,provisional_not_selected
pressure.MELON.opponent_visible_ready_units,market_supply_demand_interactions,20,0.0,125.0,0.07803867403314917,current_legal_observation,provisional_not_selected
pressure.MELON.wave_conditional_revenue,market_supply_demand_interactions,32,0.0,26405.0,0.11049723756906077,current_legal_observation,provisional_not_selected
pressure.MELON.wave_average_price,market_supply_demand_interactions,28,0.0,211.24,0.11049723756906077,current_legal_observation,provisional_not_selected
pressure.MELON.wave_price_impact_cost,market_supply_demand_interactions,27,0.0,9791.0,0.08977900552486189,current_legal_observation,provisional_not_selected
pressure.MELON.known_demand_next_day,market_supply_demand_interactions,2,0.0,1.0,0.9668508287292817,current_legal_observation,provisional_not_selected
pressure.MELON.demand_only_next_day_price_change,market_supply_demand_interactions,6,0.0,6.0,0.9461325966850829,current_legal_observation,provisional_not_selected
pressure.MELON.wave_minus_known_day_demand,market_supply_demand_interactions,20,-1.0,124.0,0.9668508287292817,current_legal_observation,provisional_not_selected
pressure.MELON.visible_rival_supply_stress_price,market_supply_demand_interactions,30,1.0,271.0,1.0,current_legal_observation,provisional_not_selected
pressure.MELON.wave_revenue_after_rival_supply_stress,market_supply_demand_interactions,25,0.0,2815.0,0.11049723756906077,current_legal_observation,provisional_not_selected
pressure.EGG.own_held_and_ready_wave,market_supply_demand_interactions,1,0.0,0.0,0.0,current_legal_observation,coverage_gap_constant
pressure.EGG.opponent_visible_ready_units,market_supply_demand_interactions,1,0.0,0.0,0.0,current_legal_observation,coverage_gap_constant
pressure.EGG.wave_conditional_revenue,market_supply_demand_interactions,1,0.0,0.0,0.0,current_legal_observation,coverage_gap_constant
pressure.EGG.wave_average_price,market_supply_demand_interactions,1,0.0,0.0,0.0,current_legal_observation,coverage_gap_constant
pressure.EGG.wave_price_impact_cost,market_supply_demand_interactions,1,0.0,0.0,0.0,current_legal_observation,coverage_gap_constant
pressure.EGG.known_demand_next_day,market_supply_demand_interactions,18,0.0,31.0,0.9875690607734806,current_legal_observation,provisional_not_selected
pressure.EGG.demand_only_next_day_price_change,market_supply_demand_interactions,26,0.0,25.0,0.4993093922651934,current_legal_observation,provisional_not_selected
pressure.EGG.wave_minus_known_day_demand,market_supply_demand_interactions,18,-31.0,0.0,0.9875690607734806,current_legal_observation,provisional_not_selected
pressure.EGG.visible_rival_supply_stress_price,market_supply_demand_interactions,85,50.0,195.0,1.0,current_legal_observation,provisional_not_selected
pressure.EGG.wave_revenue_after_rival_supply_stress,market_supply_demand_interactions,1,0.0,0.0,0.0,current_legal_observation,coverage_gap_constant
pressure.MILK.own_held_and_ready_wave,market_supply_demand_interactions,1,0.0,0.0,0.0,current_legal_observation,coverage_gap_constant
pressure.MILK.opponent_visible_ready_units,market_supply_demand_interactions,1,0.0,0.0,0.0,current_legal_observation,coverage_gap_constant
pressure.MILK.wave_conditional_revenue,market_supply_demand_interactions,1,0.0,0.0,0.0,current_legal_observation,coverage_gap_constant
pressure.MILK.wave_average_price,market_supply_demand_interactions,1,0.0,0.0,0.0,current_legal_observation,coverage_gap_constant
pressure.MILK.wave_price_impact_cost,market_supply_demand_interactions,1,0.0,0.0,0.0,current_legal_observation,coverage_gap_constant
pressure.MILK.known_demand_next_day,market_supply_demand_interactions,15,0.0,19.0,0.994475138121547,current_legal_observation,provisional_not_selected
pressure.MILK.demand_only_next_day_price_change,market_supply_demand_interactions,11,0.0,10.0,0.9917127071823204,current_legal_observation,provisional_not_selected
pressure.MILK.wave_minus_known_day_demand,market_supply_demand_interactions,15,-19.0,0.0,0.994475138121547,current_legal_observation,provisional_not_selected
pressure.MILK.visible_rival_supply_stress_price,market_supply_demand_interactions,137,160.0,315.0,1.0,current_legal_observation,provisional_not_selected
pressure.MILK.wave_revenue_after_rival_supply_stress,market_supply_demand_interactions,1,0.0,0.0,0.0,current_legal_observation,coverage_gap_constant
pressure.WOOL.own_held_and_ready_wave,market_supply_demand_interactions,1,0.0,0.0,0.0,current_legal_observation,coverage_gap_constant
pressure.WOOL.opponent_visible_ready_units,market_supply_demand_interactions,1,0.0,0.0,0.0,current_legal_observation,coverage_gap_constant
pressure.WOOL.wave_conditional_revenue,market_supply_demand_interactions,1,0.0,0.0,0.0,current_legal_observation,coverage_gap_constant
pressure.WOOL.wave_average_price,market_supply_demand_interactions,1,0.0,0.0,0.0,current_legal_observation,coverage_gap_constant
pressure.WOOL.wave_price_impact_cost,market_supply_demand_interactions,1,0.0,0.0,0.0,current_legal_observation,coverage_gap_constant
pressure.WOOL.known_demand_next_day,market_supply_demand_interactions,12,0.0,25.0,0.9806629834254144,current_legal_observation,provisional_not_selected
pressure.WOOL.demand_only_next_day_price_change,market_supply_demand_interactions,9,0.0,9.0,0.6823204419889503,current_legal_observation,provisional_not_selected
pressure.WOOL.wave_minus_known_day_demand,market_supply_demand_interactions,12,-25.0,0.0,0.9806629834254144,current_legal_observation,provisional_not_selected
pressure.WOOL.visible_rival_supply_stress_price,market_supply_demand_interactions,44,200.0,254.0,1.0,current_legal_observation,provisional_not_selected
pressure.WOOL.wave_revenue_after_rival_supply_stress,market_supply_demand_interactions,1,0.0,0.0,0.0,current_legal_observation,coverage_gap_constant
pressure.FERTILIZER.own_held_and_ready_wave,market_supply_demand_interactions,1,0.0,0.0,0.0,current_legal_observation,coverage_gap_constant
pressure.FERTILIZER.opponent_visible_ready_units,market_supply_demand_interactions,1,0.0,0.0,0.0,current_legal_observation,coverage_gap_constant
pressure.FERTILIZER.wave_conditional_revenue,market_supply_demand_interactions,1,0.0,0.0,0.0,current_legal_observation,coverage_gap_constant
pressure.FERTILIZER.wave_average_price,market_supply_demand_interactions,1,0.0,0.0,0.0,current_legal_observation,coverage_gap_constant
pressure.FERTILIZER.wave_price_impact_cost,market_supply_demand_interactions,1,0.0,0.0,0.0,current_legal_observation,coverage_gap_constant
pressure.FERTILIZER.known_demand_next_day,market_supply_demand_interactions,1,0.0,0.0,0.0,current_legal_observation,coverage_gap_constant
pressure.FERTILIZER.demand_only_next_day_price_change,market_supply_demand_interactions,1,0.0,0.0,0.0,current_legal_observation,coverage_gap_constant
pressure.FERTILIZER.wave_minus_known_day_demand,market_supply_demand_interactions,1,0.0,0.0,0.0,current_legal_observation,coverage_gap_constant
pressure.FERTILIZER.visible_rival_supply_stress_price,market_supply_demand_interactions,1,100.0,100.0,1.0,current_legal_observation,coverage_gap_constant
pressure.FERTILIZER.wave_revenue_after_rival_supply_stress,market_supply_demand_interactions,1,0.0,0.0,0.0,current_legal_observation,coverage_gap_constant
interactions.water_bonus_under_overflow_pressure,cross_resource_interactions,6,0.0,25.0,0.027624309392265192,current_legal_observation,provisional_not_selected
interactions.capacity_pressure_per_worker,cross_resource_interactions,6,0.0,25.0,0.027624309392265192,current_legal_observation,provisional_not_selected
interactions.ready_units_per_worker_turn_today,cross_resource_interactions,170,0.0,5.208333333333333,0.3784530386740331,current_legal_observation,provisional_not_selected
interactions.terminal_carry_at_risk,cross_resource_interactions,1,0.0,0.0,0.0,current_legal_observation,coverage_gap_constant
history.lag1.available,causal_market_history,2,0.0,1.0,0.994475138121547,current_and_past_legal_observations,provisional_not_selected
history.lag1.cash_change,causal_market_history,37,-320.0,3687.0,0.07458563535911603,current_and_past_legal_observations,provisional_not_selected
history.lag1.WHEAT.inventory_change,causal_market_history,6,0.0,8.0,0.004834254143646409,current_and_past_legal_observations,provisional_not_selected
history.lag1.WHEAT.price_log_change,causal_market_history,2,-0.020202707317519466,0.0,0.0006906077348066298,current_and_past_legal_observations,provisional_not_selected
history.lag1.CARROT.inventory_change,causal_market_history,6,0.0,6.0,0.0036256906077348065,current_and_past_legal_observations,provisional_not_selected
history.lag1.CARROT.price_log_change,causal_market_history,7,-0.01967276559870478,0.0,0.0027624309392265192,current_and_past_legal_observations,provisional_not_selected
history.lag1.TOMATO.inventory_change,causal_market_history,1,0.0,0.0,0.0,current_and_past_legal_observations,coverage_gap_constant
history.lag1.TOMATO.price_log_change,causal_market_history,1,0.0,0.0,0.0,current_and_past_legal_observations,coverage_gap_constant
history.lag1.STRAWBERRY.inventory_change,causal_market_history,10,0.0,24.0,0.009841160220994474,current_and_past_legal_observations,provisional_not_selected
history.lag1.STRAWBERRY.price_log_change,causal_market_history,19,-0.032435275753153844,0.0,0.007424033149171271,current_and_past_legal_observations,provisional_not_selected
history.lag1.MELON.inventory_change,causal_market_history,6,0.0,24.0,0.012430939226519336,current_and_past_legal_observations,provisional_not_selected
history.lag1.MELON.price_log_change,causal_market_history,7,-3.2188758248682006,0.0,0.012430939226519336,current_and_past_legal_observations,provisional_not_selected
history.lag1.EGG.inventory_change,causal_market_history,1,0.0,0.0,0.0,current_and_past_legal_observations,coverage_gap_constant
history.lag1.EGG.price_log_change,causal_market_history,1,0.0,0.0,0.0,current_and_past_legal_observations,coverage_gap_constant
history.lag1.MILK.inventory_change,causal_market_history,1,0.0,0.0,0.0,current_and_past_legal_observations,coverage_gap_constant
history.lag1.MILK.price_log_change,causal_market_history,1,0.0,0.0,0.0,current_and_past_legal_observations,coverage_gap_constant
history.lag1.WOOL.inventory_change,causal_market_history,1,0.0,0.0,0.0,current_and_past_legal_observations,coverage_gap_constant
history.lag1.WOOL.price_log_change,causal_market_history,1,0.0,0.0,0.0,current_and_past_legal_observations,coverage_gap_constant
history.lag1.FERTILIZER.inventory_change,causal_market_history,1,0.0,0.0,0.0,current_and_past_legal_observations,coverage_gap_constant
history.lag1.FERTILIZER.price_log_change,causal_market_history,1,0.0,0.0,0.0,current_and_past_legal_observations,coverage_gap_constant
history.lag24.available,causal_market_history,2,0.0,1.0,0.9668508287292817,current_and_past_legal_observations,provisional_not_selected
history.lag24.cash_change,causal_market_history,430,-2004.0,19371.0,0.9666781767955801,current_and_past_legal_observations,provisional_not_selected
history.lag24.WHEAT.inventory_change,causal_market_history,44,-43.0,0.0,0.9668508287292817,current_and_past_legal_observations,provisional_not_selected
history.lag24.WHEAT.price_log_change,causal_market_history,29,0.0,0.07145896398214505,0.6733425414364641,current_and_past_legal_observations,provisional_not_selected
history.lag24.CARROT.inventory_change,causal_market_history,40,-43.0,0.0,0.9661602209944752,current_and_past_legal_observations,provisional_not_selected
history.lag24.CARROT.price_log_change,causal_market_history,150,0.0,0.16034265007517948,0.6022099447513812,current_and_past_legal_observations,provisional_not_selected
history.lag24.TOMATO.inventory_change,causal_market_history,20,-19.0,0.0,0.9668508287292817,current_and_past_legal_observations,provisional_not_selected
history.lag24.TOMATO.price_log_change,causal_market_history,93,0.0,0.14149956227369942,0.4675414364640884,current_and_past_legal_observations,provisional_not_selected
history.lag24.STRAWBERRY.inventory_change,causal_market_history,90,-43.0,81.0,0.9668508287292817,current_and_past_legal_observations,provisional_not_selected
history.lag24.STRAWBERRY.price_log_change,causal_market_history,562,-0.13762137787604772,0.08515780834030677,0.9654696132596685,current_and_past_legal_observations,provisional_not_selected
history.lag24.MELON.inventory_change,causal_market_history,26,-1.0,143.0,0.9513121546961326,current_and_past_legal_observations,provisional_not_selected
history.lag24.MELON.price_log_change,causal_market_history,45,-5.420534999272286,1.3862943611198906,0.9471685082872928,current_and_past_legal_observations,provisional_not_selected
history.lag24.EGG.inventory_change,causal_market_history,32,-31.0,0.0,0.9668508287292817,current_and_past_legal_observations,provisional_not_selected
history.lag24.EGG.price_log_change,causal_market_history,107,0.0,0.1451820098444979,0.4937845303867403,current_and_past_legal_observations,provisional_not_selected
history.lag24.MILK.inventory_change,causal_market_history,20,-19.0,0.0,0.9668508287292817,current_and_past_legal_observations,provisional_not_selected
history.lag24.MILK.price_log_change,causal_market_history,344,0.0,0.054724899689246466,0.9668508287292817,current_and_past_legal_observations,provisional_not_selected
history.lag24.WOOL.inventory_change,causal_market_history,14,-25.0,0.0,0.9668508287292817,current_and_past_legal_observations,provisional_not_selected
history.lag24.WOOL.price_log_change,causal_market_history,81,0.0,0.04063764573182626,0.6878453038674033,current_and_past_legal_observations,provisional_not_selected
history.lag24.FERTILIZER.inventory_change,causal_market_history,1,0.0,0.0,0.0,current_and_past_legal_observations,coverage_gap_constant
history.lag24.FERTILIZER.price_log_change,causal_market_history,1,0.0,0.0,0.0,current_and_past_legal_observations,coverage_gap_constant
market_plan.WHEAT.own_ready_units,post_decision_inventory,12,0.0,13.0,0.12085635359116022,current_legal_observation,provisional_not_selected
market_plan.WHEAT.rival_ready_units,post_decision_inventory,14,0.0,13.0,0.11533149171270718,current_legal_observation,provisional_not_selected
market_plan.WHEAT.shed_units,post_decision_inventory,6,0.0,12.0,0.009150552486187844,current_legal_observation,provisional_not_selected
market_plan.WHEAT.carried_units,post_decision_inventory,6,0.0,12.0,0.05179558011049724,current_legal_observation,provisional_not_selected
market_plan.WHEAT.conditional_quantity,post_decision_inventory,19,0.0,19.0,0.12361878453038674,current_legal_observation,provisional_not_selected
market_plan.WHEAT.rival_earliest_delivery,post_decision_inventory,8,1.0,719.0,1.0,current_legal_observation,provisional_not_selected
market_plan.WHEAT.immediate_revenue,post_decision_inventory,91,0.0,882.0,0.12361878453038674,current_legal_observation,provisional_not_selected
market_plan.WHEAT.h4.available,conditional_market_paths,2,0.0,1.0,0.988950276243094,current_legal_observation,provisional_not_selected
market_plan.WHEAT.h4.known_demand,conditional_market_paths,9,0.0,8.0,0.8439226519337016,current_legal_observation,provisional_not_selected
market_plan.WHEAT.h4.demand_only_inventory,conditional_market_paths,427,0.0,9999.0,0.988950276243094,current_legal_observation,provisional_not_selected
market_plan.WHEAT.h4.demand_only_price,conditional_market_paths,26,0.0,50.0,0.988950276243094,current_legal_observation,provisional_not_selected
market_plan.WHEAT.h4.quiet_revenue,conditional_market_paths,90,0.0,888.0,0.12361878453038674,current_legal_observation,provisional_not_selected
market_plan.WHEAT.h4.rival_stress_revenue,conditional_market_paths,101,0.0,885.0,0.12361878453038674,current_legal_observation,provisional_not_selected
market_plan.WHEAT.h4.rival_penalty,conditional_market_paths,9,0.0,8.0,0.029005524861878452,current_legal_observation,provisional_not_selected
market_plan.WHEAT.h4.quiet_holding_premium,conditional_market_paths,8,0.0,7.0,0.04834254143646409,current_legal_observation,provisional_not_selected
market_plan.WHEAT.h12.available,conditional_market_paths,2,0.0,1.0,0.9779005524861878,current_legal_observation,provisional_not_selected
market_plan.WHEAT.h12.known_demand,conditional_market_paths,16,0.0,22.0,0.8908839779005525,current_legal_observation,provisional_not_selected
market_plan.WHEAT.h12.demand_only_inventory,conditional_market_paths,430,0.0,9999.0,0.9779005524861878,current_legal_observation,provisional_not_selected
market_plan.WHEAT.h12.demand_only_price,conditional_market_paths,27,0.0,51.0,0.9779005524861878,current_legal_observation,provisional_not_selected
market_plan.WHEAT.h12.quiet_revenue,conditional_market_paths,78,0.0,900.0,0.12361878453038674,current_legal_observation,provisional_not_selected
market_plan.WHEAT.h12.rival_stress_revenue,conditional_market_paths,88,0.0,897.0,0.12361878453038674,current_legal_observation,provisional_not_selected
market_plan.WHEAT.h12.rival_penalty,conditional_market_paths,13,0.0,12.0,0.04350828729281768,current_legal_observation,provisional_not_selected
market_plan.WHEAT.h12.quiet_holding_premium,conditional_market_paths,16,0.0,18.0,0.0835635359116022,current_legal_observation,provisional_not_selected
market_plan.WHEAT.h24.available,conditional_market_paths,2,0.0,1.0,0.9613259668508287,current_legal_observation,provisional_not_selected
market_plan.WHEAT.h24.known_demand,conditional_market_paths,9,0.0,43.0,0.9613259668508287,current_legal_observation,provisional_not_selected
market_plan.WHEAT.h24.demand_only_inventory,conditional_market_paths,428,0.0,9999.0,0.9613259668508287,current_legal_observation,provisional_not_selected
market_plan.WHEAT.h24.demand_only_price,conditional_market_paths,27,0.0,51.0,0.9613259668508287,current_legal_observation,provisional_not_selected
market_plan.WHEAT.h24.quiet_revenue,conditional_market_paths,82,0.0,900.0,0.11602209944751381,current_legal_observation,provisional_not_selected
market_plan.WHEAT.h24.rival_stress_revenue,conditional_market_paths,83,0.0,900.0,0.11602209944751381,current_legal_observation,provisional_not_selected
market_plan.WHEAT.h24.rival_penalty,conditional_market_paths,13,0.0,13.0,0.04074585635359116,current_legal_observation,provisional_not_selected
market_plan.WHEAT.h24.quiet_holding_premium,conditional_market_paths,19,0.0,18.0,0.11533149171270718,current_legal_observation,provisional_not_selected
market_plan.CARROT.own_ready_units,post_decision_inventory,11,0.0,10.0,0.12361878453038674,current_legal_observation,provisional_not_selected
market_plan.CARROT.rival_ready_units,post_decision_inventory,11,0.0,10.0,0.11464088397790055,current_legal_observation,provisional_not_selected
market_plan.CARROT.shed_units,post_decision_inventory,8,0.0,12.0,0.01899171270718232,current_legal_observation,provisional_not_selected
market_plan.CARROT.carried_units,post_decision_inventory,7,0.0,12.0,0.0738950276243094,current_legal_observation,provisional_not_selected
market_plan.CARROT.conditional_quantity,post_decision_inventory,16,0.0,15.0,0.12724447513812154,current_legal_observation,provisional_not_selected
market_plan.CARROT.rival_earliest_delivery,post_decision_inventory,8,1.0,719.0,1.0,current_legal_observation,provisional_not_selected
market_plan.CARROT.immediate_revenue,post_decision_inventory,164,0.0,1554.0,0.12724447513812154,current_legal_observation,provisional_not_selected
market_plan.CARROT.h4.available,conditional_market_paths,2,0.0,1.0,0.988950276243094,current_legal_observation,provisional_not_selected
market_plan.CARROT.h4.known_demand,conditional_market_paths,9,0.0,8.0,0.761049723756906,current_legal_observation,provisional_not_selected
market_plan.CARROT.h4.demand_only_inventory,conditional_market_paths,409,0.0,9999.0,0.988950276243094,current_legal_observation,provisional_not_selected
market_plan.CARROT.h4.demand_only_price,conditional_market_paths,93,0.0,158.0,0.988950276243094,current_legal_observation,provisional_not_selected
market_plan.CARROT.h4.quiet_revenue,conditional_market_paths,168,0.0,1610.0,0.12724447513812154,current_legal_observation,provisional_not_selected
market_plan.CARROT.h4.rival_stress_revenue,conditional_market_paths,165,0.0,1603.0,0.12724447513812154,current_legal_observation,provisional_not_selected
market_plan.CARROT.h4.rival_penalty,conditional_market_paths,26,0.0,35.0,0.06975138121546962,current_legal_observation,provisional_not_selected
market_plan.CARROT.h4.quiet_holding_premium,conditional_market_paths,39,0.0,56.0,0.1168853591160221,current_legal_observation,provisional_not_selected
market_plan.CARROT.h12.available,conditional_market_paths,2,0.0,1.0,0.9779005524861878,current_legal_observation,provisional_not_selected
market_plan.CARROT.h12.known_demand,conditional_market_paths,16,0.0,22.0,0.8411602209944752,current_legal_observation,provisional_not_selected
market_plan.CARROT.h12.demand_only_inventory,conditional_market_paths,406,0.0,9999.0,0.9779005524861878,current_legal_observation,provisional_not_selected
market_plan.CARROT.h12.demand_only_price,conditional_market_paths,91,0.0,160.0,0.9779005524861878,current_legal_observation,provisional_not_selected
market_plan.CARROT.h12.quiet_revenue,conditional_market_paths,160,0.0,1713.0,0.12361878453038674,current_legal_observation,provisional_not_selected
market_plan.CARROT.h12.rival_stress_revenue,conditional_market_paths,165,0.0,1675.0,0.12361878453038674,current_legal_observation,provisional_not_selected
market_plan.CARROT.h12.rival_penalty,conditional_market_paths,35,0.0,39.0,0.1042817679558011,current_legal_observation,provisional_not_selected
market_plan.CARROT.h12.quiet_holding_premium,conditional_market_paths,75,0.0,159.0,0.12292817679558012,current_legal_observation,provisional_not_selected
market_plan.CARROT.h24.available,conditional_market_paths,2,0.0,1.0,0.9613259668508287,current_legal_observation,provisional_not_selected
market_plan.CARROT.h24.known_demand,conditional_market_paths,9,0.0,43.0,0.9613259668508287,current_legal_observation,provisional_not_selected
market_plan.CARROT.h24.demand_only_inventory,conditional_market_paths,413,0.0,9999.0,0.9613259668508287,current_legal_observation,provisional_not_selected
market_plan.CARROT.h24.demand_only_price,conditional_market_paths,101,0.0,172.0,0.9613259668508287,current_legal_observation,provisional_not_selected
market_plan.CARROT.h24.quiet_revenue,conditional_market_paths,153,0.0,1882.0,0.11602209944751381,current_legal_observation,provisional_not_selected
market_plan.CARROT.h24.rival_stress_revenue,conditional_market_paths,159,0.0,1840.0,0.11602209944751381,current_legal_observation,provisional_not_selected
market_plan.CARROT.h24.rival_penalty,conditional_market_paths,37,0.0,44.0,0.09944751381215469,current_legal_observation,provisional_not_selected
market_plan.CARROT.h24.quiet_holding_premium,conditional_market_paths,96,0.0,328.0,0.11602209944751381,current_legal_observation,provisional_not_selected
market_plan.TOMATO.own_ready_units,post_decision_inventory,1,0.0,0.0,0.0,current_legal_observation,coverage_gap_constant
market_plan.TOMATO.rival_ready_units,post_decision_inventory,1,0.0,0.0,0.0,current_legal_observation,coverage_gap_constant
market_plan.TOMATO.shed_units,post_decision_inventory,1,0.0,0.0,0.0,current_legal_observation,coverage_gap_constant
market_plan.TOMATO.carried_units,post_decision_inventory,1,0.0,0.0,0.0,current_legal_observation,coverage_gap_constant
market_plan.TOMATO.conditional_quantity,post_decision_inventory,1,0.0,0.0,0.0,current_legal_observation,coverage_gap_constant
market_plan.TOMATO.rival_earliest_delivery,post_decision_inventory,1,719.0,719.0,1.0,current_legal_observation,coverage_gap_constant
market_plan.TOMATO.immediate_revenue,post_decision_inventory,1,0.0,0.0,0.0,current_legal_observation,coverage_gap_constant
market_plan.TOMATO.h4.available,conditional_market_paths,2,0.0,1.0,0.988950276243094,current_legal_observation,provisional_not_selected
market_plan.TOMATO.h4.known_demand,conditional_market_paths,5,0.0,4.0,0.5441988950276243,current_legal_observation,provisional_not_selected
market_plan.TOMATO.h4.demand_only_inventory,conditional_market_paths,217,0.0,9999.0,0.988950276243094,current_legal_observation,provisional_not_selected
market_plan.TOMATO.h4.demand_only_price,conditional_market_paths,55,0.0,141.0,0.988950276243094,current_legal_observation,provisional_not_selected
market_plan.TOMATO.h4.quiet_revenue,conditional_market_paths,1,0.0,0.0,0.0,current_legal_observation,coverage_gap_constant
market_plan.TOMATO.h4.rival_stress_revenue,conditional_market_paths,1,0.0,0.0,0.0,current_legal_observation,coverage_gap_constant
market_plan.TOMATO.h4.rival_penalty,conditional_market_paths,1,0.0,0.0,0.0,current_legal_observation,coverage_gap_constant
market_plan.TOMATO.h4.quiet_holding_premium,conditional_market_paths,1,0.0,0.0,0.0,current_legal_observation,coverage_gap_constant
market_plan.TOMATO.h12.available,conditional_market_paths,2,0.0,1.0,0.9779005524861878,current_legal_observation,provisional_not_selected
market_plan.TOMATO.h12.known_demand,conditional_market_paths,8,0.0,10.0,0.7113259668508287,current_legal_observation,provisional_not_selected
market_plan.TOMATO.h12.demand_only_inventory,conditional_market_paths,217,0.0,9999.0,0.9779005524861878,current_legal_observation,provisional_not_selected
market_plan.TOMATO.h12.demand_only_price,conditional_market_paths,55,0.0,141.0,0.9779005524861878,current_legal_observation,provisional_not_selected
market_plan.TOMATO.h12.quiet_revenue,conditional_market_paths,1,0.0,0.0,0.0,current_legal_observation,coverage_gap_constant
market_plan.TOMATO.h12.rival_stress_revenue,conditional_market_paths,1,0.0,0.0,0.0,current_legal_observation,coverage_gap_constant
market_plan.TOMATO.h12.rival_penalty,conditional_market_paths,1,0.0,0.0,0.0,current_legal_observation,coverage_gap_constant
market_plan.TOMATO.h12.quiet_holding_premium,conditional_market_paths,1,0.0,0.0,0.0,current_legal_observation,coverage_gap_constant
market_plan.TOMATO.h24.available,conditional_market_paths,2,0.0,1.0,0.9613259668508287,current_legal_observation,provisional_not_selected
market_plan.TOMATO.h24.known_demand,conditional_market_paths,5,0.0,19.0,0.9613259668508287,current_legal_observation,provisional_not_selected
market_plan.TOMATO.h24.demand_only_inventory,conditional_market_paths,217,0.0,9999.0,0.9613259668508287,current_legal_observation,provisional_not_selected
market_plan.TOMATO.h24.demand_only_price,conditional_market_paths,55,0.0,141.0,0.9613259668508287,current_legal_observation,provisional_not_selected
market_plan.TOMATO.h24.quiet_revenue,conditional_market_paths,1,0.0,0.0,0.0,current_legal_observation,coverage_gap_constant
market_plan.TOMATO.h24.rival_stress_revenue,conditional_market_paths,1,0.0,0.0,0.0,current_legal_observation,coverage_gap_constant
market_plan.TOMATO.h24.rival_penalty,conditional_market_paths,1,0.0,0.0,0.0,current_legal_observation,coverage_gap_constant
market_plan.TOMATO.h24.quiet_holding_premium,conditional_market_paths,1,0.0,0.0,0.0,current_legal_observation,coverage_gap_constant
market_plan.STRAWBERRY.own_ready_units,post_decision_inventory,49,0.0,66.0,0.29972375690607733,current_legal_observation,provisional_not_selected
market_plan.STRAWBERRY.rival_ready_units,post_decision_inventory,50,0.0,66.0,0.29972375690607733,current_legal_observation,provisional_not_selected
market_plan.STRAWBERRY.shed_units,post_decision_inventory,16,0.0,36.0,0.013121546961325966,current_legal_observation,provisional_not_selected
market_plan.STRAWBERRY.carried_units,post_decision_inventory,11,0.0,36.0,0.04903314917127072,current_legal_observation,provisional_not_selected
market_plan.STRAWBERRY.conditional_quantity,post_decision_inventory,50,0.0,74.0,0.3014502762430939,current_legal_observation,provisional_not_selected
market_plan.STRAWBERRY.rival_earliest_delivery,post_decision_inventory,10,2.0,719.0,1.0,current_legal_observation,provisional_not_selected
market_plan.STRAWBERRY.immediate_revenue,post_decision_inventory,428,0.0,24889.0,0.3014502762430939,current_legal_observation,provisional_not_selected
market_plan.STRAWBERRY.h4.available,conditional_market_paths,2,0.0,1.0,0.988950276243094,current_legal_observation,provisional_not_selected
market_plan.STRAWBERRY.h4.known_demand,conditional_market_paths,9,0.0,8.0,0.8335635359116023,current_legal_observation,provisional_not_selected
market_plan.STRAWBERRY.h4.demand_only_inventory,conditional_market_paths,445,0.0,9999.0,0.988950276243094,current_legal_observation,provisional_not_selected
market_plan.STRAWBERRY.h4.demand_only_price,conditional_market_paths,205,0.0,344.0,0.988950276243094,current_legal_observation,provisional_not_selected
market_plan.STRAWBERRY.h4.quiet_revenue,conditional_market_paths,411,0.0,24985.0,0.292817679558011,current_legal_observation,provisional_not_selected
market_plan.STRAWBERRY.h4.rival_stress_revenue,conditional_market_paths,403,0.0,24985.0,0.292817679558011,current_legal_observation,provisional_not_selected
market_plan.STRAWBERRY.h4.rival_penalty,conditional_market_paths,124,0.0,1366.0,0.13397790055248618,current_legal_observation,provisional_not_selected
market_plan.STRAWBERRY.h4.quiet_holding_premium,conditional_market_paths,84,0.0,103.0,0.292817679558011,current_legal_observation,provisional_not_selected
market_plan.STRAWBERRY.h12.available,conditional_market_paths,2,0.0,1.0,0.9779005524861878,current_legal_observation,provisional_not_selected
market_plan.STRAWBERRY.h12.known_demand,conditional_market_paths,16,0.0,22.0,0.8846685082872928,current_legal_observation,provisional_not_selected
market_plan.STRAWBERRY.h12.demand_only_inventory,conditional_market_paths,451,0.0,9999.0,0.9779005524861878,current_legal_observation,provisional_not_selected
market_plan.STRAWBERRY.h12.demand_only_price,conditional_market_paths,207,0.0,346.0,0.9779005524861878,current_legal_observation,provisional_not_selected
market_plan.STRAWBERRY.h12.quiet_revenue,conditional_market_paths,389,0.0,25152.0,0.281767955801105,current_legal_observation,provisional_not_selected
market_plan.STRAWBERRY.h12.rival_stress_revenue,conditional_market_paths,372,0.0,24743.0,0.281767955801105,current_legal_observation,provisional_not_selected
market_plan.STRAWBERRY.h12.rival_penalty,conditional_market_paths,303,0.0,1635.0,0.281767955801105,current_legal_observation,provisional_not_selected
market_plan.STRAWBERRY.h12.quiet_holding_premium,conditional_market_paths,180,0.0,280.0,0.281767955801105,current_legal_observation,provisional_not_selected
market_plan.STRAWBERRY.h24.available,conditional_market_paths,2,0.0,1.0,0.9613259668508287,current_legal_observation,provisional_not_selected
market_plan.STRAWBERRY.h24.known_demand,conditional_market_paths,9,0.0,43.0,0.9613259668508287,current_legal_observation,provisional_not_selected
market_plan.STRAWBERRY.h24.demand_only_inventory,conditional_market_paths,446,0.0,9999.0,0.9613259668508287,current_legal_observation,provisional_not_selected
market_plan.STRAWBERRY.h24.demand_only_price,conditional_market_paths,209,0.0,349.0,0.9613259668508287,current_legal_observation,provisional_not_selected
market_plan.STRAWBERRY.h24.quiet_revenue,conditional_market_paths,371,0.0,25401.0,0.26519337016574585,current_legal_observation,provisional_not_selected
market_plan.STRAWBERRY.h24.rival_stress_revenue,conditional_market_paths,382,0.0,24949.0,0.26519337016574585,current_legal_observation,provisional_not_selected
market_plan.STRAWBERRY.h24.rival_penalty,conditional_market_paths,292,0.0,1693.0,0.26519337016574585,current_legal_observation,provisional_not_selected
market_plan.STRAWBERRY.h24.quiet_holding_premium,conditional_market_paths,238,0.0,540.0,0.26519337016574585,current_legal_observation,provisional_not_selected
market_plan.MELON.own_ready_units,post_decision_inventory,17,0.0,125.0,0.0787292817679558,current_legal_observation,provisional_not_selected
market_plan.MELON.rival_ready_units,post_decision_inventory,20,0.0,125.0,0.07803867403314917,current_legal_observation,provisional_not_selected
market_plan.MELON.shed_units,post_decision_inventory,5,0.0,72.0,0.016574585635359115,current_legal_observation,provisional_not_selected
market_plan.MELON.carried_units,post_decision_inventory,8,0.0,72.0,0.06077348066298342,current_legal_observation,provisional_not_selected
market_plan.MELON.conditional_quantity,post_decision_inventory,15,0.0,100.0,0.11049723756906077,current_legal_observation,provisional_not_selected
market_plan.MELON.rival_earliest_delivery,post_decision_inventory,10,1.0,719.0,1.0,current_legal_observation,provisional_not_selected
market_plan.MELON.immediate_revenue,post_decision_inventory,31,0.0,22767.0,0.11049723756906077,current_legal_observation,provisional_not_selected
market_plan.MELON.h4.available,conditional_market_paths,2,0.0,1.0,0.988950276243094,current_legal_observation,provisional_not_selected
market_plan.MELON.h4.known_demand,conditional_market_paths,2,0.0,1.0,0.16574585635359115,current_legal_observation,provisional_not_selected
market_plan.MELON.h4.demand_only_inventory,conditional_market_paths,34,0.0,10159.0,0.988950276243094,current_legal_observation,provisional_not_selected
market_plan.MELON.h4.demand_only_price,conditional_market_paths,33,0.0,272.0,0.988950276243094,current_legal_observation,provisional_not_selected
market_plan.MELON.h4.quiet_revenue,conditional_market_paths,36,0.0,22868.0,0.11049723756906077,current_legal_observation,provisional_not_selected
market_plan.MELON.h4.rival_stress_revenue,conditional_market_paths,33,0.0,21309.0,0.11049723756906077,current_legal_observation,provisional_not_selected
market_plan.MELON.h4.rival_penalty,conditional_market_paths,12,0.0,9663.0,0.04212707182320442,current_legal_observation,provisional_not_selected
market_plan.MELON.h4.quiet_holding_premium,conditional_market_paths,11,0.0,205.0,0.026933701657458564,current_legal_observation,provisional_not_selected
market_plan.MELON.h12.available,conditional_market_paths,2,0.0,1.0,0.9779005524861878,current_legal_observation,provisional_not_selected
market_plan.MELON.h12.known_demand,conditional_market_paths,2,0.0,1.0,0.4861878453038674,current_legal_observation,provisional_not_selected
market_plan.MELON.h12.demand_only_inventory,conditional_market_paths,32,0.0,10159.0,0.9779005524861878,current_legal_observation,provisional_not_selected
market_plan.MELON.h12.demand_only_price,conditional_market_paths,31,0.0,272.0,0.9779005524861878,current_legal_observation,provisional_not_selected
market_plan.MELON.h12.quiet_revenue,conditional_market_paths,33,0.0,22868.0,0.11049723756906077,current_legal_observation,provisional_not_selected
market_plan.MELON.h12.rival_stress_revenue,conditional_market_paths,27,0.0,7448.0,0.11049723756906077,current_legal_observation,provisional_not_selected
market_plan.MELON.h12.rival_penalty,conditional_market_paths,18,0.0,17816.0,0.0718232044198895,current_legal_observation,provisional_not_selected
market_plan.MELON.h12.quiet_holding_premium,conditional_market_paths,12,0.0,205.0,0.05870165745856354,current_legal_observation,provisional_not_selected
market_plan.MELON.h24.available,conditional_market_paths,2,0.0,1.0,0.9613259668508287,current_legal_observation,provisional_not_selected
market_plan.MELON.h24.known_demand,conditional_market_paths,2,0.0,1.0,0.9613259668508287,current_legal_observation,provisional_not_selected
market_plan.MELON.h24.demand_only_inventory,conditional_market_paths,29,0.0,10158.0,0.9613259668508287,current_legal_observation,provisional_not_selected
market_plan.MELON.h24.demand_only_price,conditional_market_paths,29,0.0,272.0,0.9613259668508287,current_legal_observation,provisional_not_selected
market_plan.MELON.h24.quiet_revenue,conditional_market_paths,33,0.0,22868.0,0.11049723756906077,current_legal_observation,provisional_not_selected
market_plan.MELON.h24.rival_stress_revenue,conditional_market_paths,27,0.0,2909.0,0.11049723756906077,current_legal_observation,provisional_not_selected
market_plan.MELON.h24.rival_penalty,conditional_market_paths,18,0.0,19959.0,0.0718232044198895,current_legal_observation,provisional_not_selected
market_plan.MELON.h24.quiet_holding_premium,conditional_market_paths,14,0.0,205.0,0.106353591160221,current_legal_observation,provisional_not_selected
market_plan.EGG.own_ready_units,post_decision_inventory,1,0.0,0.0,0.0,current_legal_observation,coverage_gap_constant
market_plan.EGG.rival_ready_units,post_decision_inventory,1,0.0,0.0,0.0,current_legal_observation,coverage_gap_constant
market_plan.EGG.shed_units,post_decision_inventory,1,0.0,0.0,0.0,current_legal_observation,coverage_gap_constant
market_plan.EGG.carried_units,post_decision_inventory,1,0.0,0.0,0.0,current_legal_observation,coverage_gap_constant
market_plan.EGG.conditional_quantity,post_decision_inventory,1,0.0,0.0,0.0,current_legal_observation,coverage_gap_constant
market_plan.EGG.rival_earliest_delivery,post_decision_inventory,1,719.0,719.0,1.0,current_legal_observation,coverage_gap_constant
market_plan.EGG.immediate_revenue,post_decision_inventory,1,0.0,0.0,0.0,current_legal_observation,coverage_gap_constant
market_plan.EGG.h4.available,conditional_market_paths,2,0.0,1.0,0.988950276243094,current_legal_observation,provisional_not_selected
market_plan.EGG.h4.known_demand,conditional_market_paths,7,0.0,6.0,0.6795580110497238,current_legal_observation,provisional_not_selected
market_plan.EGG.h4.demand_only_inventory,conditional_market_paths,362,0.0,9999.0,0.988950276243094,current_legal_observation,provisional_not_selected
market_plan.EGG.h4.demand_only_price,conditional_market_paths,85,0.0,191.0,0.988950276243094,current_legal_observation,provisional_not_selected
market_plan.EGG.h4.quiet_revenue,conditional_market_paths,1,0.0,0.0,0.0,current_legal_observation,coverage_gap_constant
market_plan.EGG.h4.rival_stress_revenue,conditional_market_paths,1,0.0,0.0,0.0,current_legal_observation,coverage_gap_constant
market_plan.EGG.h4.rival_penalty,conditional_market_paths,1,0.0,0.0,0.0,current_legal_observation,coverage_gap_constant
market_plan.EGG.h4.quiet_holding_premium,conditional_market_paths,1,0.0,0.0,0.0,current_legal_observation,coverage_gap_constant
market_plan.EGG.h12.available,conditional_market_paths,2,0.0,1.0,0.9779005524861878,current_legal_observation,provisional_not_selected
market_plan.EGG.h12.known_demand,conditional_market_paths,12,0.0,16.0,0.7928176795580111,current_legal_observation,provisional_not_selected
market_plan.EGG.h12.demand_only_inventory,conditional_market_paths,367,0.0,9999.0,0.9779005524861878,current_legal_observation,provisional_not_selected
market_plan.EGG.h12.demand_only_price,conditional_market_paths,85,0.0,191.0,0.9779005524861878,current_legal_observation,provisional_not_selected
market_plan.EGG.h12.quiet_revenue,conditional_market_paths,1,0.0,0.0,0.0,current_legal_observation,coverage_gap_constant
market_plan.EGG.h12.rival_stress_revenue,conditional_market_paths,1,0.0,0.0,0.0,current_legal_observation,coverage_gap_constant
market_plan.EGG.h12.rival_penalty,conditional_market_paths,1,0.0,0.0,0.0,current_legal_observation,coverage_gap_constant
market_plan.EGG.h12.quiet_holding_premium,conditional_market_paths,1,0.0,0.0,0.0,current_legal_observation,coverage_gap_constant
market_plan.EGG.h24.available,conditional_market_paths,2,0.0,1.0,0.9613259668508287,current_legal_observation,provisional_not_selected
market_plan.EGG.h24.known_demand,conditional_market_paths,7,0.0,31.0,0.9613259668508287,current_legal_observation,provisional_not_selected
market_plan.EGG.h24.demand_only_inventory,conditional_market_paths,369,0.0,9999.0,0.9613259668508287,current_legal_observation,provisional_not_selected
market_plan.EGG.h24.demand_only_price,conditional_market_paths,85,0.0,191.0,0.9613259668508287,current_legal_observation,provisional_not_selected
market_plan.EGG.h24.quiet_revenue,conditional_market_paths,1,0.0,0.0,0.0,current_legal_observation,coverage_gap_constant
market_plan.EGG.h24.rival_stress_revenue,conditional_market_paths,1,0.0,0.0,0.0,current_legal_observation,coverage_gap_constant
market_plan.EGG.h24.rival_penalty,conditional_market_paths,1,0.0,0.0,0.0,current_legal_observation,coverage_gap_constant
market_plan.EGG.h24.quiet_holding_premium,conditional_market_paths,1,0.0,0.0,0.0,current_legal_observation,coverage_gap_constant
market_plan.MILK.own_ready_units,post_decision_inventory,1,0.0,0.0,0.0,current_legal_observation,coverage_gap_constant
market_plan.MILK.rival_ready_units,post_decision_inventory,1,0.0,0.0,0.0,current_legal_observation,coverage_gap_constant
market_plan.MILK.shed_units,post_decision_inventory,1,0.0,0.0,0.0,current_legal_observation,coverage_gap_constant
market_plan.MILK.carried_units,post_decision_inventory,1,0.0,0.0,0.0,current_legal_observation,coverage_gap_constant
market_plan.MILK.conditional_quantity,post_decision_inventory,1,0.0,0.0,0.0,current_legal_observation,coverage_gap_constant
market_plan.MILK.rival_earliest_delivery,post_decision_inventory,1,719.0,719.0,1.0,current_legal_observation,coverage_gap_constant
market_plan.MILK.immediate_revenue,post_decision_inventory,1,0.0,0.0,0.0,current_legal_observation,coverage_gap_constant
market_plan.MILK.h4.available,conditional_market_paths,2,0.0,1.0,0.988950276243094,current_legal_observation,provisional_not_selected
market_plan.MILK.h4.known_demand,conditional_market_paths,5,0.0,4.0,0.7092541436464088,current_legal_observation,provisional_not_selected
market_plan.MILK.h4.demand_only_inventory,conditional_market_paths,273,0.0,9999.0,0.988950276243094,current_legal_observation,provisional_not_selected
market_plan.MILK.h4.demand_only_price,conditional_market_paths,136,0.0,314.0,0.988950276243094,current_legal_observation,provisional_not_selected
market_plan.MILK.h4.quiet_revenue,conditional_market_paths,1,0.0,0.0,0.0,current_legal_observation,coverage_gap_constant
market_plan.MILK.h4.rival_stress_revenue,conditional_market_paths,1,0.0,0.0,0.0,current_legal_observation,coverage_gap_constant
market_plan.MILK.h4.rival_penalty,conditional_market_paths,1,0.0,0.0,0.0,current_legal_observation,coverage_gap_constant
market_plan.MILK.h4.quiet_holding_premium,conditional_market_paths,1,0.0,0.0,0.0,current_legal_observation,coverage_gap_constant
market_plan.MILK.h12.available,conditional_market_paths,2,0.0,1.0,0.9779005524861878,current_legal_observation,provisional_not_selected
market_plan.MILK.h12.known_demand,conditional_market_paths,8,0.0,10.0,0.8100828729281768,current_legal_observation,provisional_not_selected
market_plan.MILK.h12.demand_only_inventory,conditional_market_paths,272,0.0,9999.0,0.9779005524861878,current_legal_observation,provisional_not_selected
market_plan.MILK.h12.demand_only_price,conditional_market_paths,136,0.0,314.0,0.9779005524861878,current_legal_observation,provisional_not_selected
market_plan.MILK.h12.quiet_revenue,conditional_market_paths,1,0.0,0.0,0.0,current_legal_observation,coverage_gap_constant
market_plan.MILK.h12.rival_stress_revenue,conditional_market_paths,1,0.0,0.0,0.0,current_legal_observation,coverage_gap_constant
market_plan.MILK.h12.rival_penalty,conditional_market_paths,1,0.0,0.0,0.0,current_legal_observation,coverage_gap_constant
market_plan.MILK.h12.quiet_holding_premium,conditional_market_paths,1,0.0,0.0,0.0,current_legal_observation,coverage_gap_constant
market_plan.MILK.h24.available,conditional_market_paths,2,0.0,1.0,0.9613259668508287,current_legal_observation,provisional_not_selected
market_plan.MILK.h24.known_demand,conditional_market_paths,5,0.0,19.0,0.9613259668508287,current_legal_observation,provisional_not_selected
market_plan.MILK.h24.demand_only_inventory,conditional_market_paths,273,0.0,9999.0,0.9613259668508287,current_legal_observation,provisional_not_selected
market_plan.MILK.h24.demand_only_price,conditional_market_paths,136,0.0,314.0,0.9613259668508287,current_legal_observation,provisional_not_selected
market_plan.MILK.h24.quiet_revenue,conditional_market_paths,1,0.0,0.0,0.0,current_legal_observation,coverage_gap_constant
market_plan.MILK.h24.rival_stress_revenue,conditional_market_paths,1,0.0,0.0,0.0,current_legal_observation,coverage_gap_constant
market_plan.MILK.h24.rival_penalty,conditional_market_paths,1,0.0,0.0,0.0,current_legal_observation,coverage_gap_constant
market_plan.MILK.h24.quiet_holding_premium,conditional_market_paths,1,0.0,0.0,0.0,current_legal_observation,coverage_gap_constant
market_plan.WOOL.own_ready_units,post_decision_inventory,1,0.0,0.0,0.0,current_legal_observation,coverage_gap_constant
market_plan.WOOL.rival_ready_units,post_decision_inventory,1,0.0,0.0,0.0,current_legal_observation,coverage_gap_constant
market_plan.WOOL.shed_units,post_decision_inventory,1,0.0,0.0,0.0,current_legal_observation,coverage_gap_constant
market_plan.WOOL.carried_units,post_decision_inventory,1,0.0,0.0,0.0,current_legal_observation,coverage_gap_constant
market_plan.WOOL.conditional_quantity,post_decision_inventory,1,0.0,0.0,0.0,current_legal_observation,coverage_gap_constant
market_plan.WOOL.rival_earliest_delivery,post_decision_inventory,1,719.0,719.0,1.0,current_legal_observation,coverage_gap_constant
market_plan.WOOL.immediate_revenue,post_decision_inventory,1,0.0,0.0,0.0,current_legal_observation,coverage_gap_constant
market_plan.WOOL.h4.available,conditional_market_paths,2,0.0,1.0,0.988950276243094,current_legal_observation,provisional_not_selected
market_plan.WOOL.h4.known_demand,conditional_market_paths,6,0.0,5.0,0.43232044198895025,current_legal_observation,provisional_not_selected
market_plan.WOOL.h4.demand_only_inventory,conditional_market_paths,222,0.0,9999.0,0.988950276243094,current_legal_observation,provisional_not_selected
market_plan.WOOL.h4.demand_only_price,conditional_market_paths,44,0.0,254.0,0.988950276243094,current_legal_observation,provisional_not_selected
market_plan.WOOL.h4.quiet_revenue,conditional_market_paths,1,0.0,0.0,0.0,current_legal_observation,coverage_gap_constant
market_plan.WOOL.h4.rival_stress_revenue,conditional_market_paths,1,0.0,0.0,0.0,current_legal_observation,coverage_gap_constant
market_plan.WOOL.h4.rival_penalty,conditional_market_paths,1,0.0,0.0,0.0,current_legal_observation,coverage_gap_constant
market_plan.WOOL.h4.quiet_holding_premium,conditional_market_paths,1,0.0,0.0,0.0,current_legal_observation,coverage_gap_constant
market_plan.WOOL.h12.available,conditional_market_paths,2,0.0,1.0,0.9779005524861878,current_legal_observation,provisional_not_selected
market_plan.WOOL.h12.known_demand,conditional_market_paths,6,0.0,13.0,0.6450276243093923,current_legal_observation,provisional_not_selected
market_plan.WOOL.h12.demand_only_inventory,conditional_market_paths,222,0.0,9999.0,0.9779005524861878,current_legal_observation,provisional_not_selected
market_plan.WOOL.h12.demand_only_price,conditional_market_paths,44,0.0,254.0,0.9779005524861878,current_legal_observation,provisional_not_selected
market_plan.WOOL.h12.quiet_revenue,conditional_market_paths,1,0.0,0.0,0.0,current_legal_observation,coverage_gap_constant
market_plan.WOOL.h12.rival_stress_revenue,conditional_market_paths,1,0.0,0.0,0.0,current_legal_observation,coverage_gap_constant
market_plan.WOOL.h12.rival_penalty,conditional_market_paths,1,0.0,0.0,0.0,current_legal_observation,coverage_gap_constant
market_plan.WOOL.h12.quiet_holding_premium,conditional_market_paths,1,0.0,0.0,0.0,current_legal_observation,coverage_gap_constant
market_plan.WOOL.h24.available,conditional_market_paths,2,0.0,1.0,0.9613259668508287,current_legal_observation,provisional_not_selected
market_plan.WOOL.h24.known_demand,conditional_market_paths,4,0.0,25.0,0.9613259668508287,current_legal_observation,provisional_not_selected
market_plan.WOOL.h24.demand_only_inventory,conditional_market_paths,220,0.0,9999.0,0.9613259668508287,current_legal_observation,provisional_not_selected
market_plan.WOOL.h24.demand_only_price,conditional_market_paths,44,0.0,254.0,0.9613259668508287,current_legal_observation,provisional_not_selected
market_plan.WOOL.h24.quiet_revenue,conditional_market_paths,1,0.0,0.0,0.0,current_legal_observation,coverage_gap_constant
market_plan.WOOL.h24.rival_stress_revenue,conditional_market_paths,1,0.0,0.0,0.0,current_legal_observation,coverage_gap_constant
market_plan.WOOL.h24.rival_penalty,conditional_market_paths,1,0.0,0.0,0.0,current_legal_observation,coverage_gap_constant
market_plan.WOOL.h24.quiet_holding_premium,conditional_market_paths,1,0.0,0.0,0.0,current_legal_observation,coverage_gap_constant
market_plan.FERTILIZER.own_ready_units,post_decision_inventory,1,0.0,0.0,0.0,current_legal_observation,coverage_gap_constant
market_plan.FERTILIZER.rival_ready_units,post_decision_inventory,1,0.0,0.0,0.0,current_legal_observation,coverage_gap_constant
market_plan.FERTILIZER.shed_units,post_decision_inventory,1,0.0,0.0,0.0,current_legal_observation,coverage_gap_constant
market_plan.FERTILIZER.carried_units,post_decision_inventory,1,0.0,0.0,0.0,current_legal_observation,coverage_gap_constant
market_plan.FERTILIZER.conditional_quantity,post_decision_inventory,1,0.0,0.0,0.0,current_legal_observation,coverage_gap_constant
market_plan.FERTILIZER.rival_earliest_delivery,post_decision_inventory,1,719.0,719.0,1.0,current_legal_observation,coverage_gap_constant
market_plan.FERTILIZER.immediate_revenue,post_decision_inventory,1,0.0,0.0,0.0,current_legal_observation,coverage_gap_constant
market_plan.FERTILIZER.h4.available,conditional_market_paths,2,0.0,1.0,0.988950276243094,current_legal_observation,provisional_not_selected
market_plan.FERTILIZER.h4.known_demand,conditional_market_paths,1,0.0,0.0,0.0,current_legal_observation,coverage_gap_constant
market_plan.FERTILIZER.h4.demand_only_inventory,conditional_market_paths,2,0.0,10000.0,0.988950276243094,current_legal_observation,provisional_not_selected
market_plan.FERTILIZER.h4.demand_only_price,conditional_market_paths,2,0.0,100.0,0.988950276243094,current_legal_observation,provisional_not_selected
market_plan.FERTILIZER.h4.quiet_revenue,conditional_market_paths,1,0.0,0.0,0.0,current_legal_observation,coverage_gap_constant
market_plan.FERTILIZER.h4.rival_stress_revenue,conditional_market_paths,1,0.0,0.0,0.0,current_legal_observation,coverage_gap_constant
market_plan.FERTILIZER.h4.rival_penalty,conditional_market_paths,1,0.0,0.0,0.0,current_legal_observation,coverage_gap_constant
market_plan.FERTILIZER.h4.quiet_holding_premium,conditional_market_paths,1,0.0,0.0,0.0,current_legal_observation,coverage_gap_constant
market_plan.FERTILIZER.h12.available,conditional_market_paths,2,0.0,1.0,0.9779005524861878,current_legal_observation,provisional_not_selected
market_plan.FERTILIZER.h12.known_demand,conditional_market_paths,1,0.0,0.0,0.0,current_legal_observation,coverage_gap_constant
market_plan.FERTILIZER.h12.demand_only_inventory,conditional_market_paths,2,0.0,10000.0,0.9779005524861878,current_legal_observation,provisional_not_selected
market_plan.FERTILIZER.h12.demand_only_price,conditional_market_paths,2,0.0,100.0,0.9779005524861878,current_legal_observation,provisional_not_selected
market_plan.FERTILIZER.h12.quiet_revenue,conditional_market_paths,1,0.0,0.0,0.0,current_legal_observation,coverage_gap_constant
market_plan.FERTILIZER.h12.rival_stress_revenue,conditional_market_paths,1,0.0,0.0,0.0,current_legal_observation,coverage_gap_constant
market_plan.FERTILIZER.h12.rival_penalty,conditional_market_paths,1,0.0,0.0,0.0,current_legal_observation,coverage_gap_constant
market_plan.FERTILIZER.h12.quiet_holding_premium,conditional_market_paths,1,0.0,0.0,0.0,current_legal_observation,coverage_gap_constant
market_plan.FERTILIZER.h24.available,conditional_market_paths,2,0.0,1.0,0.9613259668508287,current_legal_observation,provisional_not_selected
market_plan.FERTILIZER.h24.known_demand,conditional_market_paths,1,0.0,0.0,0.0,current_legal_observation,coverage_gap_constant
market_plan.FERTILIZER.h24.demand_only_inventory,conditional_market_paths,2,0.0,10000.0,0.9613259668508287,current_legal_observation,provisional_not_selected
market_plan.FERTILIZER.h24.demand_only_price,conditional_market_paths,2,0.0,100.0,0.9613259668508287,current_legal_observation,provisional_not_selected
market_plan.FERTILIZER.h24.quiet_revenue,conditional_market_paths,1,0.0,0.0,0.0,current_legal_observation,coverage_gap_constant
market_plan.FERTILIZER.h24.rival_stress_revenue,conditional_market_paths,1,0.0,0.0,0.0,current_legal_observation,coverage_gap_constant
market_plan.FERTILIZER.h24.rival_penalty,conditional_market_paths,1,0.0,0.0,0.0,current_legal_observation,coverage_gap_constant
market_plan.FERTILIZER.h24.quiet_holding_premium,conditional_market_paths,1,0.0,0.0,0.0,current_legal_observation,coverage_gap_constant
market_worker.0.present,delivery_opportunity_cost,1,1.0,1.0,1.0,current_legal_observation,coverage_gap_constant
market_worker.0.carried_units,delivery_opportunity_cost,13,0.0,24.0,0.15814917127071823,current_legal_observation,provisional_not_selected
market_worker.0.delivery_actions,delivery_opportunity_cost,9,1.0,9.0,1.0,current_legal_observation,provisional_not_selected
market_worker.0.delivery_slack,delivery_opportunity_cost,28,-6.0,23.0,0.912292817679558,current_legal_observation,provisional_not_selected
market_worker.0.liquidation_revenue,delivery_opportunity_cost,125,0.0,4083.0,0.15814917127071823,current_legal_observation,provisional_not_selected
market_worker.0.quiet_night_revenue,delivery_opportunity_cost,67,0.0,4096.0,0.1477900552486188,current_legal_observation,provisional_not_selected
market_worker.0.rival_stress_night_revenue,delivery_opportunity_cost,86,0.0,4038.0,0.1477900552486188,current_legal_observation,provisional_not_selected
market_worker.0.night_sale_available,delivery_opportunity_cost,2,0.0,1.0,0.9613259668508287,current_legal_observation,provisional_not_selected
market_worker.0.overflow_after_sell_all,delivery_opportunity_cost,1,0.0,0.0,0.0,current_legal_observation,coverage_gap_constant
market_worker.1.present,delivery_opportunity_cost,2,0.0,1.0,0.8342541436464088,current_legal_observation,provisional_not_selected
market_worker.1.carried_units,delivery_opportunity_cost,11,0.0,24.0,0.14019337016574585,current_legal_observation,provisional_not_selected
market_worker.1.delivery_actions,delivery_opportunity_cost,10,0.0,9.0,0.8342541436464088,current_legal_observation,provisional_not_selected
market_worker.1.delivery_slack,delivery_opportunity_cost,26,-6.0,19.0,0.7810773480662984,current_legal_observation,provisional_not_selected
market_worker.1.liquidation_revenue,delivery_opportunity_cost,126,0.0,3787.0,0.14019337016574585,current_legal_observation,provisional_not_selected
market_worker.1.quiet_night_revenue,delivery_opportunity_cost,62,0.0,3809.0,0.1298342541436464,current_legal_observation,provisional_not_selected
market_worker.1.rival_stress_night_revenue,delivery_opportunity_cost,82,0.0,3726.0,0.1298342541436464,current_legal_observation,provisional_not_selected
market_worker.1.night_sale_available,delivery_opportunity_cost,2,0.0,1.0,0.8011049723756906,current_legal_observation,provisional_not_selected
market_worker.1.overflow_after_sell_all,delivery_opportunity_cost,1,0.0,0.0,0.0,current_legal_observation,coverage_gap_constant
market_worker.2.present,delivery_opportunity_cost,2,0.0,1.0,0.8052486187845304,current_legal_observation,provisional_not_selected
market_worker.2.carried_units,delivery_opportunity_cost,9,0.0,24.0,0.11256906077348067,current_legal_observation,provisional_not_selected
market_worker.2.delivery_actions,delivery_opportunity_cost,10,0.0,9.0,0.8052486187845304,current_legal_observation,provisional_not_selected
market_worker.2.delivery_slack,delivery_opportunity_cost,25,-5.0,19.0,0.7265193370165746,current_legal_observation,provisional_not_selected
market_worker.2.liquidation_revenue,delivery_opportunity_cost,89,0.0,2873.0,0.11256906077348067,current_legal_observation,provisional_not_selected
market_worker.2.quiet_night_revenue,delivery_opportunity_cost,56,0.0,2896.0,0.11187845303867404,current_legal_observation,provisional_not_selected
market_worker.2.rival_stress_night_revenue,delivery_opportunity_cost,69,0.0,2872.0,0.11187845303867404,current_legal_observation,provisional_not_selected
market_worker.2.night_sale_available,delivery_opportunity_cost,2,0.0,1.0,0.8011049723756906,current_legal_observation,provisional_not_selected
market_worker.2.overflow_after_sell_all,delivery_opportunity_cost,1,0.0,0.0,0.0,current_legal_observation,coverage_gap_constant
market_worker.3.present,delivery_opportunity_cost,2,0.0,1.0,0.18093922651933703,current_legal_observation,provisional_not_selected
market_worker.3.carried_units,delivery_opportunity_cost,5,0.0,12.0,0.03038674033149171,current_legal_observation,provisional_not_selected
market_worker.3.delivery_actions,delivery_opportunity_cost,10,0.0,9.0,0.18093922651933703,current_legal_observation,provisional_not_selected
market_worker.3.delivery_slack,delivery_opportunity_cost,21,-5.0,19.0,0.17403314917127072,current_legal_observation,provisional_not_selected
market_worker.3.liquidation_revenue,delivery_opportunity_cost,28,0.0,2724.0,0.03038674033149171,current_legal_observation,provisional_not_selected
market_worker.3.quiet_night_revenue,delivery_opportunity_cost,21,0.0,2733.0,0.03038674033149171,current_legal_observation,provisional_not_selected
market_worker.3.rival_stress_night_revenue,delivery_opportunity_cost,27,0.0,2694.0,0.03038674033149171,current_legal_observation,provisional_not_selected
market_worker.3.night_sale_available,delivery_opportunity_cost,2,0.0,1.0,0.18093922651933703,current_legal_observation,provisional_not_selected
market_worker.3.overflow_after_sell_all,delivery_opportunity_cost,1,0.0,0.0,0.0,current_legal_observation,coverage_gap_constant
market_history.WHEAT.last.available,causal_supply_bounds,2,0.0,1.0,0.994475138121547,current_and_past_legal_observations,provisional_not_selected
market_history.WHEAT.last.trade_net,causal_supply_bounds,6,0.0,8.0,0.004834254143646409,current_and_past_legal_observations,provisional_not_selected
market_history.WHEAT.last.known_demand,causal_supply_bounds,1,0.0,0.0,0.0,current_and_past_legal_observations,coverage_gap_constant
market_history.WHEAT.last.quote_change,causal_supply_bounds,2,-1.0,0.0,0.0006906077348066298,current_and_past_legal_observations,provisional_not_selected
market_history.WHEAT.last.sale_supported,causal_supply_bounds,1,0.0,0.0,0.0,current_and_past_legal_observations,coverage_gap_constant
market_history.WHEAT.last.sales_lower,causal_supply_bounds,1,0.0,0.0,0.0,current_and_past_legal_observations,coverage_gap_constant
market_history.WHEAT.last.sales_upper,causal_supply_bounds,1,0.0,0.0,0.0,current_and_past_legal_observations,coverage_gap_constant
market_history.WHEAT.last.sales_identified,causal_supply_bounds,1,0.0,0.0,0.0,current_and_past_legal_observations,coverage_gap_constant
market_history.WHEAT.last.floor_censored,causal_supply_bounds,1,0.0,0.0,0.0,current_and_past_legal_observations,coverage_gap_constant
market_history.WHEAT.last.harvest_upper,causal_supply_bounds,1,0.0,0.0,0.0,current_and_past_legal_observations,coverage_gap_constant
market_history.WHEAT.last.stock_upper,causal_supply_bounds,1,0.0,0.0,0.0,current_and_past_legal_observations,coverage_gap_constant
market_history.WHEAT.w4.observed,multiscale_market_history,2,0.0,4.0,0.994475138121547,current_and_past_legal_observations,provisional_not_selected
market_history.WHEAT.w4.trade_sum,multiscale_market_history,14,0.0,24.0,0.01985497237569061,current_and_past_legal_observations,provisional_not_selected
market_history.WHEAT.w4.trade_std,multiscale_market_history,19,0.0,10.392304845413264,0.01985497237569061,current_and_past_legal_observations,provisional_not_selected
market_history.WHEAT.w4.quote_change_sum,multiscale_market_history,3,-1.0,1.0,0.12361878453038674,current_and_past_legal_observations,provisional_not_selected
market_history.WHEAT.w4.sales_lower_sum,multiscale_market_history,1,0.0,0.0,0.0,current_and_past_legal_observations,coverage_gap_constant
market_history.WHEAT.w4.sales_upper_sum,multiscale_market_history,1,0.0,0.0,0.0,current_and_past_legal_observations,coverage_gap_constant
market_history.WHEAT.w4.harvest_upper_sum,multiscale_market_history,1,0.0,0.0,0.0,current_and_past_legal_observations,coverage_gap_constant
market_history.WHEAT.w4.identified_fraction,multiscale_market_history,1,0.0,0.0,0.0,current_and_past_legal_observations,coverage_gap_constant
market_history.WHEAT.w12.observed,multiscale_market_history,4,0.0,12.0,0.994475138121547,current_and_past_legal_observations,provisional_not_selected
market_history.WHEAT.w12.trade_sum,multiscale_market_history,20,0.0,28.0,0.04419889502762431,current_and_past_legal_observations,provisional_not_selected
market_history.WHEAT.w12.trade_std,multiscale_market_history,33,0.0,6.6332495807108,0.04419889502762431,current_and_past_legal_observations,provisional_not_selected
market_history.WHEAT.w12.quote_change_sum,multiscale_market_history,3,-1.0,1.0,0.35842541436464087,current_and_past_legal_observations,provisional_not_selected
market_history.WHEAT.w12.sales_lower_sum,multiscale_market_history,1,0.0,0.0,0.0,current_and_past_legal_observations,coverage_gap_constant
market_history.WHEAT.w12.sales_upper_sum,multiscale_market_history,1,0.0,0.0,0.0,current_and_past_legal_observations,coverage_gap_constant
market_history.WHEAT.w12.harvest_upper_sum,multiscale_market_history,1,0.0,0.0,0.0,current_and_past_legal_observations,coverage_gap_constant
market_history.WHEAT.w12.identified_fraction,multiscale_market_history,1,0.0,0.0,0.0,current_and_past_legal_observations,coverage_gap_constant
market_history.WHEAT.w24.observed,multiscale_market_history,7,0.0,24.0,0.994475138121547,current_and_past_legal_observations,provisional_not_selected
market_history.WHEAT.w24.trade_sum,multiscale_market_history,19,0.0,38.0,0.07044198895027624,current_and_past_legal_observations,provisional_not_selected
market_history.WHEAT.w24.trade_std,multiscale_market_history,40,0.0,4.9658556384798604,0.07044198895027624,current_and_past_legal_observations,provisional_not_selected
market_history.WHEAT.w24.quote_change_sum,multiscale_market_history,3,0.0,2.0,0.7009668508287292,current_and_past_legal_observations,provisional_not_selected
market_history.WHEAT.w24.sales_lower_sum,multiscale_market_history,1,0.0,0.0,0.0,current_and_past_legal_observations,coverage_gap_constant
market_history.WHEAT.w24.sales_upper_sum,multiscale_market_history,1,0.0,0.0,0.0,current_and_past_legal_observations,coverage_gap_constant
market_history.WHEAT.w24.harvest_upper_sum,multiscale_market_history,1,0.0,0.0,0.0,current_and_past_legal_observations,coverage_gap_constant
market_history.WHEAT.w24.identified_fraction,multiscale_market_history,1,0.0,0.0,0.0,current_and_past_legal_observations,coverage_gap_constant
market_history.WHEAT.sale_seen,rival_sale_recency,1,0.0,0.0,0.0,current_and_past_legal_observations,coverage_gap_constant
market_history.WHEAT.sale_age,rival_sale_recency,1,0.0,0.0,0.0,current_and_past_legal_observations,coverage_gap_constant
market_history.CARROT.last.available,causal_supply_bounds,2,0.0,1.0,0.994475138121547,current_and_past_legal_observations,provisional_not_selected
market_history.CARROT.last.trade_net,causal_supply_bounds,6,0.0,6.0,0.0036256906077348065,current_and_past_legal_observations,provisional_not_selected
market_history.CARROT.last.known_demand,causal_supply_bounds,1,0.0,0.0,0.0,current_and_past_legal_observations,coverage_gap_constant
market_history.CARROT.last.quote_change,causal_supply_bounds,4,-3.0,0.0,0.0027624309392265192,current_and_past_legal_observations,provisional_not_selected
market_history.CARROT.last.sale_supported,causal_supply_bounds,1,1.0,1.0,1.0,current_and_past_legal_observations,coverage_gap_constant
market_history.CARROT.last.sales_lower,causal_supply_bounds,4,0.0,3.0,0.003453038674033149,current_and_past_legal_observations,provisional_not_selected
market_history.CARROT.last.sales_upper,causal_supply_bounds,4,0.0,3.0,0.003453038674033149,current_and_past_legal_observations,provisional_not_selected
market_history.CARROT.last.sales_identified,causal_supply_bounds,2,0.0,1.0,0.994475138121547,current_and_past_legal_observations,provisional_not_selected
market_history.CARROT.last.floor_censored,causal_supply_bounds,1,0.0,0.0,0.0,current_and_past_legal_observations,coverage_gap_constant
market_history.CARROT.last.harvest_upper,causal_supply_bounds,5,0.0,6.0,0.008287292817679558,current_and_past_legal_observations,provisional_not_selected
market_history.CARROT.last.stock_upper,causal_supply_bounds,9,0.0,12.0,0.08494475138121547,current_and_past_legal_observations,provisional_not_selected
market_history.CARROT.w4.observed,multiscale_market_history,2,0.0,4.0,0.994475138121547,current_and_past_legal_observations,provisional_not_selected
market_history.CARROT.w4.trade_sum,multiscale_market_history,15,0.0,21.0,0.03038674033149171,current_and_past_legal_observations,provisional_not_selected
market_history.CARROT.w4.trade_std,multiscale_market_history,23,0.0,9.093266739736606,0.03038674033149171,current_and_past_legal_observations,provisional_not_selected
market_history.CARROT.w4.quote_change_sum,multiscale_market_history,11,-5.0,5.0,0.18836325966850828,current_and_past_legal_observations,provisional_not_selected
market_history.CARROT.w4.sales_lower_sum,multiscale_market_history,8,0.0,9.0,0.024171270718232045,current_and_past_legal_observations,provisional_not_selected
market_history.CARROT.w4.sales_upper_sum,multiscale_market_history,8,0.0,9.0,0.024171270718232045,current_and_past_legal_observations,provisional_not_selected
market_history.CARROT.w4.harvest_upper_sum,multiscale_market_history,6,0.0,6.0,0.031077348066298343,current_and_past_legal_observations,provisional_not_selected
market_history.CARROT.w4.identified_fraction,multiscale_market_history,2,0.0,1.0,0.994475138121547,current_and_past_legal_observations,provisional_not_selected
market_history.CARROT.w12.observed,multiscale_market_history,4,0.0,12.0,0.994475138121547,current_and_past_legal_observations,provisional_not_selected
market_history.CARROT.w12.trade_sum,multiscale_market_history,18,0.0,21.0,0.0649171270718232,current_and_past_legal_observations,provisional_not_selected
market_history.CARROT.w12.trade_std,multiscale_market_history,46,0.0,5.80409338312195,0.0649171270718232,current_and_past_legal_observations,provisional_not_selected
market_history.CARROT.w12.quote_change_sum,multiscale_market_history,15,-1.0,13.0,0.4129834254143646,current_and_past_legal_observations,provisional_not_selected
market_history.CARROT.w12.sales_lower_sum,multiscale_market_history,10,0.0,11.0,0.057320441988950276,current_and_past_legal_observations,provisional_not_selected
market_history.CARROT.w12.sales_upper_sum,multiscale_market_history,10,0.0,11.0,0.057320441988950276,current_and_past_legal_observations,provisional_not_selected
market_history.CARROT.w12.harvest_upper_sum,multiscale_market_history,9,0.0,12.0,0.06698895027624309,current_and_past_legal_observations,provisional_not_selected
market_history.CARROT.w12.identified_fraction,multiscale_market_history,2,0.0,1.0,0.994475138121547,current_and_past_legal_observations,provisional_not_selected
market_history.CARROT.w24.observed,multiscale_market_history,7,0.0,24.0,0.994475138121547,current_and_past_legal_observations,provisional_not_selected
market_history.CARROT.w24.trade_sum,multiscale_market_history,20,0.0,26.0,0.10290055248618785,current_and_past_legal_observations,provisional_not_selected
market_history.CARROT.w24.trade_std,multiscale_market_history,58,0.0,4.19635258289863,0.10290055248618785,current_and_past_legal_observations,provisional_not_selected
market_history.CARROT.w24.quote_change_sum,multiscale_market_history,19,0.0,18.0,0.6022099447513812,current_and_past_legal_observations,provisional_not_selected
market_history.CARROT.w24.sales_lower_sum,multiscale_market_history,12,0.0,13.0,0.09392265193370165,current_and_past_legal_observations,provisional_not_selected
market_history.CARROT.w24.sales_upper_sum,multiscale_market_history,12,0.0,13.0,0.09392265193370165,current_and_past_legal_observations,provisional_not_selected
market_history.CARROT.w24.harvest_upper_sum,multiscale_market_history,11,0.0,12.0,0.10497237569060773,current_and_past_legal_observations,provisional_not_selected
market_history.CARROT.w24.identified_fraction,multiscale_market_history,2,0.0,1.0,0.994475138121547,current_and_past_legal_observations,provisional_not_selected
market_history.CARROT.sale_seen,rival_sale_recency,2,0.0,1.0,0.10220994475138122,current_and_past_legal_observations,provisional_not_selected
market_history.CARROT.sale_age,rival_sale_recency,23,0.0,48.0,0.10220994475138122,current_and_past_legal_observations,provisional_not_selected
market_history.TOMATO.last.available,causal_supply_bounds,2,0.0,1.0,0.994475138121547,current_and_past_legal_observations,provisional_not_selected
market_history.TOMATO.last.trade_net,causal_supply_bounds,1,0.0,0.0,0.0,current_and_past_legal_observations,coverage_gap_constant
market_history.TOMATO.last.known_demand,causal_supply_bounds,1,0.0,0.0,0.0,current_and_past_legal_observations,coverage_gap_constant
market_history.TOMATO.last.quote_change,causal_supply_bounds,1,0.0,0.0,0.0,current_and_past_legal_observations,coverage_gap_constant
market_history.TOMATO.last.sale_supported,causal_supply_bounds,1,1.0,1.0,1.0,current_and_past_legal_observations,coverage_gap_constant
market_history.TOMATO.last.sales_lower,causal_supply_bounds,1,0.0,0.0,0.0,current_and_past_legal_observations,coverage_gap_constant
market_history.TOMATO.last.sales_upper,causal_supply_bounds,1,0.0,0.0,0.0,current_and_past_legal_observations,coverage_gap_constant
market_history.TOMATO.last.sales_identified,causal_supply_bounds,2,0.0,1.0,0.994475138121547,current_and_past_legal_observations,provisional_not_selected
market_history.TOMATO.last.floor_censored,causal_supply_bounds,1,0.0,0.0,0.0,current_and_past_legal_observations,coverage_gap_constant
market_history.TOMATO.last.harvest_upper,causal_supply_bounds,1,0.0,0.0,0.0,current_and_past_legal_observations,coverage_gap_constant
market_history.TOMATO.last.stock_upper,causal_supply_bounds,1,0.0,0.0,0.0,current_and_past_legal_observations,coverage_gap_constant
market_history.TOMATO.w4.observed,multiscale_market_history,2,0.0,4.0,0.994475138121547,current_and_past_legal_observations,provisional_not_selected
market_history.TOMATO.w4.trade_sum,multiscale_market_history,1,0.0,0.0,0.0,current_and_past_legal_observations,coverage_gap_constant
market_history.TOMATO.w4.trade_std,multiscale_market_history,1,0.0,0.0,0.0,current_and_past_legal_observations,coverage_gap_constant
market_history.TOMATO.w4.quote_change_sum,multiscale_market_history,5,0.0,4.0,0.11464088397790055,current_and_past_legal_observations,provisional_not_selected
market_history.TOMATO.w4.sales_lower_sum,multiscale_market_history,1,0.0,0.0,0.0,current_and_past_legal_observations,coverage_gap_constant
market_history.TOMATO.w4.sales_upper_sum,multiscale_market_history,1,0.0,0.0,0.0,current_and_past_legal_observations,coverage_gap_constant
market_history.TOMATO.w4.harvest_upper_sum,multiscale_market_history,1,0.0,0.0,0.0,current_and_past_legal_observations,coverage_gap_constant
market_history.TOMATO.w4.identified_fraction,multiscale_market_history,2,0.0,1.0,0.994475138121547,current_and_past_legal_observations,provisional_not_selected
market_history.TOMATO.w12.observed,multiscale_market_history,4,0.0,12.0,0.994475138121547,current_and_past_legal_observations,provisional_not_selected
market_history.TOMATO.w12.trade_sum,multiscale_market_history,1,0.0,0.0,0.0,current_and_past_legal_observations,coverage_gap_constant
market_history.TOMATO.w12.trade_std,multiscale_market_history,1,0.0,0.0,0.0,current_and_past_legal_observations,coverage_gap_constant
market_history.TOMATO.w12.quote_change_sum,multiscale_market_history,11,0.0,10.0,0.2866022099447514,current_and_past_legal_observations,provisional_not_selected
market_history.TOMATO.w12.sales_lower_sum,multiscale_market_history,1,0.0,0.0,0.0,current_and_past_legal_observations,coverage_gap_constant
market_history.TOMATO.w12.sales_upper_sum,multiscale_market_history,1,0.0,0.0,0.0,current_and_past_legal_observations,coverage_gap_constant
market_history.TOMATO.w12.harvest_upper_sum,multiscale_market_history,1,0.0,0.0,0.0,current_and_past_legal_observations,coverage_gap_constant
market_history.TOMATO.w12.identified_fraction,multiscale_market_history,2,0.0,1.0,0.994475138121547,current_and_past_legal_observations,provisional_not_selected
market_history.TOMATO.w24.observed,multiscale_market_history,7,0.0,24.0,0.994475138121547,current_and_past_legal_observations,provisional_not_selected
market_history.TOMATO.w24.trade_sum,multiscale_market_history,1,0.0,0.0,0.0,current_and_past_legal_observations,coverage_gap_constant
market_history.TOMATO.w24.trade_std,multiscale_market_history,1,0.0,0.0,0.0,current_and_past_legal_observations,coverage_gap_constant
market_history.TOMATO.w24.quote_change_sum,multiscale_market_history,20,0.0,19.0,0.4675414364640884,current_and_past_legal_observations,provisional_not_selected
market_history.TOMATO.w24.sales_lower_sum,multiscale_market_history,1,0.0,0.0,0.0,current_and_past_legal_observations,coverage_gap_constant
market_history.TOMATO.w24.sales_upper_sum,multiscale_market_history,1,0.0,0.0,0.0,current_and_past_legal_observations,coverage_gap_constant
market_history.TOMATO.w24.harvest_upper_sum,multiscale_market_history,1,0.0,0.0,0.0,current_and_past_legal_observations,coverage_gap_constant
market_history.TOMATO.w24.identified_fraction,multiscale_market_history,2,0.0,1.0,0.994475138121547,current_and_past_legal_observations,provisional_not_selected
market_history.TOMATO.sale_seen,rival_sale_recency,1,0.0,0.0,0.0,current_and_past_legal_observations,coverage_gap_constant
market_history.TOMATO.sale_age,rival_sale_recency,1,0.0,0.0,0.0,current_and_past_legal_observations,coverage_gap_constant
market_history.STRAWBERRY.last.available,causal_supply_bounds,2,0.0,1.0,0.994475138121547,current_and_past_legal_observations,provisional_not_selected
market_history.STRAWBERRY.last.trade_net,causal_supply_bounds,10,0.0,24.0,0.009841160220994474,current_and_past_legal_observations,provisional_not_selected
market_history.STRAWBERRY.last.known_demand,causal_supply_bounds,1,0.0,0.0,0.0,current_and_past_legal_observations,coverage_gap_constant
market_history.STRAWBERRY.last.quote_change,causal_supply_bounds,6,-6.0,0.0,0.007424033149171271,current_and_past_legal_observations,provisional_not_selected
market_history.STRAWBERRY.last.sale_supported,causal_supply_bounds,1,1.0,1.0,1.0,current_and_past_legal_observations,coverage_gap_constant
market_history.STRAWBERRY.last.sales_lower,causal_supply_bounds,5,0.0,12.0,0.006906077348066298,current_and_past_legal_observations,provisional_not_selected
market_history.STRAWBERRY.last.sales_upper,causal_supply_bounds,5,0.0,12.0,0.006906077348066298,current_and_past_legal_observations,provisional_not_selected
market_history.STRAWBERRY.last.sales_identified,causal_supply_bounds,2,0.0,1.0,0.994475138121547,current_and_past_legal_observations,provisional_not_selected
market_history.STRAWBERRY.last.floor_censored,causal_supply_bounds,1,0.0,0.0,0.0,current_and_past_legal_observations,coverage_gap_constant
market_history.STRAWBERRY.last.harvest_upper,causal_supply_bounds,13,0.0,12.0,0.0531767955801105,current_and_past_legal_observations,provisional_not_selected
market_history.STRAWBERRY.last.stock_upper,causal_supply_bounds,55,0.0,80.0,0.23342541436464087,current_and_past_legal_observations,provisional_not_selected
market_history.STRAWBERRY.w4.observed,multiscale_market_history,2,0.0,4.0,0.994475138121547,current_and_past_legal_observations,provisional_not_selected
market_history.STRAWBERRY.w4.trade_sum,multiscale_market_history,25,0.0,72.0,0.038501381215469616,current_and_past_legal_observations,provisional_not_selected
market_history.STRAWBERRY.w4.trade_std,multiscale_market_history,43,0.0,31.176914536239792,0.038501381215469616,current_and_past_legal_observations,provisional_not_selected
market_history.STRAWBERRY.w4.quote_change_sum,multiscale_market_history,20,-21.0,8.0,0.7726174033149171,current_and_past_legal_observations,provisional_not_selected
market_history.STRAWBERRY.w4.sales_lower_sum,multiscale_market_history,14,0.0,44.0,0.03038674033149171,current_and_past_legal_observations,provisional_not_selected
market_history.STRAWBERRY.w4.sales_upper_sum,multiscale_market_history,14,0.0,44.0,0.03038674033149171,current_and_past_legal_observations,provisional_not_selected
market_history.STRAWBERRY.w4.harvest_upper_sum,multiscale_market_history,15,0.0,20.0,0.08149171270718232,current_and_past_legal_observations,provisional_not_selected
market_history.STRAWBERRY.w4.identified_fraction,multiscale_market_history,2,0.0,1.0,0.994475138121547,current_and_past_legal_observations,provisional_not_selected
market_history.STRAWBERRY.w12.observed,multiscale_market_history,4,0.0,12.0,0.994475138121547,current_and_past_legal_observations,provisional_not_selected
market_history.STRAWBERRY.w12.trade_sum,multiscale_market_history,36,0.0,72.0,0.06457182320441988,current_and_past_legal_observations,provisional_not_selected
market_history.STRAWBERRY.w12.trade_std,multiscale_market_history,90,0.0,19.8997487421324,0.06457182320441988,current_and_past_legal_observations,provisional_not_selected
market_history.STRAWBERRY.w12.quote_change_sum,multiscale_market_history,30,-24.0,8.0,0.8960635359116023,current_and_past_legal_observations,provisional_not_selected
market_history.STRAWBERRY.w12.sales_lower_sum,multiscale_market_history,16,0.0,48.0,0.05870165745856354,current_and_past_legal_observations,provisional_not_selected
market_history.STRAWBERRY.w12.sales_upper_sum,multiscale_market_history,16,0.0,48.0,0.05870165745856354,current_and_past_legal_observations,provisional_not_selected
market_history.STRAWBERRY.w12.harvest_upper_sum,multiscale_market_history,29,0.0,44.0,0.16505524861878454,current_and_past_legal_observations,provisional_not_selected
market_history.STRAWBERRY.w12.identified_fraction,multiscale_market_history,2,0.0,1.0,0.994475138121547,current_and_past_legal_observations,provisional_not_selected
market_history.STRAWBERRY.w24.observed,multiscale_market_history,7,0.0,24.0,0.994475138121547,current_and_past_legal_observations,provisional_not_selected
market_history.STRAWBERRY.w24.trade_sum,multiscale_market_history,36,0.0,112.0,0.06837016574585636,current_and_past_legal_observations,provisional_not_selected
market_history.STRAWBERRY.w24.trade_std,multiscale_market_history,106,0.0,16.152055252780954,0.06837016574585636,current_and_past_legal_observations,provisional_not_selected
market_history.STRAWBERRY.w24.quote_change_sum,multiscale_market_history,36,-27.0,12.0,0.9930939226519337,current_and_past_legal_observations,provisional_not_selected
market_history.STRAWBERRY.w24.sales_lower_sum,multiscale_market_history,16,0.0,56.0,0.06837016574585636,current_and_past_legal_observations,provisional_not_selected
market_history.STRAWBERRY.w24.sales_upper_sum,multiscale_market_history,16,0.0,56.0,0.06837016574585636,current_and_past_legal_observations,provisional_not_selected
market_history.STRAWBERRY.w24.harvest_upper_sum,multiscale_market_history,48,0.0,60.0,0.23342541436464087,current_and_past_legal_observations,provisional_not_selected
market_history.STRAWBERRY.w24.identified_fraction,multiscale_market_history,2,0.0,1.0,0.994475138121547,current_and_past_legal_observations,provisional_not_selected
market_history.STRAWBERRY.sale_seen,rival_sale_recency,2,0.0,1.0,0.06837016574585636,current_and_past_legal_observations,provisional_not_selected
market_history.STRAWBERRY.sale_age,rival_sale_recency,15,0.0,24.0,0.06837016574585636,current_and_past_legal_observations,provisional_not_selected
market_history.MELON.last.available,causal_supply_bounds,2,0.0,1.0,0.994475138121547,current_and_past_legal_observations,provisional_not_selected
market_history.MELON.last.trade_net,causal_supply_bounds,6,0.0,24.0,0.012430939226519336,current_and_past_legal_observations,provisional_not_selected
market_history.MELON.last.known_demand,causal_supply_bounds,1,0.0,0.0,0.0,current_and_past_legal_observations,coverage_gap_constant
market_history.MELON.last.quote_change,causal_supply_bounds,7,-29.0,0.0,0.012430939226519336,current_and_past_legal_observations,provisional_not_selected
market_history.MELON.last.sale_supported,causal_supply_bounds,1,1.0,1.0,1.0,current_and_past_legal_observations,coverage_gap_constant
market_history.MELON.last.sales_lower,causal_supply_bounds,5,0.0,12.0,0.008977900552486187,current_and_past_legal_observations,provisional_not_selected
market_history.MELON.last.sales_upper,causal_supply_bounds,13,0.0,100.0,0.08598066298342541,current_and_past_legal_observations,provisional_not_selected
market_history.MELON.last.sales_identified,causal_supply_bounds,2,0.0,1.0,0.9167817679558011,current_and_past_legal_observations,provisional_not_selected
market_history.MELON.last.floor_censored,causal_supply_bounds,2,0.0,1.0,0.07769337016574586,current_and_past_legal_observations,provisional_not_selected
market_history.MELON.last.harvest_upper,causal_supply_bounds,3,0.0,12.0,0.027624309392265192,current_and_past_legal_observations,provisional_not_selected
market_history.MELON.last.stock_upper,causal_supply_bounds,25,0.0,108.0,0.6464088397790055,current_and_past_legal_observations,provisional_not_selected
market_history.MELON.w4.observed,multiscale_market_history,2,0.0,4.0,0.994475138121547,current_and_past_legal_observations,provisional_not_selected
market_history.MELON.w4.trade_sum,multiscale_market_history,16,0.0,72.0,0.04454419889502762,current_and_past_legal_observations,provisional_not_selected
market_history.MELON.w4.trade_std,multiscale_market_history,19,0.0,31.176914536239792,0.04454419889502762,current_and_past_legal_observations,provisional_not_selected
market_history.MELON.w4.quote_change_sum,multiscale_market_history,19,-154.0,6.0,0.17990331491712708,current_and_past_legal_observations,provisional_not_selected
market_history.MELON.w4.sales_lower_sum,multiscale_market_history,9,0.0,36.0,0.03280386740331492,current_and_past_legal_observations,provisional_not_selected
market_history.MELON.w4.sales_upper_sum,multiscale_market_history,28,0.0,400.0,0.11636740331491713,current_and_past_legal_observations,provisional_not_selected
market_history.MELON.w4.harvest_upper_sum,multiscale_market_history,6,0.0,30.0,0.0718232044198895,current_and_past_legal_observations,provisional_not_selected
market_history.MELON.w4.identified_fraction,multiscale_market_history,4,0.0,1.0,0.9209254143646409,current_and_past_legal_observations,provisional_not_selected
market_history.MELON.w12.observed,multiscale_market_history,4,0.0,12.0,0.994475138121547,current_and_past_legal_observations,provisional_not_selected
market_history.MELON.w12.trade_sum,multiscale_market_history,19,0.0,96.0,0.10048342541436464,current_and_past_legal_observations,provisional_not_selected
market_history.MELON.w12.trade_std,multiscale_market_history,25,0.0,20.396078054371138,0.10048342541436464,current_and_past_legal_observations,provisional_not_selected
market_history.MELON.w12.quote_change_sum,multiscale_market_history,21,-183.0,6.0,0.506560773480663,current_and_past_legal_observations,provisional_not_selected
market_history.MELON.w12.sales_lower_sum,multiscale_market_history,12,0.0,48.0,0.06526243093922653,current_and_past_legal_observations,provisional_not_selected
market_history.MELON.w12.sales_upper_sum,multiscale_market_history,62,0.0,1200.0,0.16056629834254144,current_and_past_legal_observations,provisional_not_selected
market_history.MELON.w12.harvest_upper_sum,multiscale_market_history,12,0.0,72.0,0.10013812154696132,current_and_past_legal_observations,provisional_not_selected
market_history.MELON.w12.identified_fraction,multiscale_market_history,10,0.0,1.0,0.9406077348066298,current_and_past_legal_observations,provisional_not_selected
market_history.MELON.w24.observed,multiscale_market_history,7,0.0,24.0,0.994475138121547,current_and_past_legal_observations,provisional_not_selected
market_history.MELON.w24.trade_sum,multiscale_market_history,26,0.0,144.0,0.16056629834254144,current_and_past_legal_observations,provisional_not_selected
market_history.MELON.w24.trade_std,multiscale_market_history,39,0.0,15.491933384829668,0.16056629834254144,current_and_past_legal_observations,provisional_not_selected
market_history.MELON.w24.quote_change_sum,multiscale_market_history,29,-225.0,6.0,0.974792817679558,current_and_past_legal_observations,provisional_not_selected
market_history.MELON.w24.sales_lower_sum,multiscale_market_history,16,0.0,72.0,0.09737569060773481,current_and_past_legal_observations,provisional_not_selected
market_history.MELON.w24.sales_upper_sum,multiscale_market_history,115,0.0,2400.0,0.2082182320441989,current_and_past_legal_observations,provisional_not_selected
market_history.MELON.w24.harvest_upper_sum,multiscale_market_history,17,0.0,102.0,0.13328729281767956,current_and_past_legal_observations,provisional_not_selected
market_history.MELON.w24.identified_fraction,multiscale_market_history,19,0.0,1.0,0.9690953038674033,current_and_past_legal_observations,provisional_not_selected
market_history.MELON.sale_seen,rival_sale_recency,2,0.0,1.0,0.6629834254143646,current_and_past_legal_observations,provisional_not_selected
market_history.MELON.sale_age,rival_sale_recency,232,0.0,454.0,0.6629834254143646,current_and_past_legal_observations,provisional_not_selected
market_history.EGG.last.available,causal_supply_bounds,2,0.0,1.0,0.994475138121547,current_and_past_legal_observations,provisional_not_selected
market_history.EGG.last.trade_net,causal_supply_bounds,1,0.0,0.0,0.0,current_and_past_legal_observations,coverage_gap_constant
market_history.EGG.last.known_demand,causal_supply_bounds,1,0.0,0.0,0.0,current_and_past_legal_observations,coverage_gap_constant
market_history.EGG.last.quote_change,causal_supply_bounds,1,0.0,0.0,0.0,current_and_past_legal_observations,coverage_gap_constant
market_history.EGG.last.sale_supported,causal_supply_bounds,1,1.0,1.0,1.0,current_and_past_legal_observations,coverage_gap_constant
market_history.EGG.last.sales_lower,causal_supply_bounds,1,0.0,0.0,0.0,current_and_past_legal_observations,coverage_gap_constant
market_history.EGG.last.sales_upper,causal_supply_bounds,1,0.0,0.0,0.0,current_and_past_legal_observations,coverage_gap_constant
market_history.EGG.last.sales_identified,causal_supply_bounds,2,0.0,1.0,0.994475138121547,current_and_past_legal_observations,provisional_not_selected
market_history.EGG.last.floor_censored,causal_supply_bounds,1,0.0,0.0,0.0,current_and_past_legal_observations,coverage_gap_constant
market_history.EGG.last.harvest_upper,causal_supply_bounds,1,0.0,0.0,0.0,current_and_past_legal_observations,coverage_gap_constant
market_history.EGG.last.stock_upper,causal_supply_bounds,1,0.0,0.0,0.0,current_and_past_legal_observations,coverage_gap_constant
market_history.EGG.w4.observed,multiscale_market_history,2,0.0,4.0,0.994475138121547,current_and_past_legal_observations,provisional_not_selected
market_history.EGG.w4.trade_sum,multiscale_market_history,1,0.0,0.0,0.0,current_and_past_legal_observations,coverage_gap_constant
market_history.EGG.w4.trade_std,multiscale_market_history,1,0.0,0.0,0.0,current_and_past_legal_observations,coverage_gap_constant
market_history.EGG.w4.quote_change_sum,multiscale_market_history,6,0.0,5.0,0.13950276243093923,current_and_past_legal_observations,provisional_not_selected
market_history.EGG.w4.sales_lower_sum,multiscale_market_history,1,0.0,0.0,0.0,current_and_past_legal_observations,coverage_gap_constant
market_history.EGG.w4.sales_upper_sum,multiscale_market_history,1,0.0,0.0,0.0,current_and_past_legal_observations,coverage_gap_constant
market_history.EGG.w4.harvest_upper_sum,multiscale_market_history,1,0.0,0.0,0.0,current_and_past_legal_observations,coverage_gap_constant
market_history.EGG.w4.identified_fraction,multiscale_market_history,2,0.0,1.0,0.994475138121547,current_and_past_legal_observations,provisional_not_selected
market_history.EGG.w12.observed,multiscale_market_history,4,0.0,12.0,0.994475138121547,current_and_past_legal_observations,provisional_not_selected
market_history.EGG.w12.trade_sum,multiscale_market_history,1,0.0,0.0,0.0,current_and_past_legal_observations,coverage_gap_constant
market_history.EGG.w12.trade_std,multiscale_market_history,1,0.0,0.0,0.0,current_and_past_legal_observations,coverage_gap_constant
market_history.EGG.w12.quote_change_sum,multiscale_market_history,14,0.0,13.0,0.30732044198895025,current_and_past_legal_observations,provisional_not_selected
market_history.EGG.w12.sales_lower_sum,multiscale_market_history,1,0.0,0.0,0.0,current_and_past_legal_observations,coverage_gap_constant
market_history.EGG.w12.sales_upper_sum,multiscale_market_history,1,0.0,0.0,0.0,current_and_past_legal_observations,coverage_gap_constant
market_history.EGG.w12.harvest_upper_sum,multiscale_market_history,1,0.0,0.0,0.0,current_and_past_legal_observations,coverage_gap_constant
market_history.EGG.w12.identified_fraction,multiscale_market_history,2,0.0,1.0,0.994475138121547,current_and_past_legal_observations,provisional_not_selected
market_history.EGG.w24.observed,multiscale_market_history,7,0.0,24.0,0.994475138121547,current_and_past_legal_observations,provisional_not_selected
market_history.EGG.w24.trade_sum,multiscale_market_history,1,0.0,0.0,0.0,current_and_past_legal_observations,coverage_gap_constant
market_history.EGG.w24.trade_std,multiscale_market_history,1,0.0,0.0,0.0,current_and_past_legal_observations,coverage_gap_constant
market_history.EGG.w24.quote_change_sum,multiscale_market_history,26,0.0,25.0,0.4937845303867403,current_and_past_legal_observations,provisional_not_selected
market_history.EGG.w24.sales_lower_sum,multiscale_market_history,1,0.0,0.0,0.0,current_and_past_legal_observations,coverage_gap_constant
market_history.EGG.w24.sales_upper_sum,multiscale_market_history,1,0.0,0.0,0.0,current_and_past_legal_observations,coverage_gap_constant
market_history.EGG.w24.harvest_upper_sum,multiscale_market_history,1,0.0,0.0,0.0,current_and_past_legal_observations,coverage_gap_constant
market_history.EGG.w24.identified_fraction,multiscale_market_history,2,0.0,1.0,0.994475138121547,current_and_past_legal_observations,provisional_not_selected
market_history.EGG.sale_seen,rival_sale_recency,1,0.0,0.0,0.0,current_and_past_legal_observations,coverage_gap_constant
market_history.EGG.sale_age,rival_sale_recency,1,0.0,0.0,0.0,current_and_past_legal_observations,coverage_gap_constant
market_history.MILK.last.available,causal_supply_bounds,2,0.0,1.0,0.994475138121547,current_and_past_legal_observations,provisional_not_selected
market_history.MILK.last.trade_net,causal_supply_bounds,1,0.0,0.0,0.0,current_and_past_legal_observations,coverage_gap_constant
market_history.MILK.last.known_demand,causal_supply_bounds,1,0.0,0.0,0.0,current_and_past_legal_observations,coverage_gap_constant
market_history.MILK.last.quote_change,causal_supply_bounds,1,0.0,0.0,0.0,current_and_past_legal_observations,coverage_gap_constant
market_history.MILK.last.sale_supported,causal_supply_bounds,1,1.0,1.0,1.0,current_and_past_legal_observations,coverage_gap_constant
market_history.MILK.last.sales_lower,causal_supply_bounds,1,0.0,0.0,0.0,current_and_past_legal_observations,coverage_gap_constant
market_history.MILK.last.sales_upper,causal_supply_bounds,1,0.0,0.0,0.0,current_and_past_legal_observations,coverage_gap_constant
market_history.MILK.last.sales_identified,causal_supply_bounds,2,0.0,1.0,0.994475138121547,current_and_past_legal_observations,provisional_not_selected
market_history.MILK.last.floor_censored,causal_supply_bounds,1,0.0,0.0,0.0,current_and_past_legal_observations,coverage_gap_constant
market_history.MILK.last.harvest_upper,causal_supply_bounds,1,0.0,0.0,0.0,current_and_past_legal_observations,coverage_gap_constant
market_history.MILK.last.stock_upper,causal_supply_bounds,1,0.0,0.0,0.0,current_and_past_legal_observations,coverage_gap_constant
market_history.MILK.w4.observed,multiscale_market_history,2,0.0,4.0,0.994475138121547,current_and_past_legal_observations,provisional_not_selected
market_history.MILK.w4.trade_sum,multiscale_market_history,1,0.0,0.0,0.0,current_and_past_legal_observations,coverage_gap_constant
market_history.MILK.w4.trade_std,multiscale_market_history,1,0.0,0.0,0.0,current_and_past_legal_observations,coverage_gap_constant
market_history.MILK.w4.quote_change_sum,multiscale_market_history,6,0.0,9.0,0.585635359116022,current_and_past_legal_observations,provisional_not_selected
market_history.MILK.w4.sales_lower_sum,multiscale_market_history,1,0.0,0.0,0.0,current_and_past_legal_observations,coverage_gap_constant
market_history.MILK.w4.sales_upper_sum,multiscale_market_history,1,0.0,0.0,0.0,current_and_past_legal_observations,coverage_gap_constant
market_history.MILK.w4.harvest_upper_sum,multiscale_market_history,1,0.0,0.0,0.0,current_and_past_legal_observations,coverage_gap_constant
market_history.MILK.w4.identified_fraction,multiscale_market_history,2,0.0,1.0,0.994475138121547,current_and_past_legal_observations,provisional_not_selected
market_history.MILK.w12.observed,multiscale_market_history,4,0.0,12.0,0.994475138121547,current_and_past_legal_observations,provisional_not_selected
market_history.MILK.w12.trade_sum,multiscale_market_history,1,0.0,0.0,0.0,current_and_past_legal_observations,coverage_gap_constant
market_history.MILK.w12.trade_std,multiscale_market_history,1,0.0,0.0,0.0,current_and_past_legal_observations,coverage_gap_constant
market_history.MILK.w12.quote_change_sum,multiscale_market_history,8,0.0,9.0,0.8266574585635359,current_and_past_legal_observations,provisional_not_selected
market_history.MILK.w12.sales_lower_sum,multiscale_market_history,1,0.0,0.0,0.0,current_and_past_legal_observations,coverage_gap_constant
market_history.MILK.w12.sales_upper_sum,multiscale_market_history,1,0.0,0.0,0.0,current_and_past_legal_observations,coverage_gap_constant
market_history.MILK.w12.harvest_upper_sum,multiscale_market_history,1,0.0,0.0,0.0,current_and_past_legal_observations,coverage_gap_constant
market_history.MILK.w12.identified_fraction,multiscale_market_history,2,0.0,1.0,0.994475138121547,current_and_past_legal_observations,provisional_not_selected
market_history.MILK.w24.observed,multiscale_market_history,7,0.0,24.0,0.994475138121547,current_and_past_legal_observations,provisional_not_selected
market_history.MILK.w24.trade_sum,multiscale_market_history,1,0.0,0.0,0.0,current_and_past_legal_observations,coverage_gap_constant
market_history.MILK.w24.trade_std,multiscale_market_history,1,0.0,0.0,0.0,current_and_past_legal_observations,coverage_gap_constant
market_history.MILK.w24.quote_change_sum,multiscale_market_history,11,0.0,10.0,0.994475138121547,current_and_past_legal_observations,provisional_not_selected
market_history.MILK.w24.sales_lower_sum,multiscale_market_history,1,0.0,0.0,0.0,current_and_past_legal_observations,coverage_gap_constant
market_history.MILK.w24.sales_upper_sum,multiscale_market_history,1,0.0,0.0,0.0,current_and_past_legal_observations,coverage_gap_constant
market_history.MILK.w24.harvest_upper_sum,multiscale_market_history,1,0.0,0.0,0.0,current_and_past_legal_observations,coverage_gap_constant
market_history.MILK.w24.identified_fraction,multiscale_market_history,2,0.0,1.0,0.994475138121547,current_and_past_legal_observations,provisional_not_selected
market_history.MILK.sale_seen,rival_sale_recency,1,0.0,0.0,0.0,current_and_past_legal_observations,coverage_gap_constant
market_history.MILK.sale_age,rival_sale_recency,1,0.0,0.0,0.0,current_and_past_legal_observations,coverage_gap_constant
market_history.WOOL.last.available,causal_supply_bounds,2,0.0,1.0,0.994475138121547,current_and_past_legal_observations,provisional_not_selected
market_history.WOOL.last.trade_net,causal_supply_bounds,1,0.0,0.0,0.0,current_and_past_legal_observations,coverage_gap_constant
market_history.WOOL.last.known_demand,causal_supply_bounds,1,0.0,0.0,0.0,current_and_past_legal_observations,coverage_gap_constant
market_history.WOOL.last.quote_change,causal_supply_bounds,1,0.0,0.0,0.0,current_and_past_legal_observations,coverage_gap_constant
market_history.WOOL.last.sale_supported,causal_supply_bounds,1,1.0,1.0,1.0,current_and_past_legal_observations,coverage_gap_constant
market_history.WOOL.last.sales_lower,causal_supply_bounds,1,0.0,0.0,0.0,current_and_past_legal_observations,coverage_gap_constant
market_history.WOOL.last.sales_upper,causal_supply_bounds,1,0.0,0.0,0.0,current_and_past_legal_observations,coverage_gap_constant
market_history.WOOL.last.sales_identified,causal_supply_bounds,2,0.0,1.0,0.994475138121547,current_and_past_legal_observations,provisional_not_selected
market_history.WOOL.last.floor_censored,causal_supply_bounds,1,0.0,0.0,0.0,current_and_past_legal_observations,coverage_gap_constant
market_history.WOOL.last.harvest_upper,causal_supply_bounds,1,0.0,0.0,0.0,current_and_past_legal_observations,coverage_gap_constant
market_history.WOOL.last.stock_upper,causal_supply_bounds,1,0.0,0.0,0.0,current_and_past_legal_observations,coverage_gap_constant
market_history.WOOL.w4.observed,multiscale_market_history,2,0.0,4.0,0.994475138121547,current_and_past_legal_observations,provisional_not_selected
market_history.WOOL.w4.trade_sum,multiscale_market_history,1,0.0,0.0,0.0,current_and_past_legal_observations,coverage_gap_constant
market_history.WOOL.w4.trade_std,multiscale_market_history,1,0.0,0.0,0.0,current_and_past_legal_observations,coverage_gap_constant
market_history.WOOL.w4.quote_change_sum,multiscale_market_history,5,0.0,6.0,0.15331491712707182,current_and_past_legal_observations,provisional_not_selected
market_history.WOOL.w4.sales_lower_sum,multiscale_market_history,1,0.0,0.0,0.0,current_and_past_legal_observations,coverage_gap_constant
market_history.WOOL.w4.sales_upper_sum,multiscale_market_history,1,0.0,0.0,0.0,current_and_past_legal_observations,coverage_gap_constant
market_history.WOOL.w4.harvest_upper_sum,multiscale_market_history,1,0.0,0.0,0.0,current_and_past_legal_observations,coverage_gap_constant
market_history.WOOL.w4.identified_fraction,multiscale_market_history,2,0.0,1.0,0.994475138121547,current_and_past_legal_observations,provisional_not_selected
market_history.WOOL.w12.observed,multiscale_market_history,4,0.0,12.0,0.994475138121547,current_and_past_legal_observations,provisional_not_selected
market_history.WOOL.w12.trade_sum,multiscale_market_history,1,0.0,0.0,0.0,current_and_past_legal_observations,coverage_gap_constant
market_history.WOOL.w12.trade_std,multiscale_market_history,1,0.0,0.0,0.0,current_and_past_legal_observations,coverage_gap_constant
market_history.WOOL.w12.quote_change_sum,multiscale_market_history,6,0.0,6.0,0.40607734806629836,current_and_past_legal_observations,provisional_not_selected
market_history.WOOL.w12.sales_lower_sum,multiscale_market_history,1,0.0,0.0,0.0,current_and_past_legal_observations,coverage_gap_constant
market_history.WOOL.w12.sales_upper_sum,multiscale_market_history,1,0.0,0.0,0.0,current_and_past_legal_observations,coverage_gap_constant
market_history.WOOL.w12.harvest_upper_sum,multiscale_market_history,1,0.0,0.0,0.0,current_and_past_legal_observations,coverage_gap_constant
market_history.WOOL.w12.identified_fraction,multiscale_market_history,2,0.0,1.0,0.994475138121547,current_and_past_legal_observations,provisional_not_selected
market_history.WOOL.w24.observed,multiscale_market_history,7,0.0,24.0,0.994475138121547,current_and_past_legal_observations,provisional_not_selected
market_history.WOOL.w24.trade_sum,multiscale_market_history,1,0.0,0.0,0.0,current_and_past_legal_observations,coverage_gap_constant
market_history.WOOL.w24.trade_std,multiscale_market_history,1,0.0,0.0,0.0,current_and_past_legal_observations,coverage_gap_constant
market_history.WOOL.w24.quote_change_sum,multiscale_market_history,10,0.0,9.0,0.7154696132596685,current_and_past_legal_observations,provisional_not_selected
market_history.WOOL.w24.sales_lower_sum,multiscale_market_history,1,0.0,0.0,0.0,current_and_past_legal_observations,coverage_gap_constant
market_history.WOOL.w24.sales_upper_sum,multiscale_market_history,1,0.0,0.0,0.0,current_and_past_legal_observations,coverage_gap_constant
market_history.WOOL.w24.harvest_upper_sum,multiscale_market_history,1,0.0,0.0,0.0,current_and_past_legal_observations,coverage_gap_constant
market_history.WOOL.w24.identified_fraction,multiscale_market_history,2,0.0,1.0,0.994475138121547,current_and_past_legal_observations,provisional_not_selected
market_history.WOOL.sale_seen,rival_sale_recency,1,0.0,0.0,0.0,current_and_past_legal_observations,coverage_gap_constant
market_history.WOOL.sale_age,rival_sale_recency,1,0.0,0.0,0.0,current_and_past_legal_observations,coverage_gap_constant
market_history.FERTILIZER.last.available,causal_supply_bounds,2,0.0,1.0,0.994475138121547,current_and_past_legal_observations,provisional_not_selected
market_history.FERTILIZER.last.trade_net,causal_supply_bounds,1,0.0,0.0,0.0,current_and_past_legal_observations,coverage_gap_constant
market_history.FERTILIZER.last.known_demand,causal_supply_bounds,1,0.0,0.0,0.0,current_and_past_legal_observations,coverage_gap_constant
market_history.FERTILIZER.last.quote_change,causal_supply_bounds,1,0.0,0.0,0.0,current_and_past_legal_observations,coverage_gap_constant
market_history.FERTILIZER.last.sale_supported,causal_supply_bounds,1,0.0,0.0,0.0,current_and_past_legal_observations,coverage_gap_constant
market_history.FERTILIZER.last.sales_lower,causal_supply_bounds,1,0.0,0.0,0.0,current_and_past_legal_observations,coverage_gap_constant
market_history.FERTILIZER.last.sales_upper,causal_supply_bounds,1,0.0,0.0,0.0,current_and_past_legal_observations,coverage_gap_constant
market_history.FERTILIZER.last.sales_identified,causal_supply_bounds,1,0.0,0.0,0.0,current_and_past_legal_observations,coverage_gap_constant
market_history.FERTILIZER.last.floor_censored,causal_supply_bounds,1,0.0,0.0,0.0,current_and_past_legal_observations,coverage_gap_constant
market_history.FERTILIZER.last.harvest_upper,causal_supply_bounds,1,0.0,0.0,0.0,current_and_past_legal_observations,coverage_gap_constant
market_history.FERTILIZER.last.stock_upper,causal_supply_bounds,1,0.0,0.0,0.0,current_and_past_legal_observations,coverage_gap_constant
market_history.FERTILIZER.w4.observed,multiscale_market_history,2,0.0,4.0,0.994475138121547,current_and_past_legal_observations,provisional_not_selected
market_history.FERTILIZER.w4.trade_sum,multiscale_market_history,1,0.0,0.0,0.0,current_and_past_legal_observations,coverage_gap_constant
market_history.FERTILIZER.w4.trade_std,multiscale_market_history,1,0.0,0.0,0.0,current_and_past_legal_observations,coverage_gap_constant
market_history.FERTILIZER.w4.quote_change_sum,multiscale_market_history,1,0.0,0.0,0.0,current_and_past_legal_observations,coverage_gap_constant
market_history.FERTILIZER.w4.sales_lower_sum,multiscale_market_history,1,0.0,0.0,0.0,current_and_past_legal_observations,coverage_gap_constant
market_history.FERTILIZER.w4.sales_upper_sum,multiscale_market_history,1,0.0,0.0,0.0,current_and_past_legal_observations,coverage_gap_constant
market_history.FERTILIZER.w4.harvest_upper_sum,multiscale_market_history,1,0.0,0.0,0.0,current_and_past_legal_observations,coverage_gap_constant
market_history.FERTILIZER.w4.identified_fraction,multiscale_market_history,1,0.0,0.0,0.0,current_and_past_legal_observations,coverage_gap_constant
market_history.FERTILIZER.w12.observed,multiscale_market_history,4,0.0,12.0,0.994475138121547,current_and_past_legal_observations,provisional_not_selected
market_history.FERTILIZER.w12.trade_sum,multiscale_market_history,1,0.0,0.0,0.0,current_and_past_legal_observations,coverage_gap_constant
market_history.FERTILIZER.w12.trade_std,multiscale_market_history,1,0.0,0.0,0.0,current_and_past_legal_observations,coverage_gap_constant
market_history.FERTILIZER.w12.quote_change_sum,multiscale_market_history,1,0.0,0.0,0.0,current_and_past_legal_observations,coverage_gap_constant
market_history.FERTILIZER.w12.sales_lower_sum,multiscale_market_history,1,0.0,0.0,0.0,current_and_past_legal_observations,coverage_gap_constant
market_history.FERTILIZER.w12.sales_upper_sum,multiscale_market_history,1,0.0,0.0,0.0,current_and_past_legal_observations,coverage_gap_constant
market_history.FERTILIZER.w12.harvest_upper_sum,multiscale_market_history,1,0.0,0.0,0.0,current_and_past_legal_observations,coverage_gap_constant
market_history.FERTILIZER.w12.identified_fraction,multiscale_market_history,1,0.0,0.0,0.0,current_and_past_legal_observations,coverage_gap_constant
market_history.FERTILIZER.w24.observed,multiscale_market_history,7,0.0,24.0,0.994475138121547,current_and_past_legal_observations,provisional_not_selected
market_history.FERTILIZER.w24.trade_sum,multiscale_market_history,1,0.0,0.0,0.0,current_and_past_legal_observations,coverage_gap_constant
market_history.FERTILIZER.w24.trade_std,multiscale_market_history,1,0.0,0.0,0.0,current_and_past_legal_observations,coverage_gap_constant
market_history.FERTILIZER.w24.quote_change_sum,multiscale_market_history,1,0.0,0.0,0.0,current_and_past_legal_observations,coverage_gap_constant
market_history.FERTILIZER.w24.sales_lower_sum,multiscale_market_history,1,0.0,0.0,0.0,current_and_past_legal_observations,coverage_gap_constant
market_history.FERTILIZER.w24.sales_upper_sum,multiscale_market_history,1,0.0,0.0,0.0,current_and_past_legal_observations,coverage_gap_constant
market_history.FERTILIZER.w24.harvest_upper_sum,multiscale_market_history,1,0.0,0.0,0.0,current_and_past_legal_observations,coverage_gap_constant
market_history.FERTILIZER.w24.identified_fraction,multiscale_market_history,1,0.0,0.0,0.0,current_and_past_legal_observations,coverage_gap_constant
market_history.FERTILIZER.sale_seen,rival_sale_recency,1,0.0,0.0,0.0,current_and_past_legal_observations,coverage_gap_constant
market_history.FERTILIZER.sale_age,rival_sale_recency,1,0.0,0.0,0.0,current_and_past_legal_observations,coverage_gap_constant
cash_history.available,public_cash_accounting,2,0.0,1.0,0.994475138121547,current_and_past_legal_observations,provisional_not_selected
cash_history.cash_delta,public_cash_accounting,39,-320.0,3687.0,0.07251381215469613,current_and_past_legal_observations,provisional_not_selected
cash_history.minimum_spend,public_cash_accounting,2,0.0,2.0,0.011049723756906077,current_and_past_legal_observations,provisional_not_selected
cash_history.CARROT.stock_upper,cash_constrained_supply,9,0.0,12.0,0.08494475138121547,current_and_past_legal_observations,provisional_not_selected
cash_history.CARROT.sales_lower,cash_constrained_supply,4,0.0,3.0,0.003453038674033149,current_and_past_legal_observations,provisional_not_selected
cash_history.CARROT.sales_upper,cash_constrained_supply,4,0.0,3.0,0.003453038674033149,current_and_past_legal_observations,provisional_not_selected
cash_history.CARROT.additional_sales_identified,cash_constrained_supply,1,0.0,0.0,0.0,current_and_past_legal_observations,coverage_gap_constant
cash_history.CARROT.revenue_upper,cash_constrained_supply,6,0.0,307.0,0.003453038674033149,current_and_past_legal_observations,provisional_not_selected
cash_history.TOMATO.stock_upper,cash_constrained_supply,1,0.0,0.0,0.0,current_and_past_legal_observations,coverage_gap_constant
cash_history.TOMATO.sales_lower,cash_constrained_supply,1,0.0,0.0,0.0,current_and_past_legal_observations,coverage_gap_constant
cash_history.TOMATO.sales_upper,cash_constrained_supply,1,0.0,0.0,0.0,current_and_past_legal_observations,coverage_gap_constant
cash_history.TOMATO.additional_sales_identified,cash_constrained_supply,1,0.0,0.0,0.0,current_and_past_legal_observations,coverage_gap_constant
cash_history.TOMATO.revenue_upper,cash_constrained_supply,1,0.0,0.0,0.0,current_and_past_legal_observations,coverage_gap_constant
cash_history.STRAWBERRY.stock_upper,cash_constrained_supply,55,0.0,80.0,0.23342541436464087,current_and_past_legal_observations,provisional_not_selected
cash_history.STRAWBERRY.sales_lower,cash_constrained_supply,5,0.0,12.0,0.006906077348066298,current_and_past_legal_observations,provisional_not_selected
cash_history.STRAWBERRY.sales_upper,cash_constrained_supply,5,0.0,12.0,0.006906077348066298,current_and_past_legal_observations,provisional_not_selected
cash_history.STRAWBERRY.additional_sales_identified,cash_constrained_supply,1,0.0,0.0,0.0,current_and_past_legal_observations,coverage_gap_constant
cash_history.STRAWBERRY.revenue_upper,cash_constrained_supply,15,0.0,3699.0,0.006906077348066298,current_and_past_legal_observations,provisional_not_selected
cash_history.MELON.stock_upper,cash_constrained_supply,29,0.0,102.0,0.6464088397790055,current_and_past_legal_observations,provisional_not_selected
cash_history.MELON.sales_lower,cash_constrained_supply,4,0.0,12.0,0.009668508287292817,current_and_past_legal_observations,provisional_not_selected
cash_history.MELON.sales_upper,cash_constrained_supply,21,0.0,100.0,0.08598066298342541,current_and_past_legal_observations,provisional_not_selected
cash_history.MELON.additional_sales_identified,cash_constrained_supply,4,0.0,6.0,0.0013812154696132596,current_and_past_legal_observations,provisional_not_selected
cash_history.MELON.revenue_upper,cash_constrained_supply,24,0.0,2643.0,0.08598066298342541,current_and_past_legal_observations,provisional_not_selected
cash_history.EGG.stock_upper,cash_constrained_supply,1,0.0,0.0,0.0,current_and_past_legal_observations,coverage_gap_constant
cash_history.EGG.sales_lower,cash_constrained_supply,1,0.0,0.0,0.0,current_and_past_legal_observations,coverage_gap_constant
cash_history.EGG.sales_upper,cash_constrained_supply,1,0.0,0.0,0.0,current_and_past_legal_observations,coverage_gap_constant
cash_history.EGG.additional_sales_identified,cash_constrained_supply,1,0.0,0.0,0.0,current_and_past_legal_observations,coverage_gap_constant
cash_history.EGG.revenue_upper,cash_constrained_supply,1,0.0,0.0,0.0,current_and_past_legal_observations,coverage_gap_constant
cash_history.MILK.stock_upper,cash_constrained_supply,1,0.0,0.0,0.0,current_and_past_legal_observations,coverage_gap_constant
cash_history.MILK.sales_lower,cash_constrained_supply,1,0.0,0.0,0.0,current_and_past_legal_observations,coverage_gap_constant
cash_history.MILK.sales_upper,cash_constrained_supply,1,0.0,0.0,0.0,current_and_past_legal_observations,coverage_gap_constant
cash_history.MILK.additional_sales_identified,cash_constrained_supply,1,0.0,0.0,0.0,current_and_past_legal_observations,coverage_gap_constant
cash_history.MILK.revenue_upper,cash_constrained_supply,1,0.0,0.0,0.0,current_and_past_legal_observations,coverage_gap_constant
cash_history.WOOL.stock_upper,cash_constrained_supply,1,0.0,0.0,0.0,current_and_past_legal_observations,coverage_gap_constant
cash_history.WOOL.sales_lower,cash_constrained_supply,1,0.0,0.0,0.0,current_and_past_legal_observations,coverage_gap_constant
cash_history.WOOL.sales_upper,cash_constrained_supply,1,0.0,0.0,0.0,current_and_past_legal_observations,coverage_gap_constant
cash_history.WOOL.additional_sales_identified,cash_constrained_supply,1,0.0,0.0,0.0,current_and_past_legal_observations,coverage_gap_constant
cash_history.WOOL.revenue_upper,cash_constrained_supply,1,0.0,0.0,0.0,current_and_past_legal_observations,coverage_gap_constant
cash_history.WHEAT.net_cash_identified,buyable_cash_ambiguity,2,0.0,1.0,0.9908494475138122,current_and_past_legal_observations,provisional_not_selected
cash_history.WHEAT.revenue_upper,buyable_cash_ambiguity,9,0.0,4914.0,0.004834254143646409,current_and_past_legal_observations,provisional_not_selected
cash_history.FERTILIZER.net_cash_identified,buyable_cash_ambiguity,2,0.0,1.0,0.994475138121547,current_and_past_legal_observations,provisional_not_selected
cash_history.FERTILIZER.revenue_upper,buyable_cash_ambiguity,1,0.0,0.0,0.0,current_and_past_legal_observations,coverage_gap_constant
