first,second,spearman
time.day,time.decisions_remaining,-0.9994579916600161
time.day,time.season_fraction,0.9994579916600161
time.day,delivery.unit0.delivery_terminal_slack,-0.9991208884279276
time.hour,time.hours_until_refresh,-1.0
time.decisions_remaining,time.season_fraction,-1.0
time.decisions_remaining,delivery.unit0.delivery_terminal_slack,0.9999366043140239
time.season_fraction,delivery.unit0.delivery_terminal_slack,-0.9999366043140239
logistics.shed_used,logistics.shed_free,-1.0
logistics.shed_used,storage.free_before_market,-1.0
logistics.shed_free,storage.free_before_market,1.0
logistics.carried_total,storage.carry_fraction_of_capacity,1.0
demand.YARN_STORE.instances,demand.WOOL.current_daily_units,1.0
market.WHEAT.price,market.WHEAT.normalized_price,1.0
market.WHEAT.price,market.WHEAT.normalized_supply,-0.9989819576255623
market.WHEAT.price,market.WHEAT.sell_5_revenue,0.9993013423495086
market.WHEAT.price,market.WHEAT.sell_20_revenue,0.9989996427186677
market.WHEAT.price,pressure.WHEAT.visible_rival_supply_stress_price,0.9999411089234592
market.WHEAT.price,market_plan.WHEAT.h4.demand_only_inventory,-0.9978865450088306
market.WHEAT.price,market_plan.WHEAT.h12.demand_only_inventory,-0.9967623384568504
market.WHEAT.price,market_plan.WHEAT.h24.demand_only_inventory,-0.9951382906169407
market.WHEAT.normalized_price,market.WHEAT.normalized_supply,-0.9989819576255623
market.WHEAT.normalized_price,market.WHEAT.sell_5_revenue,0.9993013423495086
market.WHEAT.normalized_price,market.WHEAT.sell_20_revenue,0.9989996427186677
market.WHEAT.normalized_price,pressure.WHEAT.visible_rival_supply_stress_price,0.9999411089234592
market.WHEAT.normalized_price,market_plan.WHEAT.h4.demand_only_inventory,-0.9978865450088306
market.WHEAT.normalized_price,market_plan.WHEAT.h12.demand_only_inventory,-0.9967623384568504
market.WHEAT.normalized_price,market_plan.WHEAT.h24.demand_only_inventory,-0.9951382906169407
market.WHEAT.normalized_supply,market.WHEAT.sell_5_revenue,-0.9996803919794651
market.WHEAT.normalized_supply,market.WHEAT.sell_20_revenue,-0.9999822971977674
market.WHEAT.normalized_supply,pressure.WHEAT.visible_rival_supply_stress_price,-0.998974026621483
market.WHEAT.normalized_supply,market_plan.WHEAT.h4.demand_only_inventory,0.9989652822698597
market.WHEAT.normalized_supply,market_plan.WHEAT.h12.demand_only_inventory,0.9978114723709345
market.WHEAT.normalized_supply,market_plan.WHEAT.h24.demand_only_inventory,0.9961336864088228
market.WHEAT.sell_5_revenue,market.WHEAT.sell_20_revenue,0.9996980894370346
market.WHEAT.sell_5_revenue,pressure.WHEAT.visible_rival_supply_stress_price,0.9992710886040871
market.WHEAT.sell_5_revenue,market_plan.WHEAT.h4.demand_only_inventory,-0.9986022399704289
market.WHEAT.sell_5_revenue,market_plan.WHEAT.h12.demand_only_inventory,-0.9974090062388113
market.WHEAT.sell_5_revenue,market_plan.WHEAT.h24.demand_only_inventory,-0.9957946563724641
market.WHEAT.sell_20_revenue,pressure.WHEAT.visible_rival_supply_stress_price,0.9989917115741849
market.WHEAT.sell_20_revenue,market_plan.WHEAT.h4.demand_only_inventory,-0.9989442661972215
market.WHEAT.sell_20_revenue,market_plan.WHEAT.h12.demand_only_inventory,-0.9977995920283695
market.WHEAT.sell_20_revenue,market_plan.WHEAT.h24.demand_only_inventory,-0.9961297596911085
inventory.WHEAT.shed,inventory.WHEAT.immediate_sale_value,0.999998474272805
inventory.WHEAT.shed,market_plan.WHEAT.shed_units,1.0
inventory.WHEAT.carried,market_plan.WHEAT.carried_units,1.0
inventory.WHEAT.immediate_sale_value,market_plan.WHEAT.shed_units,0.999998474272805
market.CARROT.price,market.CARROT.normalized_price,1.0
market.CARROT.price,market.CARROT.normalized_supply,-0.9963385029854234
market.CARROT.price,market.CARROT.sell_5_revenue,0.996954495958651
market.CARROT.price,market.CARROT.sell_20_revenue,0.9963385029854234
market.CARROT.price,pressure.CARROT.visible_rival_supply_stress_price,0.9999918279759262
market.CARROT.normalized_price,market.CARROT.normalized_supply,-0.9963385029854234
market.CARROT.normalized_price,market.CARROT.sell_5_revenue,0.996954495958651
market.CARROT.normalized_price,market.CARROT.sell_20_revenue,0.9963385029854234
market.CARROT.normalized_price,pressure.CARROT.visible_rival_supply_stress_price,0.9999918279759262
market.CARROT.normalized_supply,market.CARROT.sell_5_revenue,-0.9993821252868363
market.CARROT.normalized_supply,market.CARROT.sell_20_revenue,-1.0
market.CARROT.normalized_supply,pressure.CARROT.visible_rival_supply_stress_price,-0.9963360704071962
market.CARROT.normalized_supply,market_plan.CARROT.h4.demand_only_inventory,0.9953192230638352
market.CARROT.sell_5_revenue,market.CARROT.sell_20_revenue,0.9993821252868363
market.CARROT.sell_5_revenue,pressure.CARROT.visible_rival_supply_stress_price,0.996951403582183
market.CARROT.sell_20_revenue,pressure.CARROT.visible_rival_supply_stress_price,0.9963360704071962
market.CARROT.sell_20_revenue,market_plan.CARROT.h4.demand_only_inventory,-0.9953192230638352
inventory.CARROT.shed,inventory.CARROT.immediate_sale_value,0.999981655534677
inventory.CARROT.shed,market_plan.CARROT.shed_units,1.0
inventory.CARROT.carried,market_plan.CARROT.carried_units,1.0
inventory.CARROT.immediate_sale_value,market_plan.CARROT.shed_units,0.999981655534677
market.TOMATO.price,market.TOMATO.normalized_price,1.0
market.TOMATO.price,pressure.TOMATO.visible_rival_supply_stress_price,1.0
market.TOMATO.normalized_price,pressure.TOMATO.visible_rival_supply_stress_price,1.0
market.TOMATO.normalized_supply,market.TOMATO.sell_5_revenue,-0.9991806059694421
market.TOMATO.normalized_supply,market.TOMATO.sell_20_revenue,-1.0
market.TOMATO.normalized_supply,market_plan.TOMATO.h4.demand_only_inventory,0.9972838889854437
market.TOMATO.sell_5_revenue,market.TOMATO.sell_20_revenue,0.9991806059694421
market.TOMATO.sell_5_revenue,market_plan.TOMATO.h4.demand_only_inventory,-0.9964933823724703
market.TOMATO.sell_20_revenue,market_plan.TOMATO.h4.demand_only_inventory,-0.9972838889854437
market.STRAWBERRY.price,market.STRAWBERRY.normalized_price,1.0
market.STRAWBERRY.price,market.STRAWBERRY.normalized_supply,-0.9999925406850773
market.STRAWBERRY.price,market.STRAWBERRY.sell_5_revenue,0.9999925495793982
market.STRAWBERRY.price,market.STRAWBERRY.sell_20_revenue,0.9999925406850773
market.STRAWBERRY.price,pressure.STRAWBERRY.visible_rival_supply_stress_price,0.9975057566048187
market.STRAWBERRY.normalized_price,market.STRAWBERRY.normalized_supply,-0.9999925406850773
market.STRAWBERRY.normalized_price,market.STRAWBERRY.sell_5_revenue,0.9999925495793982
market.STRAWBERRY.normalized_price,market.STRAWBERRY.sell_20_revenue,0.9999925406850773
market.STRAWBERRY.normalized_price,pressure.STRAWBERRY.visible_rival_supply_stress_price,0.9975057566048187
market.STRAWBERRY.normalized_supply,market.STRAWBERRY.sell_5_revenue,-0.9999999911056127
market.STRAWBERRY.normalized_supply,market.STRAWBERRY.sell_20_revenue,-1.0
market.STRAWBERRY.normalized_supply,pressure.STRAWBERRY.visible_rival_supply_stress_price,-0.9975129659056924
market.STRAWBERRY.sell_5_revenue,market.STRAWBERRY.sell_20_revenue,0.9999999911056127
market.STRAWBERRY.sell_5_revenue,pressure.STRAWBERRY.visible_rival_supply_stress_price,0.9975130906531383
market.STRAWBERRY.sell_20_revenue,pressure.STRAWBERRY.visible_rival_supply_stress_price,0.9975129659056924
inventory.STRAWBERRY.shed,inventory.STRAWBERRY.immediate_sale_value,0.9999990219698847
inventory.STRAWBERRY.shed,market_plan.STRAWBERRY.shed_units,1.0
inventory.STRAWBERRY.carried,market_plan.STRAWBERRY.carried_units,1.0
inventory.STRAWBERRY.immediate_sale_value,market_plan.STRAWBERRY.shed_units,0.9999990219698847
market.MELON.price,market.MELON.normalized_price,1.0
market.MELON.price,market.MELON.normalized_supply,-0.999963864121015
market.MELON.price,market.MELON.sell_5_revenue,1.0
market.MELON.price,market.MELON.sell_20_revenue,0.9999994924652803
market.MELON.normalized_price,market.MELON.normalized_supply,-0.999963864121015
market.MELON.normalized_price,market.MELON.sell_5_revenue,1.0
market.MELON.normalized_price,market.MELON.sell_20_revenue,0.9999994924652803
market.MELON.normalized_supply,market.MELON.sell_5_revenue,-0.999963864121015
market.MELON.normalized_supply,market.MELON.sell_20_revenue,-0.999964371637652
market.MELON.sell_5_revenue,market.MELON.sell_20_revenue,0.9999994924652803
inventory.MELON.shed,inventory.MELON.immediate_sale_value,0.999954848010034
inventory.MELON.shed,market_plan.MELON.shed_units,1.0
inventory.MELON.carried,market_plan.MELON.carried_units,1.0
inventory.MELON.immediate_sale_value,market_plan.MELON.shed_units,0.999954848010034
market.EGG.price,market.EGG.normalized_price,1.0
market.EGG.price,pressure.EGG.visible_rival_supply_stress_price,1.0
market.EGG.normalized_price,pressure.EGG.visible_rival_supply_stress_price,1.0
market.EGG.normalized_supply,market.EGG.sell_5_revenue,-0.9979691157811484
market.EGG.normalized_supply,market.EGG.sell_20_revenue,-1.0
market.EGG.sell_5_revenue,market.EGG.sell_20_revenue,0.9979691157811484
market.MILK.price,market.MILK.normalized_price,1.0
market.MILK.price,market.MILK.normalized_supply,-0.9999908214048636
market.MILK.price,market.MILK.sell_5_revenue,0.9999908214048636
market.MILK.price,market.MILK.sell_20_revenue,0.9999908214048636
market.MILK.price,pressure.MILK.visible_rival_supply_stress_price,1.0
market.MILK.price,market_plan.MILK.h4.demand_only_inventory,-0.9989623251536139
market.MILK.price,market_plan.MILK.h12.demand_only_inventory,-0.9978473915996231
market.MILK.price,market_plan.MILK.h24.demand_only_inventory,-0.9967948644031538
market.MILK.normalized_price,market.MILK.normalized_supply,-0.9999908214048636
market.MILK.normalized_price,market.MILK.sell_5_revenue,0.9999908214048636
market.MILK.normalized_price,market.MILK.sell_20_revenue,0.9999908214048636
market.MILK.normalized_price,pressure.MILK.visible_rival_supply_stress_price,1.0
market.MILK.normalized_price,market_plan.MILK.h4.demand_only_inventory,-0.9989623251536139
market.MILK.normalized_price,market_plan.MILK.h12.demand_only_inventory,-0.9978473915996231
market.MILK.normalized_price,market_plan.MILK.h24.demand_only_inventory,-0.9967948644031538
market.MILK.normalized_supply,market.MILK.sell_5_revenue,-1.0
market.MILK.normalized_supply,market.MILK.sell_20_revenue,-1.0
market.MILK.normalized_supply,pressure.MILK.visible_rival_supply_stress_price,-0.9999908214048636
market.MILK.normalized_supply,market_plan.MILK.h4.demand_only_inventory,0.9989688978142601
market.MILK.normalized_supply,market_plan.MILK.h12.demand_only_inventory,0.9978602627158049
market.MILK.normalized_supply,market_plan.MILK.h24.demand_only_inventory,0.9968141914103843
market.MILK.sell_5_revenue,market.MILK.sell_20_revenue,1.0
market.MILK.sell_5_revenue,pressure.MILK.visible_rival_supply_stress_price,0.9999908214048636
market.MILK.sell_5_revenue,market_plan.MILK.h4.demand_only_inventory,-0.9989688978142601
market.MILK.sell_5_revenue,market_plan.MILK.h12.demand_only_inventory,-0.9978602627158049
market.MILK.sell_5_revenue,market_plan.MILK.h24.demand_only_inventory,-0.9968141914103843
market.MILK.sell_20_revenue,pressure.MILK.visible_rival_supply_stress_price,0.9999908214048636
market.MILK.sell_20_revenue,market_plan.MILK.h4.demand_only_inventory,-0.9989688978142601
market.MILK.sell_20_revenue,market_plan.MILK.h12.demand_only_inventory,-0.9978602627158049
market.MILK.sell_20_revenue,market_plan.MILK.h24.demand_only_inventory,-0.9968141914103843
market.WOOL.price,market.WOOL.normalized_price,1.0
market.WOOL.price,market.WOOL.normalized_supply,-0.9995010606816535
market.WOOL.price,market.WOOL.sell_5_revenue,0.9995203645465943
market.WOOL.price,market.WOOL.sell_20_revenue,0.9995047047736281
market.WOOL.price,pressure.WOOL.visible_rival_supply_stress_price,1.0
market.WOOL.price,market_plan.WOOL.h4.demand_only_inventory,-0.9950481500334222
market.WOOL.normalized_price,market.WOOL.normalized_supply,-0.9995010606816535
market.WOOL.normalized_price,market.WOOL.sell_5_revenue,0.9995203645465943
market.WOOL.normalized_price,market.WOOL.sell_20_revenue,0.9995047047736281
market.WOOL.normalized_price,pressure.WOOL.visible_rival_supply_stress_price,1.0
market.WOOL.normalized_price,market_plan.WOOL.h4.demand_only_inventory,-0.9950481500334222
market.WOOL.normalized_supply,market.WOOL.sell_5_revenue,-0.9999806868717981
market.WOOL.normalized_supply,market.WOOL.sell_20_revenue,-0.9999963541022295
market.WOOL.normalized_supply,pressure.WOOL.visible_rival_supply_stress_price,-0.9995010606816535
market.WOOL.normalized_supply,market_plan.WOOL.h4.demand_only_inventory,0.9960444554885918
market.WOOL.sell_5_revenue,market.WOOL.sell_20_revenue,0.9999843327124472
market.WOOL.sell_5_revenue,pressure.WOOL.visible_rival_supply_stress_price,0.9995203645465943
market.WOOL.sell_5_revenue,market_plan.WOOL.h4.demand_only_inventory,-0.9960314246663052
market.WOOL.sell_20_revenue,pressure.WOOL.visible_rival_supply_stress_price,0.9995047047736281
market.WOOL.sell_20_revenue,market_plan.WOOL.h4.demand_only_inventory,-0.9960400517571874
own.workers,own.next_hire_cost,0.9981160521672922
own.weed_tiles,opponent.weed_tiles,0.9997456218327216
own.shed_distance,delivery.unit0.shed_distance,1.0
own.shed_distance,market_worker.0.delivery_actions,1.0
own.crop.WHEAT.count,own.timing.WHEAT.present,0.9960458980464284
own.crop.WHEAT.count,own.timing.WHEAT.first_maturity_actions,-0.9971672565854232
own.crop.WHEAT.count,own.timing.WHEAT.known_decay_present,0.9960458980464284
own.crop.WHEAT.count,own.timing.WHEAT.first_decay_actions,-0.9952375184999055
own.crop.WHEAT.harvestable_units,market_plan.WHEAT.own_ready_units,1.0
own.crop.WHEAT.bonus_water_opportunities,own.timing.WHEAT.water_now_increment_units,1.0
own.crop.WHEAT.bonus_water_opportunities,own.timing.WHEAT.refresh_increment_from_fertilizer_given_water,1.0
own.crop.CARROT.count,own.timing.CARROT.present,0.9957716342495677
own.crop.CARROT.count,own.timing.CARROT.first_maturity_actions,-0.9968401625970617
own.crop.CARROT.count,own.timing.CARROT.known_decay_present,0.9957716342495677
own.crop.CARROT.count,own.timing.CARROT.first_decay_actions,-0.9961077719955788
own.crop.CARROT.mean_age,opponent.crop.CARROT.mean_age,0.9956888190110595
own.crop.CARROT.harvestable_units,market_plan.CARROT.own_ready_units,1.0
own.crop.CARROT.bonus_water_opportunities,own.timing.CARROT.water_now_increment_units,1.0
own.crop.CARROT.bonus_water_opportunities,own.timing.CARROT.refresh_increment_from_fertilizer_given_water,1.0
own.crop.STRAWBERRY.mean_age,opponent.crop.STRAWBERRY.mean_age,0.9995515502663676
own.crop.STRAWBERRY.harvestable_units,pressure.STRAWBERRY.own_held_and_ready_wave,0.9952803995907331
own.crop.STRAWBERRY.harvestable_units,market_plan.STRAWBERRY.own_ready_units,1.0
own.crop.STRAWBERRY.harvestable_units,market_plan.STRAWBERRY.conditional_quantity,0.9952803995907331
own.crop.MELON.mean_age,opponent.crop.MELON.mean_age,0.9993065070944135
own.crop.MELON.harvestable_units,opponent.crop.MELON.harvestable_units,0.9957515922953452
own.crop.MELON.harvestable_units,pressure.MELON.opponent_visible_ready_units,0.9957515922953452
own.crop.MELON.harvestable_units,market_plan.MELON.own_ready_units,1.0
own.crop.MELON.harvestable_units,market_plan.MELON.rival_ready_units,0.9957515922953452
own.crop.MELON.bonus_water_opportunities,opponent.crop.MELON.bonus_water_opportunities,0.9957199886512705
own.crop.MELON.bonus_water_opportunities,own.timing.MELON.water_now_increment_units,1.0
own.crop.MELON.bonus_water_opportunities,opponent.timing.MELON.water_now_increment_units,0.9957199886512705
opponent.workers,opponent.next_hire_cost,0.9977997020194682
opponent.crop.WHEAT.count,opponent.timing.WHEAT.present,0.9962665277977119
opponent.crop.WHEAT.count,opponent.timing.WHEAT.first_maturity_actions,-0.9965955807730231
opponent.crop.WHEAT.count,opponent.timing.WHEAT.known_decay_present,0.9962665277977119
opponent.crop.WHEAT.harvestable_units,pressure.WHEAT.opponent_visible_ready_units,1.0
opponent.crop.WHEAT.harvestable_units,market_plan.WHEAT.rival_ready_units,1.0
opponent.crop.WHEAT.bonus_water_opportunities,opponent.timing.WHEAT.water_now_increment_units,1.0
opponent.crop.WHEAT.bonus_water_opportunities,opponent.timing.WHEAT.refresh_increment_from_fertilizer_given_water,1.0
opponent.crop.CARROT.count,opponent.timing.CARROT.present,0.9959996871879605
opponent.crop.CARROT.count,opponent.timing.CARROT.first_maturity_actions,-0.9962334225681967
opponent.crop.CARROT.count,opponent.timing.CARROT.known_decay_present,0.9959996871879605
opponent.crop.CARROT.harvestable_units,pressure.CARROT.opponent_visible_ready_units,1.0
opponent.crop.CARROT.harvestable_units,market_plan.CARROT.rival_ready_units,1.0
opponent.crop.CARROT.bonus_water_opportunities,opponent.timing.CARROT.water_now_increment_units,1.0
opponent.crop.CARROT.bonus_water_opportunities,opponent.timing.CARROT.refresh_increment_from_fertilizer_given_water,1.0
opponent.crop.STRAWBERRY.harvestable_units,pressure.STRAWBERRY.opponent_visible_ready_units,1.0
opponent.crop.STRAWBERRY.harvestable_units,market_plan.STRAWBERRY.rival_ready_units,1.0
opponent.crop.MELON.harvestable_units,pressure.MELON.opponent_visible_ready_units,1.0
opponent.crop.MELON.harvestable_units,market_plan.MELON.own_ready_units,0.9957515922953452
opponent.crop.MELON.harvestable_units,market_plan.MELON.rival_ready_units,1.0
opponent.crop.MELON.harvestable_units,market_plan.MELON.rival_earliest_delivery,-0.9987628269745857
opponent.crop.MELON.bonus_water_opportunities,own.timing.MELON.water_now_increment_units,0.9957199886512705
opponent.crop.MELON.bonus_water_opportunities,opponent.timing.MELON.water_now_increment_units,1.0
storage.ready_wave_overflow_after_sell_all,interactions.water_bonus_under_overflow_pressure,0.9999748932965101
storage.ready_wave_overflow_after_sell_all,interactions.capacity_pressure_per_worker,1.0
delivery.unit0.shed_distance,market_worker.0.delivery_actions,1.0
delivery.unit0.carried_units,market_worker.0.carried_units,1.0
delivery.unit0.conditional_sale_value,delivery.unit0.value_per_delivery_action,0.9980913797060891
delivery.unit0.conditional_sale_value,market_worker.0.liquidation_revenue,1.0
delivery.unit0.delivery_refresh_slack,market_worker.0.delivery_slack,0.9994799420007437
delivery.unit0.value_per_delivery_action,market_worker.0.liquidation_revenue,0.9980913797060891
delivery.unit1.active,market_plan.MELON.h4.known_demand,-1.0
delivery.unit1.active,market_worker.1.present,1.0
delivery.unit1.shed_distance,market_worker.1.delivery_actions,0.9996325347943937
delivery.unit1.carried_units,market_worker.1.carried_units,1.0
delivery.unit1.conditional_sale_value,delivery.unit1.value_per_delivery_action,0.9991052369211069
delivery.unit1.conditional_sale_value,market_worker.1.liquidation_revenue,1.0
delivery.unit1.delivery_refresh_slack,market_worker.1.delivery_slack,0.9996338817968485
delivery.unit1.delivery_terminal_slack,delivery.unit2.delivery_terminal_slack,0.9985117748094738
delivery.unit1.value_per_delivery_action,market_worker.1.liquidation_revenue,0.9991052369211069
delivery.unit2.active,market_worker.2.present,1.0
delivery.unit2.shed_distance,market_worker.2.delivery_actions,0.9971369642223928
delivery.unit2.carried_units,market_worker.2.carried_units,1.0
delivery.unit2.conditional_sale_value,delivery.unit2.value_per_delivery_action,0.9995806318022876
delivery.unit2.conditional_sale_value,market_worker.2.liquidation_revenue,1.0
delivery.unit2.conditional_sale_value,market_worker.2.quiet_night_revenue,0.9962380199402464
delivery.unit2.conditional_sale_value,market_worker.2.rival_stress_night_revenue,0.9955072619326202
delivery.unit2.delivery_refresh_slack,market_worker.2.delivery_slack,0.9998087889315885
delivery.unit2.value_per_delivery_action,market_worker.2.liquidation_revenue,0.9995806318022876
delivery.unit2.value_per_delivery_action,market_worker.2.quiet_night_revenue,0.9958288835774188
delivery.unit2.value_per_delivery_action,market_worker.2.rival_stress_night_revenue,0.9951664736725634
delivery.unit3.active,market_worker.3.present,1.0
delivery.unit3.active,market_worker.3.night_sale_available,1.0
delivery.unit3.carried_units,delivery.unit3.conditional_sale_value,0.9999089271821839
delivery.unit3.carried_units,delivery.unit3.value_per_delivery_action,0.9999216117490518
delivery.unit3.carried_units,market_worker.3.carried_units,1.0
delivery.unit3.carried_units,market_worker.3.liquidation_revenue,0.9999089271821839
delivery.unit3.carried_units,market_worker.3.quiet_night_revenue,0.9999090277543966
delivery.unit3.carried_units,market_worker.3.rival_stress_night_revenue,0.9996836336425271
delivery.unit3.conditional_sale_value,delivery.unit3.value_per_delivery_action,0.9999850734472762
delivery.unit3.conditional_sale_value,market_worker.3.carried_units,0.9999089271821839
delivery.unit3.conditional_sale_value,market_worker.3.liquidation_revenue,1.0
delivery.unit3.conditional_sale_value,market_worker.3.quiet_night_revenue,0.99999989243382
delivery.unit3.conditional_sale_value,market_worker.3.rival_stress_night_revenue,0.9998597267223059
delivery.unit3.delivery_refresh_slack,market_worker.3.delivery_slack,1.0
delivery.unit3.value_per_delivery_action,market_worker.3.carried_units,0.9999216117490518
delivery.unit3.value_per_delivery_action,market_worker.3.liquidation_revenue,0.9999850734472762
delivery.unit3.value_per_delivery_action,market_worker.3.quiet_night_revenue,0.9999839740355634
delivery.unit3.value_per_delivery_action,market_worker.3.rival_stress_night_revenue,0.9998238932181928
own.timing.WHEAT.water_now_increment_units,own.timing.WHEAT.refresh_increment_from_fertilizer_given_water,1.0
own.timing.WHEAT.present,own.timing.WHEAT.first_maturity_actions,-0.9980180350938208
own.timing.WHEAT.present,own.timing.WHEAT.known_decay_present,1.0
own.timing.WHEAT.present,own.timing.WHEAT.first_decay_actions,-0.9957279196623777
own.timing.WHEAT.first_maturity_actions,own.timing.WHEAT.known_decay_present,-0.9980180350938208
own.timing.WHEAT.first_maturity_actions,own.timing.WHEAT.first_decay_actions,0.9977053366262786
own.timing.WHEAT.known_decay_present,own.timing.WHEAT.first_decay_actions,-0.9957279196623777
own.timing.CARROT.water_now_increment_units,own.timing.CARROT.refresh_increment_from_fertilizer_given_water,1.0
own.timing.CARROT.present,own.timing.CARROT.first_maturity_actions,-0.9979674212026021
own.timing.CARROT.present,own.timing.CARROT.known_decay_present,1.0
own.timing.CARROT.present,own.timing.CARROT.first_decay_actions,-0.995591366464979
own.timing.CARROT.first_maturity_actions,own.timing.CARROT.known_decay_present,-0.9979674212026021
own.timing.CARROT.first_maturity_actions,own.timing.CARROT.first_decay_actions,0.9976191059075259
own.timing.CARROT.known_decay_present,own.timing.CARROT.first_decay_actions,-0.995591366464979
own.timing.CARROT.mean_worker_distance,opponent.timing.CARROT.mean_worker_distance,0.9955696546600991
own.timing.STRAWBERRY.decay_within_two_actions,opponent.timing.STRAWBERRY.decay_within_two_actions,0.9999740964763866
own.timing.STRAWBERRY.present,opponent.timing.STRAWBERRY.present,0.9985456174028938
own.timing.STRAWBERRY.first_maturity_actions,opponent.timing.STRAWBERRY.first_maturity_actions,0.9998259129972003
own.timing.STRAWBERRY.known_decay_present,own.timing.STRAWBERRY.first_decay_actions,-0.9979974800791594
own.timing.STRAWBERRY.known_decay_present,opponent.timing.STRAWBERRY.known_decay_present,1.0
own.timing.STRAWBERRY.known_decay_present,opponent.timing.STRAWBERRY.first_decay_actions,-0.9979963649621686
own.timing.STRAWBERRY.first_decay_actions,opponent.timing.STRAWBERRY.known_decay_present,-0.9979974800791594
own.timing.STRAWBERRY.first_decay_actions,opponent.timing.STRAWBERRY.first_decay_actions,0.9995716060399731
own.timing.MELON.capped_ready_tiles,own.timing.MELON.avoidable_wait_unit_days,0.9998124777218197
own.timing.MELON.water_now_increment_units,opponent.timing.MELON.water_now_increment_units,0.9957199886512705
own.timing.MELON.refresh_increment_from_fertilizer_given_water,opponent.timing.MELON.refresh_increment_from_fertilizer_given_water,0.99998168883843
own.timing.MELON.present,own.timing.MELON.known_decay_present,1.0
own.timing.MELON.present,opponent.timing.MELON.present,1.0
own.timing.MELON.present,opponent.timing.MELON.known_decay_present,1.0
own.timing.MELON.first_maturity_actions,own.timing.MELON.first_decay_actions,0.9997499984767877
own.timing.MELON.first_maturity_actions,opponent.timing.MELON.first_maturity_actions,0.9985821579424526
own.timing.MELON.first_maturity_actions,opponent.timing.MELON.first_decay_actions,0.998339095496256
own.timing.MELON.known_decay_present,opponent.timing.MELON.present,1.0
own.timing.MELON.known_decay_present,opponent.timing.MELON.known_decay_present,1.0
own.timing.MELON.first_decay_actions,opponent.timing.MELON.first_maturity_actions,0.9981416864199124
own.timing.MELON.first_decay_actions,opponent.timing.MELON.first_decay_actions,0.9983856016583461
opponent.timing.WHEAT.water_now_increment_units,opponent.timing.WHEAT.refresh_increment_from_fertilizer_given_water,1.0
opponent.timing.WHEAT.present,opponent.timing.WHEAT.first_maturity_actions,-0.9978172252975169
opponent.timing.WHEAT.present,opponent.timing.WHEAT.known_decay_present,1.0
opponent.timing.WHEAT.present,opponent.timing.WHEAT.first_decay_actions,-0.995812142320117
opponent.timing.WHEAT.first_maturity_actions,opponent.timing.WHEAT.known_decay_present,-0.9978172252975169
opponent.timing.WHEAT.first_maturity_actions,opponent.timing.WHEAT.first_decay_actions,0.9979905308040737
opponent.timing.WHEAT.known_decay_present,opponent.timing.WHEAT.first_decay_actions,-0.995812142320117
opponent.timing.CARROT.water_now_increment_units,opponent.timing.CARROT.refresh_increment_from_fertilizer_given_water,1.0
opponent.timing.CARROT.present,opponent.timing.CARROT.first_maturity_actions,-0.9975776429214809
opponent.timing.CARROT.present,opponent.timing.CARROT.known_decay_present,1.0
opponent.timing.CARROT.present,opponent.timing.CARROT.first_decay_actions,-0.9956642399589569
opponent.timing.CARROT.first_maturity_actions,opponent.timing.CARROT.known_decay_present,-0.9975776429214809
opponent.timing.CARROT.first_maturity_actions,opponent.timing.CARROT.first_decay_actions,0.9980819508375105
opponent.timing.CARROT.known_decay_present,opponent.timing.CARROT.first_decay_actions,-0.9956642399589569
opponent.timing.STRAWBERRY.known_decay_present,opponent.timing.STRAWBERRY.first_decay_actions,-0.9979963649621686
opponent.timing.MELON.capped_ready_tiles,opponent.timing.MELON.avoidable_wait_unit_days,0.9998764274712554
opponent.timing.MELON.present,opponent.timing.MELON.known_decay_present,1.0
opponent.timing.MELON.first_maturity_actions,opponent.timing.MELON.first_decay_actions,0.9997565924403281
pressure.WHEAT.own_held_and_ready_wave,pressure.WHEAT.wave_conditional_revenue,0.9999693667677604
pressure.WHEAT.own_held_and_ready_wave,pressure.WHEAT.wave_average_price,0.9956632574543297
pressure.WHEAT.own_held_and_ready_wave,pressure.WHEAT.wave_revenue_after_rival_supply_stress,0.9999688213424499
pressure.WHEAT.own_held_and_ready_wave,market_plan.WHEAT.conditional_quantity,1.0
pressure.WHEAT.own_held_and_ready_wave,market_plan.WHEAT.immediate_revenue,0.9999693667677604
pressure.WHEAT.own_held_and_ready_wave,market_plan.WHEAT.h4.quiet_revenue,0.9999700668216227
pressure.WHEAT.own_held_and_ready_wave,market_plan.WHEAT.h4.rival_stress_revenue,0.9999690164036844
pressure.WHEAT.own_held_and_ready_wave,market_plan.WHEAT.h12.quiet_revenue,0.9999706507695204
pressure.WHEAT.own_held_and_ready_wave,market_plan.WHEAT.h12.rival_stress_revenue,0.9999700707650409
pressure.WHEAT.opponent_visible_ready_units,market_plan.WHEAT.rival_ready_units,1.0
pressure.WHEAT.wave_conditional_revenue,pressure.WHEAT.wave_average_price,0.9960584011418955
pressure.WHEAT.wave_conditional_revenue,pressure.WHEAT.wave_revenue_after_rival_supply_stress,0.9999982315062965
pressure.WHEAT.wave_conditional_revenue,market_plan.WHEAT.conditional_quantity,0.9999693667677604
pressure.WHEAT.wave_conditional_revenue,market_plan.WHEAT.immediate_revenue,1.0
pressure.WHEAT.wave_conditional_revenue,market_plan.WHEAT.h4.quiet_revenue,0.9999983005565133
pressure.WHEAT.wave_conditional_revenue,market_plan.WHEAT.h4.rival_stress_revenue,0.9999988476734957
pressure.WHEAT.wave_conditional_revenue,market_plan.WHEAT.h12.quiet_revenue,0.9999946738280029
pressure.WHEAT.wave_conditional_revenue,market_plan.WHEAT.h12.rival_stress_revenue,0.999995757293451
pressure.WHEAT.wave_average_price,pressure.WHEAT.wave_revenue_after_rival_supply_stress,0.9960561361249015
pressure.WHEAT.wave_average_price,market_plan.WHEAT.conditional_quantity,0.9956632574543297
pressure.WHEAT.wave_average_price,market_plan.WHEAT.immediate_revenue,0.9960584011418955
pressure.WHEAT.wave_average_price,market_plan.WHEAT.h4.quiet_revenue,0.9960482293070944
pressure.WHEAT.wave_average_price,market_plan.WHEAT.h4.rival_stress_revenue,0.9960560323074922
pressure.WHEAT.wave_average_price,market_plan.WHEAT.h12.quiet_revenue,0.9960317488635757
pressure.WHEAT.wave_average_price,market_plan.WHEAT.h12.rival_stress_revenue,0.9960409028911023
pressure.WHEAT.visible_rival_supply_stress_price,market_plan.WHEAT.h4.demand_only_inventory,-0.997896136700837
pressure.WHEAT.visible_rival_supply_stress_price,market_plan.WHEAT.h12.demand_only_inventory,-0.9967880013315416
pressure.WHEAT.visible_rival_supply_stress_price,market_plan.WHEAT.h24.demand_only_inventory,-0.9951776529175601
pressure.WHEAT.wave_revenue_after_rival_supply_stress,market_plan.WHEAT.conditional_quantity,0.9999688213424499
pressure.WHEAT.wave_revenue_after_rival_supply_stress,market_plan.WHEAT.immediate_revenue,0.9999982315062965
pressure.WHEAT.wave_revenue_after_rival_supply_stress,market_plan.WHEAT.h4.quiet_revenue,0.9999966590178259
pressure.WHEAT.wave_revenue_after_rival_supply_stress,market_plan.WHEAT.h4.rival_stress_revenue,0.9999972869935256
pressure.WHEAT.wave_revenue_after_rival_supply_stress,market_plan.WHEAT.h12.quiet_revenue,0.9999953412885884
pressure.WHEAT.wave_revenue_after_rival_supply_stress,market_plan.WHEAT.h12.rival_stress_revenue,0.9999948317671677
pressure.CARROT.own_held_and_ready_wave,pressure.CARROT.wave_conditional_revenue,0.9990419342608025
pressure.CARROT.own_held_and_ready_wave,pressure.CARROT.wave_revenue_after_rival_supply_stress,0.9990484637471376
pressure.CARROT.own_held_and_ready_wave,market_plan.CARROT.conditional_quantity,1.0
pressure.CARROT.own_held_and_ready_wave,market_plan.CARROT.immediate_revenue,0.9990419342608025
pressure.CARROT.own_held_and_ready_wave,market_plan.CARROT.h4.quiet_revenue,0.9989903824731637
pressure.CARROT.own_held_and_ready_wave,market_plan.CARROT.h4.rival_stress_revenue,0.9989973683219331
pressure.CARROT.opponent_visible_ready_units,market_plan.CARROT.rival_ready_units,1.0
pressure.CARROT.wave_conditional_revenue,pressure.CARROT.wave_average_price,0.9970409587770706
pressure.CARROT.wave_conditional_revenue,pressure.CARROT.wave_revenue_after_rival_supply_stress,0.9999988606158439
pressure.CARROT.wave_conditional_revenue,market_plan.CARROT.conditional_quantity,0.9990419342608025
pressure.CARROT.wave_conditional_revenue,market_plan.CARROT.immediate_revenue,1.0
pressure.CARROT.wave_conditional_revenue,market_plan.CARROT.h4.quiet_revenue,0.9999979213079191
pressure.CARROT.wave_conditional_revenue,market_plan.CARROT.h4.rival_stress_revenue,0.9999976929520525
pressure.CARROT.wave_average_price,pressure.CARROT.wave_revenue_after_rival_supply_stress,0.9970336300495061
pressure.CARROT.wave_average_price,market_plan.CARROT.immediate_revenue,0.9970409587770706
pressure.CARROT.wave_average_price,market_plan.CARROT.h4.quiet_revenue,0.9971064358487007
pressure.CARROT.wave_average_price,market_plan.CARROT.h4.rival_stress_revenue,0.9970981837631182
pressure.CARROT.known_demand_next_day,pressure.CARROT.wave_minus_known_day_demand,-0.9960290090724085
pressure.CARROT.wave_revenue_after_rival_supply_stress,market_plan.CARROT.conditional_quantity,0.9990484637471376
pressure.CARROT.wave_revenue_after_rival_supply_stress,market_plan.CARROT.immediate_revenue,0.9999988606158439
pressure.CARROT.wave_revenue_after_rival_supply_stress,market_plan.CARROT.h4.quiet_revenue,0.9999972519001109
pressure.CARROT.wave_revenue_after_rival_supply_stress,market_plan.CARROT.h4.rival_stress_revenue,0.9999979951849652
pressure.TOMATO.known_demand_next_day,pressure.TOMATO.wave_minus_known_day_demand,-1.0
pressure.STRAWBERRY.own_held_and_ready_wave,pressure.STRAWBERRY.wave_conditional_revenue,0.9989913158705119
pressure.STRAWBERRY.own_held_and_ready_wave,pressure.STRAWBERRY.wave_revenue_after_rival_supply_stress,0.9985667352300437
pressure.STRAWBERRY.own_held_and_ready_wave,market_plan.STRAWBERRY.own_ready_units,0.9952803995907331
pressure.STRAWBERRY.own_held_and_ready_wave,market_plan.STRAWBERRY.conditional_quantity,1.0
pressure.STRAWBERRY.own_held_and_ready_wave,market_plan.STRAWBERRY.immediate_revenue,0.9989913158705119
pressure.STRAWBERRY.opponent_visible_ready_units,market_plan.STRAWBERRY.rival_ready_units,1.0
pressure.STRAWBERRY.wave_conditional_revenue,pressure.STRAWBERRY.wave_revenue_after_rival_supply_stress,0.9999315964120282
pressure.STRAWBERRY.wave_conditional_revenue,market_plan.STRAWBERRY.conditional_quantity,0.9989913158705119
pressure.STRAWBERRY.wave_conditional_revenue,market_plan.STRAWBERRY.immediate_revenue,1.0
pressure.STRAWBERRY.wave_revenue_after_rival_supply_stress,market_plan.STRAWBERRY.conditional_quantity,0.9985667352300437
pressure.STRAWBERRY.wave_revenue_after_rival_supply_stress,market_plan.STRAWBERRY.immediate_revenue,0.9999315964120282
pressure.MELON.own_held_and_ready_wave,pressure.MELON.wave_conditional_revenue,0.9998346404972802
pressure.MELON.own_held_and_ready_wave,pressure.MELON.wave_average_price,0.9996518173113565
pressure.MELON.own_held_and_ready_wave,pressure.MELON.wave_revenue_after_rival_supply_stress,0.9999027188152899
pressure.MELON.own_held_and_ready_wave,market_plan.MELON.conditional_quantity,0.9999658367897907
pressure.MELON.own_held_and_ready_wave,market_plan.MELON.immediate_revenue,0.9998329320820551
pressure.MELON.own_held_and_ready_wave,market_plan.MELON.h4.quiet_revenue,0.9998305403812418
pressure.MELON.own_held_and_ready_wave,market_plan.MELON.h4.rival_stress_revenue,0.9998002820194511
pressure.MELON.own_held_and_ready_wave,market_plan.MELON.h12.quiet_revenue,0.9998356641668914
pressure.MELON.own_held_and_ready_wave,market_plan.MELON.h12.rival_stress_revenue,0.9998571581516044
pressure.MELON.own_held_and_ready_wave,market_plan.MELON.h24.quiet_revenue,0.9998225756032092
pressure.MELON.own_held_and_ready_wave,market_plan.MELON.h24.rival_stress_revenue,0.9998849363514609
pressure.MELON.opponent_visible_ready_units,market_plan.MELON.own_ready_units,0.9957515922953452
pressure.MELON.opponent_visible_ready_units,market_plan.MELON.rival_ready_units,1.0
pressure.MELON.opponent_visible_ready_units,market_plan.MELON.rival_earliest_delivery,-0.9987628269745857
pressure.MELON.wave_conditional_revenue,pressure.MELON.wave_average_price,0.9999114999321633
pressure.MELON.wave_conditional_revenue,pressure.MELON.wave_revenue_after_rival_supply_stress,0.99977154827547
pressure.MELON.wave_conditional_revenue,market_plan.MELON.conditional_quantity,0.9998004741201932
pressure.MELON.wave_conditional_revenue,market_plan.MELON.immediate_revenue,0.9999982919913288
pressure.MELON.wave_conditional_revenue,market_plan.MELON.h4.quiet_revenue,0.999993978251684
pressure.MELON.wave_conditional_revenue,market_plan.MELON.h4.rival_stress_revenue,0.9998687074786038
pressure.MELON.wave_conditional_revenue,market_plan.MELON.h12.quiet_revenue,0.9999933254987032
pressure.MELON.wave_conditional_revenue,market_plan.MELON.h12.rival_stress_revenue,0.9997533836890481
pressure.MELON.wave_conditional_revenue,market_plan.MELON.h24.quiet_revenue,0.9999940359444236
pressure.MELON.wave_conditional_revenue,market_plan.MELON.h24.rival_stress_revenue,0.9997987562479853
pressure.MELON.wave_average_price,pressure.MELON.wave_revenue_after_rival_supply_stress,0.9995380768887155
pressure.MELON.wave_average_price,market_plan.MELON.conditional_quantity,0.9996244765160107
pressure.MELON.wave_average_price,market_plan.MELON.immediate_revenue,0.9999166238507787
pressure.MELON.wave_average_price,market_plan.MELON.h4.quiet_revenue,0.9999129869278034
pressure.MELON.wave_average_price,market_plan.MELON.h4.rival_stress_revenue,0.9997514041245675
pressure.MELON.wave_average_price,market_plan.MELON.h12.quiet_revenue,0.9999101065407314
pressure.MELON.wave_average_price,market_plan.MELON.h12.rival_stress_revenue,0.9995515540943779
pressure.MELON.wave_average_price,market_plan.MELON.h24.quiet_revenue,0.9999187306932094
pressure.MELON.wave_average_price,market_plan.MELON.h24.rival_stress_revenue,0.9995921786894053
pressure.MELON.wave_revenue_after_rival_supply_stress,market_plan.MELON.conditional_quantity,0.9998412240458515
pressure.MELON.wave_revenue_after_rival_supply_stress,market_plan.MELON.immediate_revenue,0.9997681318302494
pressure.MELON.wave_revenue_after_rival_supply_stress,market_plan.MELON.h4.quiet_revenue,0.9997683123420636
pressure.MELON.wave_revenue_after_rival_supply_stress,market_plan.MELON.h4.rival_stress_revenue,0.9998374943741446
pressure.MELON.wave_revenue_after_rival_supply_stress,market_plan.MELON.h12.quiet_revenue,0.9997728970016762
pressure.MELON.wave_revenue_after_rival_supply_stress,market_plan.MELON.h12.rival_stress_revenue,0.9999382476432944
pressure.MELON.wave_revenue_after_rival_supply_stress,market_plan.MELON.h24.quiet_revenue,0.9997604184350393
pressure.MELON.wave_revenue_after_rival_supply_stress,market_plan.MELON.h24.rival_stress_revenue,0.9999394141400251
pressure.EGG.known_demand_next_day,pressure.EGG.wave_minus_known_day_demand,-1.0
pressure.MILK.known_demand_next_day,pressure.MILK.wave_minus_known_day_demand,-1.0
pressure.MILK.visible_rival_supply_stress_price,market_plan.MILK.h4.demand_only_inventory,-0.9989623251536139
pressure.MILK.visible_rival_supply_stress_price,market_plan.MILK.h12.demand_only_inventory,-0.9978473915996231
pressure.MILK.visible_rival_supply_stress_price,market_plan.MILK.h24.demand_only_inventory,-0.9967948644031538
pressure.WOOL.known_demand_next_day,pressure.WOOL.wave_minus_known_day_demand,-1.0
pressure.WOOL.visible_rival_supply_stress_price,market_plan.WOOL.h4.demand_only_inventory,-0.9950481500334222
interactions.water_bonus_under_overflow_pressure,interactions.capacity_pressure_per_worker,0.9999748932965101
history.lag1.available,market_history.WHEAT.last.available,1.0
history.lag1.available,market_history.WHEAT.w4.observed,1.0
history.lag1.available,market_history.CARROT.last.available,1.0
history.lag1.available,market_history.CARROT.last.sales_identified,1.0
history.lag1.available,market_history.CARROT.w4.observed,1.0
history.lag1.available,market_history.CARROT.w4.identified_fraction,1.0
history.lag1.available,market_history.CARROT.w12.identified_fraction,1.0
history.lag1.available,market_history.CARROT.w24.identified_fraction,1.0
history.lag1.available,market_history.TOMATO.last.available,1.0
history.lag1.available,market_history.TOMATO.last.sales_identified,1.0
history.lag1.available,market_history.TOMATO.w4.observed,1.0
history.lag1.available,market_history.TOMATO.w4.identified_fraction,1.0
history.lag1.available,market_history.TOMATO.w12.identified_fraction,1.0
history.lag1.available,market_history.TOMATO.w24.identified_fraction,1.0
history.lag1.available,market_history.STRAWBERRY.last.available,1.0
history.lag1.available,market_history.STRAWBERRY.last.sales_identified,1.0
history.lag1.available,market_history.STRAWBERRY.w4.observed,1.0
history.lag1.available,market_history.STRAWBERRY.w4.identified_fraction,1.0
history.lag1.available,market_history.STRAWBERRY.w12.identified_fraction,1.0
history.lag1.available,market_history.STRAWBERRY.w24.identified_fraction,1.0
history.lag1.available,market_history.MELON.last.available,1.0
history.lag1.available,market_history.MELON.w4.observed,1.0
history.lag1.available,market_history.EGG.last.available,1.0
history.lag1.available,market_history.EGG.last.sales_identified,1.0
history.lag1.available,market_history.EGG.w4.observed,1.0
history.lag1.available,market_history.EGG.w4.identified_fraction,1.0
history.lag1.available,market_history.EGG.w12.identified_fraction,1.0
history.lag1.available,market_history.EGG.w24.identified_fraction,1.0
history.lag1.available,market_history.MILK.last.available,1.0
history.lag1.available,market_history.MILK.last.sales_identified,1.0
history.lag1.available,market_history.MILK.w4.observed,1.0
history.lag1.available,market_history.MILK.w4.identified_fraction,1.0
history.lag1.available,market_history.MILK.w12.identified_fraction,1.0
history.lag1.available,market_history.MILK.w24.identified_fraction,1.0
history.lag1.available,market_history.WOOL.last.available,1.0
history.lag1.available,market_history.WOOL.last.sales_identified,1.0
history.lag1.available,market_history.WOOL.w4.observed,1.0
history.lag1.available,market_history.WOOL.w4.identified_fraction,1.0
history.lag1.available,market_history.WOOL.w12.identified_fraction,1.0
history.lag1.available,market_history.WOOL.w24.identified_fraction,1.0
history.lag1.available,market_history.FERTILIZER.last.available,1.0
history.lag1.available,market_history.FERTILIZER.w4.observed,1.0
history.lag1.available,cash_history.available,1.0
history.lag1.available,cash_history.FERTILIZER.net_cash_identified,1.0
history.lag1.WHEAT.inventory_change,market_history.WHEAT.last.trade_net,1.0
history.lag1.WHEAT.inventory_change,cash_history.WHEAT.revenue_upper,0.9999938274863988
history.lag1.WHEAT.price_log_change,market_history.WHEAT.last.quote_change,1.0
history.lag1.CARROT.inventory_change,market_history.CARROT.last.trade_net,1.0
history.lag1.CARROT.price_log_change,market_history.CARROT.last.quote_change,0.9999992022785502
history.lag1.STRAWBERRY.inventory_change,market_history.STRAWBERRY.last.trade_net,1.0
history.lag1.STRAWBERRY.price_log_change,market_history.STRAWBERRY.last.quote_change,0.9999988322786167
history.lag1.MELON.inventory_change,history.lag1.MELON.price_log_change,-0.9999639417968135
history.lag1.MELON.inventory_change,market_history.MELON.last.trade_net,1.0
history.lag1.MELON.inventory_change,market_history.MELON.last.quote_change,-0.9999800392148732
history.lag1.MELON.price_log_change,market_history.MELON.last.trade_net,-0.9999639417968135
history.lag1.MELON.price_log_change,market_history.MELON.last.quote_change,0.9999946342216203
history.lag24.available,market_history.WHEAT.w24.observed,0.9998158887952728
history.lag24.available,market_history.CARROT.w24.observed,0.9998158887952728
history.lag24.available,market_history.TOMATO.w24.observed,0.9998158887952728
history.lag24.available,market_history.STRAWBERRY.w24.observed,0.9998158887952728
history.lag24.available,market_history.MELON.w24.observed,0.9998158887952728
history.lag24.available,market_history.EGG.w24.observed,0.9998158887952728
history.lag24.available,market_history.MILK.w24.observed,0.9998158887952728
history.lag24.available,market_history.WOOL.w24.observed,0.9998158887952728
history.lag24.available,market_history.FERTILIZER.w24.observed,0.9998158887952728
market_plan.WHEAT.conditional_quantity,market_plan.WHEAT.immediate_revenue,0.9999693667677604
market_plan.WHEAT.conditional_quantity,market_plan.WHEAT.h4.quiet_revenue,0.9999700668216227
market_plan.WHEAT.conditional_quantity,market_plan.WHEAT.h4.rival_stress_revenue,0.9999690164036844
market_plan.WHEAT.conditional_quantity,market_plan.WHEAT.h12.quiet_revenue,0.9999706507695204
market_plan.WHEAT.conditional_quantity,market_plan.WHEAT.h12.rival_stress_revenue,0.9999700707650409
market_plan.WHEAT.immediate_revenue,market_plan.WHEAT.h4.quiet_revenue,0.9999983005565133
market_plan.WHEAT.immediate_revenue,market_plan.WHEAT.h4.rival_stress_revenue,0.9999988476734957
market_plan.WHEAT.immediate_revenue,market_plan.WHEAT.h12.quiet_revenue,0.9999946738280029
market_plan.WHEAT.immediate_revenue,market_plan.WHEAT.h12.rival_stress_revenue,0.999995757293451
market_plan.WHEAT.h4.available,market_plan.CARROT.h4.available,1.0
market_plan.WHEAT.h4.available,market_plan.TOMATO.h4.available,1.0
market_plan.WHEAT.h4.available,market_plan.STRAWBERRY.h4.available,1.0
market_plan.WHEAT.h4.available,market_plan.MELON.h4.available,1.0
market_plan.WHEAT.h4.available,market_plan.EGG.h4.available,1.0
market_plan.WHEAT.h4.available,market_plan.MILK.h4.available,1.0
market_plan.WHEAT.h4.available,market_plan.WOOL.h4.available,1.0
market_plan.WHEAT.h4.available,market_plan.FERTILIZER.h4.available,1.0
market_plan.WHEAT.h4.available,market_plan.FERTILIZER.h4.demand_only_inventory,1.0
market_plan.WHEAT.h4.available,market_plan.FERTILIZER.h4.demand_only_price,1.0
market_plan.WHEAT.h4.demand_only_inventory,market_plan.WHEAT.h12.demand_only_inventory,0.9988286688455665
market_plan.WHEAT.h4.demand_only_inventory,market_plan.WHEAT.h24.demand_only_inventory,0.9971071644756649
market_plan.WHEAT.h4.quiet_revenue,market_plan.WHEAT.h4.rival_stress_revenue,0.9999989511077746
market_plan.WHEAT.h4.quiet_revenue,market_plan.WHEAT.h12.quiet_revenue,0.9999958492025803
market_plan.WHEAT.h4.quiet_revenue,market_plan.WHEAT.h12.rival_stress_revenue,0.9999971240459032
market_plan.WHEAT.h4.rival_stress_revenue,market_plan.WHEAT.h12.quiet_revenue,0.9999953466723392
market_plan.WHEAT.h4.rival_stress_revenue,market_plan.WHEAT.h12.rival_stress_revenue,0.9999965126965004
market_plan.WHEAT.h12.available,market_plan.CARROT.h12.available,1.0
market_plan.WHEAT.h12.available,market_plan.TOMATO.h12.available,1.0
market_plan.WHEAT.h12.available,market_plan.STRAWBERRY.h12.available,1.0
market_plan.WHEAT.h12.available,market_plan.MELON.h12.available,1.0
market_plan.WHEAT.h12.available,market_plan.EGG.h12.available,1.0
market_plan.WHEAT.h12.available,market_plan.MILK.h12.available,1.0
market_plan.WHEAT.h12.available,market_plan.WOOL.h12.available,1.0
market_plan.WHEAT.h12.available,market_plan.FERTILIZER.h12.available,1.0
market_plan.WHEAT.h12.available,market_plan.FERTILIZER.h12.demand_only_inventory,1.0
market_plan.WHEAT.h12.available,market_plan.FERTILIZER.h12.demand_only_price,1.0
market_plan.WHEAT.h12.demand_only_inventory,market_plan.WHEAT.h24.demand_only_inventory,0.9981738296168688
market_plan.WHEAT.h12.quiet_revenue,market_plan.WHEAT.h12.rival_stress_revenue,0.9999981051150841
market_plan.WHEAT.h24.available,market_plan.CARROT.h24.available,1.0
market_plan.WHEAT.h24.available,market_plan.TOMATO.h24.available,1.0
market_plan.WHEAT.h24.available,market_plan.STRAWBERRY.h24.available,1.0
market_plan.WHEAT.h24.available,market_plan.MELON.h24.available,1.0
market_plan.WHEAT.h24.available,market_plan.MELON.h24.known_demand,1.0
market_plan.WHEAT.h24.available,market_plan.EGG.h24.available,1.0
market_plan.WHEAT.h24.available,market_plan.MILK.h24.available,1.0
market_plan.WHEAT.h24.available,market_plan.WOOL.h24.available,1.0
market_plan.WHEAT.h24.available,market_plan.FERTILIZER.h24.available,1.0
market_plan.WHEAT.h24.available,market_plan.FERTILIZER.h24.demand_only_inventory,1.0
market_plan.WHEAT.h24.available,market_plan.FERTILIZER.h24.demand_only_price,1.0
market_plan.WHEAT.h24.available,market_worker.0.night_sale_available,1.0
market_plan.WHEAT.h24.quiet_revenue,market_plan.WHEAT.h24.rival_stress_revenue,0.9999980668283811
market_plan.WHEAT.h24.quiet_revenue,market_plan.WHEAT.h24.quiet_holding_premium,0.9965468479952275
market_plan.WHEAT.h24.rival_stress_revenue,market_plan.WHEAT.h24.quiet_holding_premium,0.9965534895691444
market_plan.CARROT.conditional_quantity,market_plan.CARROT.immediate_revenue,0.9990419342608025
market_plan.CARROT.conditional_quantity,market_plan.CARROT.h4.quiet_revenue,0.9989903824731637
market_plan.CARROT.conditional_quantity,market_plan.CARROT.h4.rival_stress_revenue,0.9989973683219331
market_plan.CARROT.immediate_revenue,market_plan.CARROT.h4.quiet_revenue,0.9999979213079191
market_plan.CARROT.immediate_revenue,market_plan.CARROT.h4.rival_stress_revenue,0.9999976929520525
market_plan.CARROT.h4.available,market_plan.TOMATO.h4.available,1.0
market_plan.CARROT.h4.available,market_plan.STRAWBERRY.h4.available,1.0
market_plan.CARROT.h4.available,market_plan.MELON.h4.available,1.0
market_plan.CARROT.h4.available,market_plan.EGG.h4.available,1.0
market_plan.CARROT.h4.available,market_plan.MILK.h4.available,1.0
market_plan.CARROT.h4.available,market_plan.WOOL.h4.available,1.0
market_plan.CARROT.h4.available,market_plan.FERTILIZER.h4.available,1.0
market_plan.CARROT.h4.available,market_plan.FERTILIZER.h4.demand_only_inventory,1.0
market_plan.CARROT.h4.available,market_plan.FERTILIZER.h4.demand_only_price,1.0
market_plan.CARROT.h4.demand_only_inventory,market_plan.CARROT.h12.demand_only_inventory,0.9950282353297709
market_plan.CARROT.h4.quiet_revenue,market_plan.CARROT.h4.rival_stress_revenue,0.9999988390606798
market_plan.CARROT.h12.available,market_plan.TOMATO.h12.available,1.0
market_plan.CARROT.h12.available,market_plan.STRAWBERRY.h12.available,1.0
market_plan.CARROT.h12.available,market_plan.MELON.h12.available,1.0
market_plan.CARROT.h12.available,market_plan.EGG.h12.available,1.0
market_plan.CARROT.h12.available,market_plan.MILK.h12.available,1.0
market_plan.CARROT.h12.available,market_plan.WOOL.h12.available,1.0
market_plan.CARROT.h12.available,market_plan.FERTILIZER.h12.available,1.0
market_plan.CARROT.h12.available,market_plan.FERTILIZER.h12.demand_only_inventory,1.0
market_plan.CARROT.h12.available,market_plan.FERTILIZER.h12.demand_only_price,1.0
market_plan.CARROT.h12.quiet_revenue,market_plan.CARROT.h12.rival_stress_revenue,0.9999985811096765
market_plan.CARROT.h12.quiet_revenue,market_plan.CARROT.h12.quiet_holding_premium,0.9969977437357405
market_plan.CARROT.h12.rival_stress_revenue,market_plan.CARROT.h12.quiet_holding_premium,0.9969879829774139
market_plan.CARROT.h24.available,market_plan.TOMATO.h24.available,1.0
market_plan.CARROT.h24.available,market_plan.STRAWBERRY.h24.available,1.0
market_plan.CARROT.h24.available,market_plan.MELON.h24.available,1.0
market_plan.CARROT.h24.available,market_plan.MELON.h24.known_demand,1.0
market_plan.CARROT.h24.available,market_plan.EGG.h24.available,1.0
market_plan.CARROT.h24.available,market_plan.MILK.h24.available,1.0
market_plan.CARROT.h24.available,market_plan.WOOL.h24.available,1.0
market_plan.CARROT.h24.available,market_plan.FERTILIZER.h24.available,1.0
market_plan.CARROT.h24.available,market_plan.FERTILIZER.h24.demand_only_inventory,1.0
market_plan.CARROT.h24.available,market_plan.FERTILIZER.h24.demand_only_price,1.0
market_plan.CARROT.h24.available,market_worker.0.night_sale_available,1.0
market_plan.CARROT.h24.quiet_revenue,market_plan.CARROT.h24.rival_stress_revenue,0.9999990651712203
market_plan.CARROT.h24.quiet_revenue,market_plan.CARROT.h24.quiet_holding_premium,0.9996738730153127
market_plan.CARROT.h24.rival_stress_revenue,market_plan.CARROT.h24.quiet_holding_premium,0.9996651226501406
market_plan.TOMATO.h4.available,market_plan.STRAWBERRY.h4.available,1.0
market_plan.TOMATO.h4.available,market_plan.MELON.h4.available,1.0
market_plan.TOMATO.h4.available,market_plan.EGG.h4.available,1.0
market_plan.TOMATO.h4.available,market_plan.MILK.h4.available,1.0
market_plan.TOMATO.h4.available,market_plan.WOOL.h4.available,1.0
market_plan.TOMATO.h4.available,market_plan.FERTILIZER.h4.available,1.0
market_plan.TOMATO.h4.available,market_plan.FERTILIZER.h4.demand_only_inventory,1.0
market_plan.TOMATO.h4.available,market_plan.FERTILIZER.h4.demand_only_price,1.0
market_plan.TOMATO.h4.demand_only_inventory,market_plan.TOMATO.h12.demand_only_inventory,0.9968673003274909
market_plan.TOMATO.h12.available,market_plan.STRAWBERRY.h12.available,1.0
market_plan.TOMATO.h12.available,market_plan.MELON.h12.available,1.0
market_plan.TOMATO.h12.available,market_plan.EGG.h12.available,1.0
market_plan.TOMATO.h12.available,market_plan.MILK.h12.available,1.0
market_plan.TOMATO.h12.available,market_plan.WOOL.h12.available,1.0
market_plan.TOMATO.h12.available,market_plan.FERTILIZER.h12.available,1.0
market_plan.TOMATO.h12.available,market_plan.FERTILIZER.h12.demand_only_inventory,1.0
market_plan.TOMATO.h12.available,market_plan.FERTILIZER.h12.demand_only_price,1.0
market_plan.TOMATO.h12.demand_only_inventory,market_plan.TOMATO.h24.demand_only_inventory,0.9952226975510399
market_plan.TOMATO.h24.available,market_plan.STRAWBERRY.h24.available,1.0
market_plan.TOMATO.h24.available,market_plan.MELON.h24.available,1.0
market_plan.TOMATO.h24.available,market_plan.MELON.h24.known_demand,1.0
market_plan.TOMATO.h24.available,market_plan.EGG.h24.available,1.0
market_plan.TOMATO.h24.available,market_plan.MILK.h24.available,1.0
market_plan.TOMATO.h24.available,market_plan.WOOL.h24.available,1.0
market_plan.TOMATO.h24.available,market_plan.FERTILIZER.h24.available,1.0
market_plan.TOMATO.h24.available,market_plan.FERTILIZER.h24.demand_only_inventory,1.0
market_plan.TOMATO.h24.available,market_plan.FERTILIZER.h24.demand_only_price,1.0
market_plan.TOMATO.h24.available,market_worker.0.night_sale_available,1.0
market_plan.STRAWBERRY.own_ready_units,market_plan.STRAWBERRY.conditional_quantity,0.9952803995907331
market_plan.STRAWBERRY.conditional_quantity,market_plan.STRAWBERRY.immediate_revenue,0.9989913158705119
market_plan.STRAWBERRY.h4.available,market_plan.MELON.h4.available,1.0
market_plan.STRAWBERRY.h4.available,market_plan.EGG.h4.available,1.0
market_plan.STRAWBERRY.h4.available,market_plan.MILK.h4.available,1.0
market_plan.STRAWBERRY.h4.available,market_plan.WOOL.h4.available,1.0
market_plan.STRAWBERRY.h4.available,market_plan.FERTILIZER.h4.available,1.0
market_plan.STRAWBERRY.h4.available,market_plan.FERTILIZER.h4.demand_only_inventory,1.0
market_plan.STRAWBERRY.h4.available,market_plan.FERTILIZER.h4.demand_only_price,1.0
market_plan.STRAWBERRY.h4.quiet_revenue,market_plan.STRAWBERRY.h4.rival_stress_revenue,0.9999738675183256
market_plan.STRAWBERRY.h4.quiet_revenue,market_plan.STRAWBERRY.h4.quiet_holding_premium,0.9983027225871427
market_plan.STRAWBERRY.h4.rival_stress_revenue,market_plan.STRAWBERRY.h4.quiet_holding_premium,0.9983524732283436
market_plan.STRAWBERRY.h12.available,market_plan.MELON.h12.available,1.0
market_plan.STRAWBERRY.h12.available,market_plan.EGG.h12.available,1.0
market_plan.STRAWBERRY.h12.available,market_plan.MILK.h12.available,1.0
market_plan.STRAWBERRY.h12.available,market_plan.WOOL.h12.available,1.0
market_plan.STRAWBERRY.h12.available,market_plan.FERTILIZER.h12.available,1.0
market_plan.STRAWBERRY.h12.available,market_plan.FERTILIZER.h12.demand_only_inventory,1.0
market_plan.STRAWBERRY.h12.available,market_plan.FERTILIZER.h12.demand_only_price,1.0
market_plan.STRAWBERRY.h12.quiet_revenue,market_plan.STRAWBERRY.h12.rival_stress_revenue,0.9999432863737857
market_plan.STRAWBERRY.h12.quiet_revenue,market_plan.STRAWBERRY.h12.quiet_holding_premium,0.9988631763913948
market_plan.STRAWBERRY.h12.rival_stress_revenue,market_plan.STRAWBERRY.h12.quiet_holding_premium,0.9988679881434266
market_plan.STRAWBERRY.h24.available,market_plan.MELON.h24.available,1.0
market_plan.STRAWBERRY.h24.available,market_plan.MELON.h24.known_demand,1.0
market_plan.STRAWBERRY.h24.available,market_plan.EGG.h24.available,1.0
market_plan.STRAWBERRY.h24.available,market_plan.MILK.h24.available,1.0
market_plan.STRAWBERRY.h24.available,market_plan.WOOL.h24.available,1.0
market_plan.STRAWBERRY.h24.available,market_plan.FERTILIZER.h24.available,1.0
market_plan.STRAWBERRY.h24.available,market_plan.FERTILIZER.h24.demand_only_inventory,1.0
market_plan.STRAWBERRY.h24.available,market_plan.FERTILIZER.h24.demand_only_price,1.0
market_plan.STRAWBERRY.h24.available,market_worker.0.night_sale_available,1.0
market_plan.STRAWBERRY.h24.quiet_revenue,market_plan.STRAWBERRY.h24.rival_stress_revenue,0.9999422347299659
market_plan.STRAWBERRY.h24.quiet_revenue,market_plan.STRAWBERRY.h24.quiet_holding_premium,0.9990647947249575
market_plan.STRAWBERRY.h24.rival_stress_revenue,market_plan.STRAWBERRY.h24.quiet_holding_premium,0.9990127034565911
market_plan.MELON.own_ready_units,market_plan.MELON.rival_ready_units,0.9957515922953452
market_plan.MELON.rival_ready_units,market_plan.MELON.rival_earliest_delivery,-0.9987628269745857
market_plan.MELON.conditional_quantity,market_plan.MELON.immediate_revenue,0.999802181790989
market_plan.MELON.conditional_quantity,market_plan.MELON.h4.quiet_revenue,0.9997997902080775
market_plan.MELON.conditional_quantity,market_plan.MELON.h4.rival_stress_revenue,0.9997695307514668
market_plan.MELON.conditional_quantity,market_plan.MELON.h12.quiet_revenue,0.9998049141526161
market_plan.MELON.conditional_quantity,market_plan.MELON.h12.rival_stress_revenue,0.999795662444428
market_plan.MELON.conditional_quantity,market_plan.MELON.h24.quiet_revenue,0.9997918250731913
market_plan.MELON.conditional_quantity,market_plan.MELON.h24.rival_stress_revenue,0.9998131925688999
market_plan.MELON.immediate_revenue,market_plan.MELON.h4.quiet_revenue,0.9999956862529872
market_plan.MELON.immediate_revenue,market_plan.MELON.h4.rival_stress_revenue,0.9998704152659431
market_plan.MELON.immediate_revenue,market_plan.MELON.h12.quiet_revenue,0.9999950334988916
market_plan.MELON.immediate_revenue,market_plan.MELON.h12.rival_stress_revenue,0.9997585073017213
market_plan.MELON.immediate_revenue,market_plan.MELON.h24.quiet_revenue,0.9999957439458254
market_plan.MELON.immediate_revenue,market_plan.MELON.h24.rival_stress_revenue,0.9997936318549409
market_plan.MELON.h4.available,market_plan.EGG.h4.available,1.0
market_plan.MELON.h4.available,market_plan.MILK.h4.available,1.0
market_plan.MELON.h4.available,market_plan.WOOL.h4.available,1.0
market_plan.MELON.h4.available,market_plan.FERTILIZER.h4.available,1.0
market_plan.MELON.h4.available,market_plan.FERTILIZER.h4.demand_only_inventory,1.0
market_plan.MELON.h4.available,market_plan.FERTILIZER.h4.demand_only_price,1.0
market_plan.MELON.h4.known_demand,market_worker.1.present,-1.0
market_plan.MELON.h4.quiet_revenue,market_plan.MELON.h4.rival_stress_revenue,0.999877889379622
market_plan.MELON.h4.quiet_revenue,market_plan.MELON.h12.quiet_revenue,0.9999941637151119
market_plan.MELON.h4.quiet_revenue,market_plan.MELON.h12.rival_stress_revenue,0.9997620683894206
market_plan.MELON.h4.quiet_revenue,market_plan.MELON.h24.quiet_revenue,0.9999928627947552
market_plan.MELON.h4.quiet_revenue,market_plan.MELON.h24.rival_stress_revenue,0.9997960171341058
market_plan.MELON.h4.rival_stress_revenue,market_plan.MELON.h12.quiet_revenue,0.9998738286160932
market_plan.MELON.h4.rival_stress_revenue,market_plan.MELON.h12.rival_stress_revenue,0.9998156794174328
market_plan.MELON.h4.rival_stress_revenue,market_plan.MELON.h24.quiet_revenue,0.9998662276248821
market_plan.MELON.h4.rival_stress_revenue,market_plan.MELON.h24.rival_stress_revenue,0.9998461405733319
market_plan.MELON.h12.available,market_plan.EGG.h12.available,1.0
market_plan.MELON.h12.available,market_plan.MILK.h12.available,1.0
market_plan.MELON.h12.available,market_plan.WOOL.h12.available,1.0
market_plan.MELON.h12.available,market_plan.FERTILIZER.h12.available,1.0
market_plan.MELON.h12.available,market_plan.FERTILIZER.h12.demand_only_inventory,1.0
market_plan.MELON.h12.available,market_plan.FERTILIZER.h12.demand_only_price,1.0
market_plan.MELON.h12.quiet_revenue,market_plan.MELON.h12.rival_stress_revenue,0.9997730052934485
market_plan.MELON.h12.quiet_revenue,market_plan.MELON.h24.quiet_revenue,0.9999946509127489
market_plan.MELON.h12.quiet_revenue,market_plan.MELON.h24.rival_stress_revenue,0.9998045888779818
market_plan.MELON.h12.rival_stress_revenue,market_plan.MELON.h24.quiet_revenue,0.9997569775685844
market_plan.MELON.h12.rival_stress_revenue,market_plan.MELON.h24.rival_stress_revenue,0.9999533524948901
market_plan.MELON.h12.rival_penalty,market_plan.MELON.h24.rival_penalty,0.9999280360927402
market_plan.MELON.h24.available,market_plan.MELON.h24.known_demand,1.0
market_plan.MELON.h24.available,market_plan.EGG.h24.available,1.0
market_plan.MELON.h24.available,market_plan.MILK.h24.available,1.0
market_plan.MELON.h24.available,market_plan.WOOL.h24.available,1.0
market_plan.MELON.h24.available,market_plan.FERTILIZER.h24.available,1.0
market_plan.MELON.h24.available,market_plan.FERTILIZER.h24.demand_only_inventory,1.0
market_plan.MELON.h24.available,market_plan.FERTILIZER.h24.demand_only_price,1.0
market_plan.MELON.h24.available,market_worker.0.night_sale_available,1.0
market_plan.MELON.h24.known_demand,market_plan.EGG.h24.available,1.0
market_plan.MELON.h24.known_demand,market_plan.MILK.h24.available,1.0
market_plan.MELON.h24.known_demand,market_plan.WOOL.h24.available,1.0
market_plan.MELON.h24.known_demand,market_plan.FERTILIZER.h24.available,1.0
market_plan.MELON.h24.known_demand,market_plan.FERTILIZER.h24.demand_only_inventory,1.0
market_plan.MELON.h24.known_demand,market_plan.FERTILIZER.h24.demand_only_price,1.0
market_plan.MELON.h24.known_demand,market_worker.0.night_sale_available,1.0
market_plan.MELON.h24.quiet_revenue,market_plan.MELON.h24.rival_stress_revenue,0.9997988924095133
market_plan.EGG.h4.available,market_plan.MILK.h4.available,1.0
market_plan.EGG.h4.available,market_plan.WOOL.h4.available,1.0
market_plan.EGG.h4.available,market_plan.FERTILIZER.h4.available,1.0
market_plan.EGG.h4.available,market_plan.FERTILIZER.h4.demand_only_inventory,1.0
market_plan.EGG.h4.available,market_plan.FERTILIZER.h4.demand_only_price,1.0
market_plan.EGG.h12.available,market_plan.MILK.h12.available,1.0
market_plan.EGG.h12.available,market_plan.WOOL.h12.available,1.0
market_plan.EGG.h12.available,market_plan.FERTILIZER.h12.available,1.0
market_plan.EGG.h12.available,market_plan.FERTILIZER.h12.demand_only_inventory,1.0
market_plan.EGG.h12.available,market_plan.FERTILIZER.h12.demand_only_price,1.0
market_plan.EGG.h24.available,market_plan.MILK.h24.available,1.0
market_plan.EGG.h24.available,market_plan.WOOL.h24.available,1.0
market_plan.EGG.h24.available,market_plan.FERTILIZER.h24.available,1.0
market_plan.EGG.h24.available,market_plan.FERTILIZER.h24.demand_only_inventory,1.0
market_plan.EGG.h24.available,market_plan.FERTILIZER.h24.demand_only_price,1.0
market_plan.EGG.h24.available,market_worker.0.night_sale_available,1.0
market_plan.MILK.h4.available,market_plan.WOOL.h4.available,1.0
market_plan.MILK.h4.available,market_plan.FERTILIZER.h4.available,1.0
market_plan.MILK.h4.available,market_plan.FERTILIZER.h4.demand_only_inventory,1.0
market_plan.MILK.h4.available,market_plan.FERTILIZER.h4.demand_only_price,1.0
market_plan.MILK.h4.demand_only_inventory,market_plan.MILK.h12.demand_only_inventory,0.9987840750043406
market_plan.MILK.h4.demand_only_inventory,market_plan.MILK.h24.demand_only_inventory,0.9975218422959024
market_plan.MILK.h12.available,market_plan.WOOL.h12.available,1.0
market_plan.MILK.h12.available,market_plan.FERTILIZER.h12.available,1.0
market_plan.MILK.h12.available,market_plan.FERTILIZER.h12.demand_only_inventory,1.0
market_plan.MILK.h12.available,market_plan.FERTILIZER.h12.demand_only_price,1.0
market_plan.MILK.h12.demand_only_inventory,market_plan.MILK.h24.demand_only_inventory,0.9982647821213173
market_plan.MILK.h24.available,market_plan.WOOL.h24.available,1.0
market_plan.MILK.h24.available,market_plan.FERTILIZER.h24.available,1.0
market_plan.MILK.h24.available,market_plan.FERTILIZER.h24.demand_only_inventory,1.0
market_plan.MILK.h24.available,market_plan.FERTILIZER.h24.demand_only_price,1.0
market_plan.MILK.h24.available,market_worker.0.night_sale_available,1.0
market_plan.WOOL.h4.available,market_plan.FERTILIZER.h4.available,1.0
market_plan.WOOL.h4.available,market_plan.FERTILIZER.h4.demand_only_inventory,1.0
market_plan.WOOL.h4.available,market_plan.FERTILIZER.h4.demand_only_price,1.0
market_plan.WOOL.h4.demand_only_inventory,market_plan.WOOL.h12.demand_only_inventory,0.9954023905844525
market_plan.WOOL.h12.available,market_plan.FERTILIZER.h12.available,1.0
market_plan.WOOL.h12.available,market_plan.FERTILIZER.h12.demand_only_inventory,1.0
market_plan.WOOL.h12.available,market_plan.FERTILIZER.h12.demand_only_price,1.0
market_plan.WOOL.h24.available,market_plan.FERTILIZER.h24.available,1.0
market_plan.WOOL.h24.available,market_plan.FERTILIZER.h24.demand_only_inventory,1.0
market_plan.WOOL.h24.available,market_plan.FERTILIZER.h24.demand_only_price,1.0
market_plan.WOOL.h24.available,market_worker.0.night_sale_available,1.0
market_plan.FERTILIZER.h4.available,market_plan.FERTILIZER.h4.demand_only_inventory,1.0
market_plan.FERTILIZER.h4.available,market_plan.FERTILIZER.h4.demand_only_price,1.0
market_plan.FERTILIZER.h4.demand_only_inventory,market_plan.FERTILIZER.h4.demand_only_price,1.0
market_plan.FERTILIZER.h12.available,market_plan.FERTILIZER.h12.demand_only_inventory,1.0
market_plan.FERTILIZER.h12.available,market_plan.FERTILIZER.h12.demand_only_price,1.0
market_plan.FERTILIZER.h12.demand_only_inventory,market_plan.FERTILIZER.h12.demand_only_price,1.0
market_plan.FERTILIZER.h24.available,market_plan.FERTILIZER.h24.demand_only_inventory,1.0
market_plan.FERTILIZER.h24.available,market_plan.FERTILIZER.h24.demand_only_price,1.0
market_plan.FERTILIZER.h24.available,market_worker.0.night_sale_available,1.0
market_plan.FERTILIZER.h24.demand_only_inventory,market_plan.FERTILIZER.h24.demand_only_price,1.0
market_plan.FERTILIZER.h24.demand_only_inventory,market_worker.0.night_sale_available,1.0
market_plan.FERTILIZER.h24.demand_only_price,market_worker.0.night_sale_available,1.0
market_worker.0.quiet_night_revenue,market_worker.0.rival_stress_night_revenue,0.9985380909262991
market_worker.1.quiet_night_revenue,market_worker.1.rival_stress_night_revenue,0.9989394343671424
market_worker.1.night_sale_available,market_worker.2.night_sale_available,1.0
market_worker.2.liquidation_revenue,market_worker.2.quiet_night_revenue,0.9962380199402464
market_worker.2.liquidation_revenue,market_worker.2.rival_stress_night_revenue,0.9955072619326202
market_worker.2.quiet_night_revenue,market_worker.2.rival_stress_night_revenue,0.9992948163241725
market_worker.3.present,market_worker.3.night_sale_available,1.0
market_worker.3.carried_units,market_worker.3.liquidation_revenue,0.9999089271821839
market_worker.3.carried_units,market_worker.3.quiet_night_revenue,0.9999090277543966
market_worker.3.carried_units,market_worker.3.rival_stress_night_revenue,0.9996836336425271
market_worker.3.liquidation_revenue,market_worker.3.quiet_night_revenue,0.99999989243382
market_worker.3.liquidation_revenue,market_worker.3.rival_stress_night_revenue,0.9998597267223059
market_worker.3.quiet_night_revenue,market_worker.3.rival_stress_night_revenue,0.9998595884088184
market_history.WHEAT.last.available,market_history.WHEAT.w4.observed,1.0
market_history.WHEAT.last.available,market_history.CARROT.last.available,1.0
market_history.WHEAT.last.available,market_history.CARROT.last.sales_identified,1.0
market_history.WHEAT.last.available,market_history.CARROT.w4.observed,1.0
market_history.WHEAT.last.available,market_history.CARROT.w4.identified_fraction,1.0
market_history.WHEAT.last.available,market_history.CARROT.w12.identified_fraction,1.0
market_history.WHEAT.last.available,market_history.CARROT.w24.identified_fraction,1.0
market_history.WHEAT.last.available,market_history.TOMATO.last.available,1.0
market_history.WHEAT.last.available,market_history.TOMATO.last.sales_identified,1.0
market_history.WHEAT.last.available,market_history.TOMATO.w4.observed,1.0
market_history.WHEAT.last.available,market_history.TOMATO.w4.identified_fraction,1.0
market_history.WHEAT.last.available,market_history.TOMATO.w12.identified_fraction,1.0
market_history.WHEAT.last.available,market_history.TOMATO.w24.identified_fraction,1.0
market_history.WHEAT.last.available,market_history.STRAWBERRY.last.available,1.0
market_history.WHEAT.last.available,market_history.STRAWBERRY.last.sales_identified,1.0
market_history.WHEAT.last.available,market_history.STRAWBERRY.w4.observed,1.0
market_history.WHEAT.last.available,market_history.STRAWBERRY.w4.identified_fraction,1.0
market_history.WHEAT.last.available,market_history.STRAWBERRY.w12.identified_fraction,1.0
market_history.WHEAT.last.available,market_history.STRAWBERRY.w24.identified_fraction,1.0
market_history.WHEAT.last.available,market_history.MELON.last.available,1.0
market_history.WHEAT.last.available,market_history.MELON.w4.observed,1.0
market_history.WHEAT.last.available,market_history.EGG.last.available,1.0
market_history.WHEAT.last.available,market_history.EGG.last.sales_identified,1.0
market_history.WHEAT.last.available,market_history.EGG.w4.observed,1.0
market_history.WHEAT.last.available,market_history.EGG.w4.identified_fraction,1.0
market_history.WHEAT.last.available,market_history.EGG.w12.identified_fraction,1.0
market_history.WHEAT.last.available,market_history.EGG.w24.identified_fraction,1.0
market_history.WHEAT.last.available,market_history.MILK.last.available,1.0
market_history.WHEAT.last.available,market_history.MILK.last.sales_identified,1.0
market_history.WHEAT.last.available,market_history.MILK.w4.observed,1.0
market_history.WHEAT.last.available,market_history.MILK.w4.identified_fraction,1.0
market_history.WHEAT.last.available,market_history.MILK.w12.identified_fraction,1.0
market_history.WHEAT.last.available,market_history.MILK.w24.identified_fraction,1.0
market_history.WHEAT.last.available,market_history.WOOL.last.available,1.0
market_history.WHEAT.last.available,market_history.WOOL.last.sales_identified,1.0
market_history.WHEAT.last.available,market_history.WOOL.w4.observed,1.0
market_history.WHEAT.last.available,market_history.WOOL.w4.identified_fraction,1.0
market_history.WHEAT.last.available,market_history.WOOL.w12.identified_fraction,1.0
market_history.WHEAT.last.available,market_history.WOOL.w24.identified_fraction,1.0
market_history.WHEAT.last.available,market_history.FERTILIZER.last.available,1.0
market_history.WHEAT.last.available,market_history.FERTILIZER.w4.observed,1.0
market_history.WHEAT.last.available,cash_history.available,1.0
market_history.WHEAT.last.available,cash_history.FERTILIZER.net_cash_identified,1.0
market_history.WHEAT.last.trade_net,cash_history.WHEAT.revenue_upper,0.9999938274863988
market_history.WHEAT.w4.observed,market_history.CARROT.last.available,1.0
market_history.WHEAT.w4.observed,market_history.CARROT.last.sales_identified,1.0
market_history.WHEAT.w4.observed,market_history.CARROT.w4.observed,1.0
market_history.WHEAT.w4.observed,market_history.CARROT.w4.identified_fraction,1.0
market_history.WHEAT.w4.observed,market_history.CARROT.w12.identified_fraction,1.0
market_history.WHEAT.w4.observed,market_history.CARROT.w24.identified_fraction,1.0
market_history.WHEAT.w4.observed,market_history.TOMATO.last.available,1.0
market_history.WHEAT.w4.observed,market_history.TOMATO.last.sales_identified,1.0
market_history.WHEAT.w4.observed,market_history.TOMATO.w4.observed,1.0
market_history.WHEAT.w4.observed,market_history.TOMATO.w4.identified_fraction,1.0
market_history.WHEAT.w4.observed,market_history.TOMATO.w12.identified_fraction,1.0
market_history.WHEAT.w4.observed,market_history.TOMATO.w24.identified_fraction,1.0
market_history.WHEAT.w4.observed,market_history.STRAWBERRY.last.available,1.0
market_history.WHEAT.w4.observed,market_history.STRAWBERRY.last.sales_identified,1.0
market_history.WHEAT.w4.observed,market_history.STRAWBERRY.w4.observed,1.0
market_history.WHEAT.w4.observed,market_history.STRAWBERRY.w4.identified_fraction,1.0
market_history.WHEAT.w4.observed,market_history.STRAWBERRY.w12.identified_fraction,1.0
market_history.WHEAT.w4.observed,market_history.STRAWBERRY.w24.identified_fraction,1.0
market_history.WHEAT.w4.observed,market_history.MELON.last.available,1.0
market_history.WHEAT.w4.observed,market_history.MELON.w4.observed,1.0
market_history.WHEAT.w4.observed,market_history.EGG.last.available,1.0
market_history.WHEAT.w4.observed,market_history.EGG.last.sales_identified,1.0
market_history.WHEAT.w4.observed,market_history.EGG.w4.observed,1.0
market_history.WHEAT.w4.observed,market_history.EGG.w4.identified_fraction,1.0
market_history.WHEAT.w4.observed,market_history.EGG.w12.identified_fraction,1.0
market_history.WHEAT.w4.observed,market_history.EGG.w24.identified_fraction,1.0
market_history.WHEAT.w4.observed,market_history.MILK.last.available,1.0
market_history.WHEAT.w4.observed,market_history.MILK.last.sales_identified,1.0
market_history.WHEAT.w4.observed,market_history.MILK.w4.observed,1.0
market_history.WHEAT.w4.observed,market_history.MILK.w4.identified_fraction,1.0
market_history.WHEAT.w4.observed,market_history.MILK.w12.identified_fraction,1.0
market_history.WHEAT.w4.observed,market_history.MILK.w24.identified_fraction,1.0
market_history.WHEAT.w4.observed,market_history.WOOL.last.available,1.0
market_history.WHEAT.w4.observed,market_history.WOOL.last.sales_identified,1.0
market_history.WHEAT.w4.observed,market_history.WOOL.w4.observed,1.0
market_history.WHEAT.w4.observed,market_history.WOOL.w4.identified_fraction,1.0
market_history.WHEAT.w4.observed,market_history.WOOL.w12.identified_fraction,1.0
market_history.WHEAT.w4.observed,market_history.WOOL.w24.identified_fraction,1.0
market_history.WHEAT.w4.observed,market_history.FERTILIZER.last.available,1.0
market_history.WHEAT.w4.observed,market_history.FERTILIZER.w4.observed,1.0
market_history.WHEAT.w4.observed,cash_history.available,1.0
market_history.WHEAT.w4.observed,cash_history.FERTILIZER.net_cash_identified,1.0
market_history.WHEAT.w4.trade_sum,market_history.WHEAT.w4.trade_std,0.9999902682218061
market_history.WHEAT.w12.observed,market_history.CARROT.w12.observed,1.0
market_history.WHEAT.w12.observed,market_history.TOMATO.w12.observed,1.0
market_history.WHEAT.w12.observed,market_history.STRAWBERRY.w12.observed,1.0
market_history.WHEAT.w12.observed,market_history.MELON.w12.observed,1.0
market_history.WHEAT.w12.observed,market_history.EGG.w12.observed,1.0
market_history.WHEAT.w12.observed,market_history.MILK.w12.observed,1.0
market_history.WHEAT.w12.observed,market_history.WOOL.w12.observed,1.0
market_history.WHEAT.w12.observed,market_history.FERTILIZER.w12.observed,1.0
market_history.WHEAT.w12.trade_sum,market_history.WHEAT.w12.trade_std,0.9999401819947169
market_history.WHEAT.w24.observed,market_history.CARROT.w24.observed,1.0
market_history.WHEAT.w24.observed,market_history.TOMATO.w24.observed,1.0
market_history.WHEAT.w24.observed,market_history.STRAWBERRY.w24.observed,1.0
market_history.WHEAT.w24.observed,market_history.MELON.w24.observed,1.0
market_history.WHEAT.w24.observed,market_history.EGG.w24.observed,1.0
market_history.WHEAT.w24.observed,market_history.MILK.w24.observed,1.0
market_history.WHEAT.w24.observed,market_history.WOOL.w24.observed,1.0
market_history.WHEAT.w24.observed,market_history.FERTILIZER.w24.observed,1.0
market_history.WHEAT.w24.trade_sum,market_history.WHEAT.w24.trade_std,0.9996142892279352
market_history.CARROT.last.available,market_history.CARROT.last.sales_identified,1.0
market_history.CARROT.last.available,market_history.CARROT.w4.observed,1.0
market_history.CARROT.last.available,market_history.CARROT.w4.identified_fraction,1.0
market_history.CARROT.last.available,market_history.CARROT.w12.identified_fraction,1.0
market_history.CARROT.last.available,market_history.CARROT.w24.identified_fraction,1.0
market_history.CARROT.last.available,market_history.TOMATO.last.available,1.0
market_history.CARROT.last.available,market_history.TOMATO.last.sales_identified,1.0
market_history.CARROT.last.available,market_history.TOMATO.w4.observed,1.0
market_history.CARROT.last.available,market_history.TOMATO.w4.identified_fraction,1.0
market_history.CARROT.last.available,market_history.TOMATO.w12.identified_fraction,1.0
market_history.CARROT.last.available,market_history.TOMATO.w24.identified_fraction,1.0
market_history.CARROT.last.available,market_history.STRAWBERRY.last.available,1.0
market_history.CARROT.last.available,market_history.STRAWBERRY.last.sales_identified,1.0
market_history.CARROT.last.available,market_history.STRAWBERRY.w4.observed,1.0
market_history.CARROT.last.available,market_history.STRAWBERRY.w4.identified_fraction,1.0
market_history.CARROT.last.available,market_history.STRAWBERRY.w12.identified_fraction,1.0
market_history.CARROT.last.available,market_history.STRAWBERRY.w24.identified_fraction,1.0
market_history.CARROT.last.available,market_history.MELON.last.available,1.0
market_history.CARROT.last.available,market_history.MELON.w4.observed,1.0
market_history.CARROT.last.available,market_history.EGG.last.available,1.0
market_history.CARROT.last.available,market_history.EGG.last.sales_identified,1.0
market_history.CARROT.last.available,market_history.EGG.w4.observed,1.0
market_history.CARROT.last.available,market_history.EGG.w4.identified_fraction,1.0
market_history.CARROT.last.available,market_history.EGG.w12.identified_fraction,1.0
market_history.CARROT.last.available,market_history.EGG.w24.identified_fraction,1.0
market_history.CARROT.last.available,market_history.MILK.last.available,1.0
market_history.CARROT.last.available,market_history.MILK.last.sales_identified,1.0
market_history.CARROT.last.available,market_history.MILK.w4.observed,1.0
market_history.CARROT.last.available,market_history.MILK.w4.identified_fraction,1.0
market_history.CARROT.last.available,market_history.MILK.w12.identified_fraction,1.0
market_history.CARROT.last.available,market_history.MILK.w24.identified_fraction,1.0
market_history.CARROT.last.available,market_history.WOOL.last.available,1.0
market_history.CARROT.last.available,market_history.WOOL.last.sales_identified,1.0
market_history.CARROT.last.available,market_history.WOOL.w4.observed,1.0
market_history.CARROT.last.available,market_history.WOOL.w4.identified_fraction,1.0
market_history.CARROT.last.available,market_history.WOOL.w12.identified_fraction,1.0
market_history.CARROT.last.available,market_history.WOOL.w24.identified_fraction,1.0
market_history.CARROT.last.available,market_history.FERTILIZER.last.available,1.0
market_history.CARROT.last.available,market_history.FERTILIZER.w4.observed,1.0
market_history.CARROT.last.available,cash_history.available,1.0
market_history.CARROT.last.available,cash_history.FERTILIZER.net_cash_identified,1.0
market_history.CARROT.last.sales_lower,market_history.CARROT.last.sales_upper,1.0
market_history.CARROT.last.sales_lower,cash_history.CARROT.sales_lower,1.0
market_history.CARROT.last.sales_lower,cash_history.CARROT.sales_upper,1.0
market_history.CARROT.last.sales_lower,cash_history.CARROT.revenue_upper,0.999998851384098
market_history.CARROT.last.sales_upper,cash_history.CARROT.sales_lower,1.0
market_history.CARROT.last.sales_upper,cash_history.CARROT.sales_upper,1.0
market_history.CARROT.last.sales_upper,cash_history.CARROT.revenue_upper,0.999998851384098
market_history.CARROT.last.sales_identified,market_history.CARROT.w4.observed,1.0
market_history.CARROT.last.sales_identified,market_history.CARROT.w4.identified_fraction,1.0
market_history.CARROT.last.sales_identified,market_history.CARROT.w12.identified_fraction,1.0
market_history.CARROT.last.sales_identified,market_history.CARROT.w24.identified_fraction,1.0
market_history.CARROT.last.sales_identified,market_history.TOMATO.last.available,1.0
market_history.CARROT.last.sales_identified,market_history.TOMATO.last.sales_identified,1.0
market_history.CARROT.last.sales_identified,market_history.TOMATO.w4.observed,1.0
market_history.CARROT.last.sales_identified,market_history.TOMATO.w4.identified_fraction,1.0
market_history.CARROT.last.sales_identified,market_history.TOMATO.w12.identified_fraction,1.0
market_history.CARROT.last.sales_identified,market_history.TOMATO.w24.identified_fraction,1.0
market_history.CARROT.last.sales_identified,market_history.STRAWBERRY.last.available,1.0
market_history.CARROT.last.sales_identified,market_history.STRAWBERRY.last.sales_identified,1.0
market_history.CARROT.last.sales_identified,market_history.STRAWBERRY.w4.observed,1.0
market_history.CARROT.last.sales_identified,market_history.STRAWBERRY.w4.identified_fraction,1.0
market_history.CARROT.last.sales_identified,market_history.STRAWBERRY.w12.identified_fraction,1.0
market_history.CARROT.last.sales_identified,market_history.STRAWBERRY.w24.identified_fraction,1.0
market_history.CARROT.last.sales_identified,market_history.MELON.last.available,1.0
market_history.CARROT.last.sales_identified,market_history.MELON.w4.observed,1.0
market_history.CARROT.last.sales_identified,market_history.EGG.last.available,1.0
market_history.CARROT.last.sales_identified,market_history.EGG.last.sales_identified,1.0
market_history.CARROT.last.sales_identified,market_history.EGG.w4.observed,1.0
market_history.CARROT.last.sales_identified,market_history.EGG.w4.identified_fraction,1.0
market_history.CARROT.last.sales_identified,market_history.EGG.w12.identified_fraction,1.0
market_history.CARROT.last.sales_identified,market_history.EGG.w24.identified_fraction,1.0
market_history.CARROT.last.sales_identified,market_history.MILK.last.available,1.0
market_history.CARROT.last.sales_identified,market_history.MILK.last.sales_identified,1.0
market_history.CARROT.last.sales_identified,market_history.MILK.w4.observed,1.0
market_history.CARROT.last.sales_identified,market_history.MILK.w4.identified_fraction,1.0
market_history.CARROT.last.sales_identified,market_history.MILK.w12.identified_fraction,1.0
market_history.CARROT.last.sales_identified,market_history.MILK.w24.identified_fraction,1.0
market_history.CARROT.last.sales_identified,market_history.WOOL.last.available,1.0
market_history.CARROT.last.sales_identified,market_history.WOOL.last.sales_identified,1.0
market_history.CARROT.last.sales_identified,market_history.WOOL.w4.observed,1.0
market_history.CARROT.last.sales_identified,market_history.WOOL.w4.identified_fraction,1.0
market_history.CARROT.last.sales_identified,market_history.WOOL.w12.identified_fraction,1.0
market_history.CARROT.last.sales_identified,market_history.WOOL.w24.identified_fraction,1.0
market_history.CARROT.last.sales_identified,market_history.FERTILIZER.last.available,1.0
market_history.CARROT.last.sales_identified,market_history.FERTILIZER.w4.observed,1.0
market_history.CARROT.last.sales_identified,cash_history.available,1.0
market_history.CARROT.last.sales_identified,cash_history.FERTILIZER.net_cash_identified,1.0
market_history.CARROT.last.stock_upper,cash_history.CARROT.stock_upper,1.0
market_history.CARROT.w4.observed,market_history.CARROT.w4.identified_fraction,1.0
market_history.CARROT.w4.observed,market_history.CARROT.w12.identified_fraction,1.0
market_history.CARROT.w4.observed,market_history.CARROT.w24.identified_fraction,1.0
market_history.CARROT.w4.observed,market_history.TOMATO.last.available,1.0
market_history.CARROT.w4.observed,market_history.TOMATO.last.sales_identified,1.0
market_history.CARROT.w4.observed,market_history.TOMATO.w4.observed,1.0
market_history.CARROT.w4.observed,market_history.TOMATO.w4.identified_fraction,1.0
market_history.CARROT.w4.observed,market_history.TOMATO.w12.identified_fraction,1.0
market_history.CARROT.w4.observed,market_history.TOMATO.w24.identified_fraction,1.0
market_history.CARROT.w4.observed,market_history.STRAWBERRY.last.available,1.0
market_history.CARROT.w4.observed,market_history.STRAWBERRY.last.sales_identified,1.0
market_history.CARROT.w4.observed,market_history.STRAWBERRY.w4.observed,1.0
market_history.CARROT.w4.observed,market_history.STRAWBERRY.w4.identified_fraction,1.0
market_history.CARROT.w4.observed,market_history.STRAWBERRY.w12.identified_fraction,1.0
market_history.CARROT.w4.observed,market_history.STRAWBERRY.w24.identified_fraction,1.0
market_history.CARROT.w4.observed,market_history.MELON.last.available,1.0
market_history.CARROT.w4.observed,market_history.MELON.w4.observed,1.0
market_history.CARROT.w4.observed,market_history.EGG.last.available,1.0
market_history.CARROT.w4.observed,market_history.EGG.last.sales_identified,1.0
market_history.CARROT.w4.observed,market_history.EGG.w4.observed,1.0
market_history.CARROT.w4.observed,market_history.EGG.w4.identified_fraction,1.0
market_history.CARROT.w4.observed,market_history.EGG.w12.identified_fraction,1.0
market_history.CARROT.w4.observed,market_history.EGG.w24.identified_fraction,1.0
market_history.CARROT.w4.observed,market_history.MILK.last.available,1.0
market_history.CARROT.w4.observed,market_history.MILK.last.sales_identified,1.0
market_history.CARROT.w4.observed,market_history.MILK.w4.observed,1.0
market_history.CARROT.w4.observed,market_history.MILK.w4.identified_fraction,1.0
market_history.CARROT.w4.observed,market_history.MILK.w12.identified_fraction,1.0
market_history.CARROT.w4.observed,market_history.MILK.w24.identified_fraction,1.0
market_history.CARROT.w4.observed,market_history.WOOL.last.available,1.0
market_history.CARROT.w4.observed,market_history.WOOL.last.sales_identified,1.0
market_history.CARROT.w4.observed,market_history.WOOL.w4.observed,1.0
market_history.CARROT.w4.observed,market_history.WOOL.w4.identified_fraction,1.0
market_history.CARROT.w4.observed,market_history.WOOL.w12.identified_fraction,1.0
market_history.CARROT.w4.observed,market_history.WOOL.w24.identified_fraction,1.0
market_history.CARROT.w4.observed,market_history.FERTILIZER.last.available,1.0
market_history.CARROT.w4.observed,market_history.FERTILIZER.w4.observed,1.0
market_history.CARROT.w4.observed,cash_history.available,1.0
market_history.CARROT.w4.observed,cash_history.FERTILIZER.net_cash_identified,1.0
market_history.CARROT.w4.trade_sum,market_history.CARROT.w4.trade_std,0.9999820802623496
market_history.CARROT.w4.sales_lower_sum,market_history.CARROT.w4.sales_upper_sum,1.0
market_history.CARROT.w4.identified_fraction,market_history.CARROT.w12.identified_fraction,1.0
market_history.CARROT.w4.identified_fraction,market_history.CARROT.w24.identified_fraction,1.0
market_history.CARROT.w4.identified_fraction,market_history.TOMATO.last.available,1.0
market_history.CARROT.w4.identified_fraction,market_history.TOMATO.last.sales_identified,1.0
market_history.CARROT.w4.identified_fraction,market_history.TOMATO.w4.observed,1.0
market_history.CARROT.w4.identified_fraction,market_history.TOMATO.w4.identified_fraction,1.0
market_history.CARROT.w4.identified_fraction,market_history.TOMATO.w12.identified_fraction,1.0
market_history.CARROT.w4.identified_fraction,market_history.TOMATO.w24.identified_fraction,1.0
market_history.CARROT.w4.identified_fraction,market_history.STRAWBERRY.last.available,1.0
market_history.CARROT.w4.identified_fraction,market_history.STRAWBERRY.last.sales_identified,1.0
market_history.CARROT.w4.identified_fraction,market_history.STRAWBERRY.w4.observed,1.0
market_history.CARROT.w4.identified_fraction,market_history.STRAWBERRY.w4.identified_fraction,1.0
market_history.CARROT.w4.identified_fraction,market_history.STRAWBERRY.w12.identified_fraction,1.0
market_history.CARROT.w4.identified_fraction,market_history.STRAWBERRY.w24.identified_fraction,1.0
market_history.CARROT.w4.identified_fraction,market_history.MELON.last.available,1.0
market_history.CARROT.w4.identified_fraction,market_history.MELON.w4.observed,1.0
market_history.CARROT.w4.identified_fraction,market_history.EGG.last.available,1.0
market_history.CARROT.w4.identified_fraction,market_history.EGG.last.sales_identified,1.0
market_history.CARROT.w4.identified_fraction,market_history.EGG.w4.observed,1.0
market_history.CARROT.w4.identified_fraction,market_history.EGG.w4.identified_fraction,1.0
market_history.CARROT.w4.identified_fraction,market_history.EGG.w12.identified_fraction,1.0
market_history.CARROT.w4.identified_fraction,market_history.EGG.w24.identified_fraction,1.0
market_history.CARROT.w4.identified_fraction,market_history.MILK.last.available,1.0
market_history.CARROT.w4.identified_fraction,market_history.MILK.last.sales_identified,1.0
market_history.CARROT.w4.identified_fraction,market_history.MILK.w4.observed,1.0
market_history.CARROT.w4.identified_fraction,market_history.MILK.w4.identified_fraction,1.0
market_history.CARROT.w4.identified_fraction,market_history.MILK.w12.identified_fraction,1.0
market_history.CARROT.w4.identified_fraction,market_history.MILK.w24.identified_fraction,1.0
market_history.CARROT.w4.identified_fraction,market_history.WOOL.last.available,1.0
market_history.CARROT.w4.identified_fraction,market_history.WOOL.last.sales_identified,1.0
market_history.CARROT.w4.identified_fraction,market_history.WOOL.w4.observed,1.0
market_history.CARROT.w4.identified_fraction,market_history.WOOL.w4.identified_fraction,1.0
market_history.CARROT.w4.identified_fraction,market_history.WOOL.w12.identified_fraction,1.0
market_history.CARROT.w4.identified_fraction,market_history.WOOL.w24.identified_fraction,1.0
market_history.CARROT.w4.identified_fraction,market_history.FERTILIZER.last.available,1.0
market_history.CARROT.w4.identified_fraction,market_history.FERTILIZER.w4.observed,1.0
market_history.CARROT.w4.identified_fraction,cash_history.available,1.0
market_history.CARROT.w4.identified_fraction,cash_history.FERTILIZER.net_cash_identified,1.0
market_history.CARROT.w12.observed,market_history.TOMATO.w12.observed,1.0
market_history.CARROT.w12.observed,market_history.STRAWBERRY.w12.observed,1.0
market_history.CARROT.w12.observed,market_history.MELON.w12.observed,1.0
market_history.CARROT.w12.observed,market_history.EGG.w12.observed,1.0
market_history.CARROT.w12.observed,market_history.MILK.w12.observed,1.0
market_history.CARROT.w12.observed,market_history.WOOL.w12.observed,1.0
market_history.CARROT.w12.observed,market_history.FERTILIZER.w12.observed,1.0
market_history.CARROT.w12.trade_sum,market_history.CARROT.w12.trade_std,0.9998761515936647
market_history.CARROT.w12.sales_lower_sum,market_history.CARROT.w12.sales_upper_sum,1.0
market_history.CARROT.w12.identified_fraction,market_history.CARROT.w24.identified_fraction,1.0
market_history.CARROT.w12.identified_fraction,market_history.TOMATO.last.available,1.0
market_history.CARROT.w12.identified_fraction,market_history.TOMATO.last.sales_identified,1.0
market_history.CARROT.w12.identified_fraction,market_history.TOMATO.w4.observed,1.0
market_history.CARROT.w12.identified_fraction,market_history.TOMATO.w4.identified_fraction,1.0
market_history.CARROT.w12.identified_fraction,market_history.TOMATO.w12.identified_fraction,1.0
market_history.CARROT.w12.identified_fraction,market_history.TOMATO.w24.identified_fraction,1.0
market_history.CARROT.w12.identified_fraction,market_history.STRAWBERRY.last.available,1.0
market_history.CARROT.w12.identified_fraction,market_history.STRAWBERRY.last.sales_identified,1.0
market_history.CARROT.w12.identified_fraction,market_history.STRAWBERRY.w4.observed,1.0
market_history.CARROT.w12.identified_fraction,market_history.STRAWBERRY.w4.identified_fraction,1.0
market_history.CARROT.w12.identified_fraction,market_history.STRAWBERRY.w12.identified_fraction,1.0
market_history.CARROT.w12.identified_fraction,market_history.STRAWBERRY.w24.identified_fraction,1.0
market_history.CARROT.w12.identified_fraction,market_history.MELON.last.available,1.0
market_history.CARROT.w12.identified_fraction,market_history.MELON.w4.observed,1.0
market_history.CARROT.w12.identified_fraction,market_history.EGG.last.available,1.0
market_history.CARROT.w12.identified_fraction,market_history.EGG.last.sales_identified,1.0
market_history.CARROT.w12.identified_fraction,market_history.EGG.w4.observed,1.0
market_history.CARROT.w12.identified_fraction,market_history.EGG.w4.identified_fraction,1.0
market_history.CARROT.w12.identified_fraction,market_history.EGG.w12.identified_fraction,1.0
market_history.CARROT.w12.identified_fraction,market_history.EGG.w24.identified_fraction,1.0
market_history.CARROT.w12.identified_fraction,market_history.MILK.last.available,1.0
market_history.CARROT.w12.identified_fraction,market_history.MILK.last.sales_identified,1.0
market_history.CARROT.w12.identified_fraction,market_history.MILK.w4.observed,1.0
market_history.CARROT.w12.identified_fraction,market_history.MILK.w4.identified_fraction,1.0
market_history.CARROT.w12.identified_fraction,market_history.MILK.w12.identified_fraction,1.0
market_history.CARROT.w12.identified_fraction,market_history.MILK.w24.identified_fraction,1.0
market_history.CARROT.w12.identified_fraction,market_history.WOOL.last.available,1.0
market_history.CARROT.w12.identified_fraction,market_history.WOOL.last.sales_identified,1.0
market_history.CARROT.w12.identified_fraction,market_history.WOOL.w4.observed,1.0
market_history.CARROT.w12.identified_fraction,market_history.WOOL.w4.identified_fraction,1.0
market_history.CARROT.w12.identified_fraction,market_history.WOOL.w12.identified_fraction,1.0
market_history.CARROT.w12.identified_fraction,market_history.WOOL.w24.identified_fraction,1.0
market_history.CARROT.w12.identified_fraction,market_history.FERTILIZER.last.available,1.0
market_history.CARROT.w12.identified_fraction,market_history.FERTILIZER.w4.observed,1.0
market_history.CARROT.w12.identified_fraction,cash_history.available,1.0
market_history.CARROT.w12.identified_fraction,cash_history.FERTILIZER.net_cash_identified,1.0
market_history.CARROT.w24.observed,market_history.TOMATO.w24.observed,1.0
market_history.CARROT.w24.observed,market_history.STRAWBERRY.w24.observed,1.0
market_history.CARROT.w24.observed,market_history.MELON.w24.observed,1.0
market_history.CARROT.w24.observed,market_history.EGG.w24.observed,1.0
market_history.CARROT.w24.observed,market_history.MILK.w24.observed,1.0
market_history.CARROT.w24.observed,market_history.WOOL.w24.observed,1.0
market_history.CARROT.w24.observed,market_history.FERTILIZER.w24.observed,1.0
market_history.CARROT.w24.trade_sum,market_history.CARROT.w24.trade_std,0.9992836301649014
market_history.CARROT.w24.trade_sum,market_history.CARROT.sale_seen,0.9950551789388529
market_history.CARROT.w24.trade_std,market_history.CARROT.sale_seen,0.9950166824690825
market_history.CARROT.w24.sales_lower_sum,market_history.CARROT.w24.sales_upper_sum,1.0
market_history.CARROT.w24.identified_fraction,market_history.TOMATO.last.available,1.0
market_history.CARROT.w24.identified_fraction,market_history.TOMATO.last.sales_identified,1.0
market_history.CARROT.w24.identified_fraction,market_history.TOMATO.w4.observed,1.0
market_history.CARROT.w24.identified_fraction,market_history.TOMATO.w4.identified_fraction,1.0
market_history.CARROT.w24.identified_fraction,market_history.TOMATO.w12.identified_fraction,1.0
market_history.CARROT.w24.identified_fraction,market_history.TOMATO.w24.identified_fraction,1.0
market_history.CARROT.w24.identified_fraction,market_history.STRAWBERRY.last.available,1.0
market_history.CARROT.w24.identified_fraction,market_history.STRAWBERRY.last.sales_identified,1.0
market_history.CARROT.w24.identified_fraction,market_history.STRAWBERRY.w4.observed,1.0
market_history.CARROT.w24.identified_fraction,market_history.STRAWBERRY.w4.identified_fraction,1.0
market_history.CARROT.w24.identified_fraction,market_history.STRAWBERRY.w12.identified_fraction,1.0
market_history.CARROT.w24.identified_fraction,market_history.STRAWBERRY.w24.identified_fraction,1.0
market_history.CARROT.w24.identified_fraction,market_history.MELON.last.available,1.0
market_history.CARROT.w24.identified_fraction,market_history.MELON.w4.observed,1.0
market_history.CARROT.w24.identified_fraction,market_history.EGG.last.available,1.0
market_history.CARROT.w24.identified_fraction,market_history.EGG.last.sales_identified,1.0
market_history.CARROT.w24.identified_fraction,market_history.EGG.w4.observed,1.0
market_history.CARROT.w24.identified_fraction,market_history.EGG.w4.identified_fraction,1.0
market_history.CARROT.w24.identified_fraction,market_history.EGG.w12.identified_fraction,1.0
market_history.CARROT.w24.identified_fraction,market_history.EGG.w24.identified_fraction,1.0
market_history.CARROT.w24.identified_fraction,market_history.MILK.last.available,1.0
market_history.CARROT.w24.identified_fraction,market_history.MILK.last.sales_identified,1.0
market_history.CARROT.w24.identified_fraction,market_history.MILK.w4.observed,1.0
market_history.CARROT.w24.identified_fraction,market_history.MILK.w4.identified_fraction,1.0
market_history.CARROT.w24.identified_fraction,market_history.MILK.w12.identified_fraction,1.0
market_history.CARROT.w24.identified_fraction,market_history.MILK.w24.identified_fraction,1.0
market_history.CARROT.w24.identified_fraction,market_history.WOOL.last.available,1.0
market_history.CARROT.w24.identified_fraction,market_history.WOOL.last.sales_identified,1.0
market_history.CARROT.w24.identified_fraction,market_history.WOOL.w4.observed,1.0
market_history.CARROT.w24.identified_fraction,market_history.WOOL.w4.identified_fraction,1.0
market_history.CARROT.w24.identified_fraction,market_history.WOOL.w12.identified_fraction,1.0
market_history.CARROT.w24.identified_fraction,market_history.WOOL.w24.identified_fraction,1.0
market_history.CARROT.w24.identified_fraction,market_history.FERTILIZER.last.available,1.0
market_history.CARROT.w24.identified_fraction,market_history.FERTILIZER.w4.observed,1.0
market_history.CARROT.w24.identified_fraction,cash_history.available,1.0
market_history.CARROT.w24.identified_fraction,cash_history.FERTILIZER.net_cash_identified,1.0
market_history.CARROT.sale_seen,market_history.CARROT.sale_age,0.9980882806412579
market_history.TOMATO.last.available,market_history.TOMATO.last.sales_identified,1.0
market_history.TOMATO.last.available,market_history.TOMATO.w4.observed,1.0
market_history.TOMATO.last.available,market_history.TOMATO.w4.identified_fraction,1.0
market_history.TOMATO.last.available,market_history.TOMATO.w12.identified_fraction,1.0
market_history.TOMATO.last.available,market_history.TOMATO.w24.identified_fraction,1.0
market_history.TOMATO.last.available,market_history.STRAWBERRY.last.available,1.0
market_history.TOMATO.last.available,market_history.STRAWBERRY.last.sales_identified,1.0
market_history.TOMATO.last.available,market_history.STRAWBERRY.w4.observed,1.0
market_history.TOMATO.last.available,market_history.STRAWBERRY.w4.identified_fraction,1.0
market_history.TOMATO.last.available,market_history.STRAWBERRY.w12.identified_fraction,1.0
market_history.TOMATO.last.available,market_history.STRAWBERRY.w24.identified_fraction,1.0
market_history.TOMATO.last.available,market_history.MELON.last.available,1.0
market_history.TOMATO.last.available,market_history.MELON.w4.observed,1.0
market_history.TOMATO.last.available,market_history.EGG.last.available,1.0
market_history.TOMATO.last.available,market_history.EGG.last.sales_identified,1.0
market_history.TOMATO.last.available,market_history.EGG.w4.observed,1.0
market_history.TOMATO.last.available,market_history.EGG.w4.identified_fraction,1.0
market_history.TOMATO.last.available,market_history.EGG.w12.identified_fraction,1.0
market_history.TOMATO.last.available,market_history.EGG.w24.identified_fraction,1.0
market_history.TOMATO.last.available,market_history.MILK.last.available,1.0
market_history.TOMATO.last.available,market_history.MILK.last.sales_identified,1.0
market_history.TOMATO.last.available,market_history.MILK.w4.observed,1.0
market_history.TOMATO.last.available,market_history.MILK.w4.identified_fraction,1.0
market_history.TOMATO.last.available,market_history.MILK.w12.identified_fraction,1.0
market_history.TOMATO.last.available,market_history.MILK.w24.identified_fraction,1.0
market_history.TOMATO.last.available,market_history.WOOL.last.available,1.0
market_history.TOMATO.last.available,market_history.WOOL.last.sales_identified,1.0
market_history.TOMATO.last.available,market_history.WOOL.w4.observed,1.0
market_history.TOMATO.last.available,market_history.WOOL.w4.identified_fraction,1.0
market_history.TOMATO.last.available,market_history.WOOL.w12.identified_fraction,1.0
market_history.TOMATO.last.available,market_history.WOOL.w24.identified_fraction,1.0
market_history.TOMATO.last.available,market_history.FERTILIZER.last.available,1.0
market_history.TOMATO.last.available,market_history.FERTILIZER.w4.observed,1.0
market_history.TOMATO.last.available,cash_history.available,1.0
market_history.TOMATO.last.available,cash_history.FERTILIZER.net_cash_identified,1.0
market_history.TOMATO.last.sales_identified,market_history.TOMATO.w4.observed,1.0
market_history.TOMATO.last.sales_identified,market_history.TOMATO.w4.identified_fraction,1.0
market_history.TOMATO.last.sales_identified,market_history.TOMATO.w12.identified_fraction,1.0
market_history.TOMATO.last.sales_identified,market_history.TOMATO.w24.identified_fraction,1.0
market_history.TOMATO.last.sales_identified,market_history.STRAWBERRY.last.available,1.0
market_history.TOMATO.last.sales_identified,market_history.STRAWBERRY.last.sales_identified,1.0
market_history.TOMATO.last.sales_identified,market_history.STRAWBERRY.w4.observed,1.0
market_history.TOMATO.last.sales_identified,market_history.STRAWBERRY.w4.identified_fraction,1.0
market_history.TOMATO.last.sales_identified,market_history.STRAWBERRY.w12.identified_fraction,1.0
market_history.TOMATO.last.sales_identified,market_history.STRAWBERRY.w24.identified_fraction,1.0
market_history.TOMATO.last.sales_identified,market_history.MELON.last.available,1.0
market_history.TOMATO.last.sales_identified,market_history.MELON.w4.observed,1.0
market_history.TOMATO.last.sales_identified,market_history.EGG.last.available,1.0
market_history.TOMATO.last.sales_identified,market_history.EGG.last.sales_identified,1.0
market_history.TOMATO.last.sales_identified,market_history.EGG.w4.observed,1.0
market_history.TOMATO.last.sales_identified,market_history.EGG.w4.identified_fraction,1.0
market_history.TOMATO.last.sales_identified,market_history.EGG.w12.identified_fraction,1.0
market_history.TOMATO.last.sales_identified,market_history.EGG.w24.identified_fraction,1.0
market_history.TOMATO.last.sales_identified,market_history.MILK.last.available,1.0
market_history.TOMATO.last.sales_identified,market_history.MILK.last.sales_identified,1.0
market_history.TOMATO.last.sales_identified,market_history.MILK.w4.observed,1.0
market_history.TOMATO.last.sales_identified,market_history.MILK.w4.identified_fraction,1.0
market_history.TOMATO.last.sales_identified,market_history.MILK.w12.identified_fraction,1.0
market_history.TOMATO.last.sales_identified,market_history.MILK.w24.identified_fraction,1.0
market_history.TOMATO.last.sales_identified,market_history.WOOL.last.available,1.0
market_history.TOMATO.last.sales_identified,market_history.WOOL.last.sales_identified,1.0
market_history.TOMATO.last.sales_identified,market_history.WOOL.w4.observed,1.0
market_history.TOMATO.last.sales_identified,market_history.WOOL.w4.identified_fraction,1.0
market_history.TOMATO.last.sales_identified,market_history.WOOL.w12.identified_fraction,1.0
market_history.TOMATO.last.sales_identified,market_history.WOOL.w24.identified_fraction,1.0
market_history.TOMATO.last.sales_identified,market_history.FERTILIZER.last.available,1.0
market_history.TOMATO.last.sales_identified,market_history.FERTILIZER.w4.observed,1.0
market_history.TOMATO.last.sales_identified,cash_history.available,1.0
market_history.TOMATO.last.sales_identified,cash_history.FERTILIZER.net_cash_identified,1.0
market_history.TOMATO.w4.observed,market_history.TOMATO.w4.identified_fraction,1.0
market_history.TOMATO.w4.observed,market_history.TOMATO.w12.identified_fraction,1.0
market_history.TOMATO.w4.observed,market_history.TOMATO.w24.identified_fraction,1.0
market_history.TOMATO.w4.observed,market_history.STRAWBERRY.last.available,1.0
market_history.TOMATO.w4.observed,market_history.STRAWBERRY.last.sales_identified,1.0
market_history.TOMATO.w4.observed,market_history.STRAWBERRY.w4.observed,1.0
market_history.TOMATO.w4.observed,market_history.STRAWBERRY.w4.identified_fraction,1.0
market_history.TOMATO.w4.observed,market_history.STRAWBERRY.w12.identified_fraction,1.0
market_history.TOMATO.w4.observed,market_history.STRAWBERRY.w24.identified_fraction,1.0
market_history.TOMATO.w4.observed,market_history.MELON.last.available,1.0
market_history.TOMATO.w4.observed,market_history.MELON.w4.observed,1.0
market_history.TOMATO.w4.observed,market_history.EGG.last.available,1.0
market_history.TOMATO.w4.observed,market_history.EGG.last.sales_identified,1.0
market_history.TOMATO.w4.observed,market_history.EGG.w4.observed,1.0
market_history.TOMATO.w4.observed,market_history.EGG.w4.identified_fraction,1.0
market_history.TOMATO.w4.observed,market_history.EGG.w12.identified_fraction,1.0
market_history.TOMATO.w4.observed,market_history.EGG.w24.identified_fraction,1.0
market_history.TOMATO.w4.observed,market_history.MILK.last.available,1.0
market_history.TOMATO.w4.observed,market_history.MILK.last.sales_identified,1.0
market_history.TOMATO.w4.observed,market_history.MILK.w4.observed,1.0
market_history.TOMATO.w4.observed,market_history.MILK.w4.identified_fraction,1.0
market_history.TOMATO.w4.observed,market_history.MILK.w12.identified_fraction,1.0
market_history.TOMATO.w4.observed,market_history.MILK.w24.identified_fraction,1.0
market_history.TOMATO.w4.observed,market_history.WOOL.last.available,1.0
market_history.TOMATO.w4.observed,market_history.WOOL.last.sales_identified,1.0
market_history.TOMATO.w4.observed,market_history.WOOL.w4.observed,1.0
market_history.TOMATO.w4.observed,market_history.WOOL.w4.identified_fraction,1.0
market_history.TOMATO.w4.observed,market_history.WOOL.w12.identified_fraction,1.0
market_history.TOMATO.w4.observed,market_history.WOOL.w24.identified_fraction,1.0
market_history.TOMATO.w4.observed,market_history.FERTILIZER.last.available,1.0
market_history.TOMATO.w4.observed,market_history.FERTILIZER.w4.observed,1.0
market_history.TOMATO.w4.observed,cash_history.available,1.0
market_history.TOMATO.w4.observed,cash_history.FERTILIZER.net_cash_identified,1.0
market_history.TOMATO.w4.identified_fraction,market_history.TOMATO.w12.identified_fraction,1.0
market_history.TOMATO.w4.identified_fraction,market_history.TOMATO.w24.identified_fraction,1.0
market_history.TOMATO.w4.identified_fraction,market_history.STRAWBERRY.last.available,1.0
market_history.TOMATO.w4.identified_fraction,market_history.STRAWBERRY.last.sales_identified,1.0
market_history.TOMATO.w4.identified_fraction,market_history.STRAWBERRY.w4.observed,1.0
market_history.TOMATO.w4.identified_fraction,market_history.STRAWBERRY.w4.identified_fraction,1.0
market_history.TOMATO.w4.identified_fraction,market_history.STRAWBERRY.w12.identified_fraction,1.0
market_history.TOMATO.w4.identified_fraction,market_history.STRAWBERRY.w24.identified_fraction,1.0
market_history.TOMATO.w4.identified_fraction,market_history.MELON.last.available,1.0
market_history.TOMATO.w4.identified_fraction,market_history.MELON.w4.observed,1.0
market_history.TOMATO.w4.identified_fraction,market_history.EGG.last.available,1.0
market_history.TOMATO.w4.identified_fraction,market_history.EGG.last.sales_identified,1.0
market_history.TOMATO.w4.identified_fraction,market_history.EGG.w4.observed,1.0
market_history.TOMATO.w4.identified_fraction,market_history.EGG.w4.identified_fraction,1.0
market_history.TOMATO.w4.identified_fraction,market_history.EGG.w12.identified_fraction,1.0
market_history.TOMATO.w4.identified_fraction,market_history.EGG.w24.identified_fraction,1.0
market_history.TOMATO.w4.identified_fraction,market_history.MILK.last.available,1.0
market_history.TOMATO.w4.identified_fraction,market_history.MILK.last.sales_identified,1.0
market_history.TOMATO.w4.identified_fraction,market_history.MILK.w4.observed,1.0
market_history.TOMATO.w4.identified_fraction,market_history.MILK.w4.identified_fraction,1.0
market_history.TOMATO.w4.identified_fraction,market_history.MILK.w12.identified_fraction,1.0
market_history.TOMATO.w4.identified_fraction,market_history.MILK.w24.identified_fraction,1.0
market_history.TOMATO.w4.identified_fraction,market_history.WOOL.last.available,1.0
market_history.TOMATO.w4.identified_fraction,market_history.WOOL.last.sales_identified,1.0
market_history.TOMATO.w4.identified_fraction,market_history.WOOL.w4.observed,1.0
market_history.TOMATO.w4.identified_fraction,market_history.WOOL.w4.identified_fraction,1.0
market_history.TOMATO.w4.identified_fraction,market_history.WOOL.w12.identified_fraction,1.0
market_history.TOMATO.w4.identified_fraction,market_history.WOOL.w24.identified_fraction,1.0
market_history.TOMATO.w4.identified_fraction,market_history.FERTILIZER.last.available,1.0
market_history.TOMATO.w4.identified_fraction,market_history.FERTILIZER.w4.observed,1.0
market_history.TOMATO.w4.identified_fraction,cash_history.available,1.0
market_history.TOMATO.w4.identified_fraction,cash_history.FERTILIZER.net_cash_identified,1.0
market_history.TOMATO.w12.observed,market_history.STRAWBERRY.w12.observed,1.0
market_history.TOMATO.w12.observed,market_history.MELON.w12.observed,1.0
market_history.TOMATO.w12.observed,market_history.EGG.w12.observed,1.0
market_history.TOMATO.w12.observed,market_history.MILK.w12.observed,1.0
market_history.TOMATO.w12.observed,market_history.WOOL.w12.observed,1.0
market_history.TOMATO.w12.observed,market_history.FERTILIZER.w12.observed,1.0
market_history.TOMATO.w12.identified_fraction,market_history.TOMATO.w24.identified_fraction,1.0
market_history.TOMATO.w12.identified_fraction,market_history.STRAWBERRY.last.available,1.0
market_history.TOMATO.w12.identified_fraction,market_history.STRAWBERRY.last.sales_identified,1.0
market_history.TOMATO.w12.identified_fraction,market_history.STRAWBERRY.w4.observed,1.0
market_history.TOMATO.w12.identified_fraction,market_history.STRAWBERRY.w4.identified_fraction,1.0
market_history.TOMATO.w12.identified_fraction,market_history.STRAWBERRY.w12.identified_fraction,1.0
market_history.TOMATO.w12.identified_fraction,market_history.STRAWBERRY.w24.identified_fraction,1.0
market_history.TOMATO.w12.identified_fraction,market_history.MELON.last.available,1.0
market_history.TOMATO.w12.identified_fraction,market_history.MELON.w4.observed,1.0
market_history.TOMATO.w12.identified_fraction,market_history.EGG.last.available,1.0
market_history.TOMATO.w12.identified_fraction,market_history.EGG.last.sales_identified,1.0
market_history.TOMATO.w12.identified_fraction,market_history.EGG.w4.observed,1.0
market_history.TOMATO.w12.identified_fraction,market_history.EGG.w4.identified_fraction,1.0
market_history.TOMATO.w12.identified_fraction,market_history.EGG.w12.identified_fraction,1.0
market_history.TOMATO.w12.identified_fraction,market_history.EGG.w24.identified_fraction,1.0
market_history.TOMATO.w12.identified_fraction,market_history.MILK.last.available,1.0
market_history.TOMATO.w12.identified_fraction,market_history.MILK.last.sales_identified,1.0
market_history.TOMATO.w12.identified_fraction,market_history.MILK.w4.observed,1.0
market_history.TOMATO.w12.identified_fraction,market_history.MILK.w4.identified_fraction,1.0
market_history.TOMATO.w12.identified_fraction,market_history.MILK.w12.identified_fraction,1.0
market_history.TOMATO.w12.identified_fraction,market_history.MILK.w24.identified_fraction,1.0
market_history.TOMATO.w12.identified_fraction,market_history.WOOL.last.available,1.0
market_history.TOMATO.w12.identified_fraction,market_history.WOOL.last.sales_identified,1.0
market_history.TOMATO.w12.identified_fraction,market_history.WOOL.w4.observed,1.0
market_history.TOMATO.w12.identified_fraction,market_history.WOOL.w4.identified_fraction,1.0
market_history.TOMATO.w12.identified_fraction,market_history.WOOL.w12.identified_fraction,1.0
market_history.TOMATO.w12.identified_fraction,market_history.WOOL.w24.identified_fraction,1.0
market_history.TOMATO.w12.identified_fraction,market_history.FERTILIZER.last.available,1.0
market_history.TOMATO.w12.identified_fraction,market_history.FERTILIZER.w4.observed,1.0
market_history.TOMATO.w12.identified_fraction,cash_history.available,1.0
market_history.TOMATO.w12.identified_fraction,cash_history.FERTILIZER.net_cash_identified,1.0
market_history.TOMATO.w24.observed,market_history.STRAWBERRY.w24.observed,1.0
market_history.TOMATO.w24.observed,market_history.MELON.w24.observed,1.0
market_history.TOMATO.w24.observed,market_history.EGG.w24.observed,1.0
market_history.TOMATO.w24.observed,market_history.MILK.w24.observed,1.0
market_history.TOMATO.w24.observed,market_history.WOOL.w24.observed,1.0
market_history.TOMATO.w24.observed,market_history.FERTILIZER.w24.observed,1.0
market_history.TOMATO.w24.identified_fraction,market_history.STRAWBERRY.last.available,1.0
market_history.TOMATO.w24.identified_fraction,market_history.STRAWBERRY.last.sales_identified,1.0
market_history.TOMATO.w24.identified_fraction,market_history.STRAWBERRY.w4.observed,1.0
market_history.TOMATO.w24.identified_fraction,market_history.STRAWBERRY.w4.identified_fraction,1.0
market_history.TOMATO.w24.identified_fraction,market_history.STRAWBERRY.w12.identified_fraction,1.0
market_history.TOMATO.w24.identified_fraction,market_history.STRAWBERRY.w24.identified_fraction,1.0
market_history.TOMATO.w24.identified_fraction,market_history.MELON.last.available,1.0
market_history.TOMATO.w24.identified_fraction,market_history.MELON.w4.observed,1.0
market_history.TOMATO.w24.identified_fraction,market_history.EGG.last.available,1.0
market_history.TOMATO.w24.identified_fraction,market_history.EGG.last.sales_identified,1.0
market_history.TOMATO.w24.identified_fraction,market_history.EGG.w4.observed,1.0
market_history.TOMATO.w24.identified_fraction,market_history.EGG.w4.identified_fraction,1.0
market_history.TOMATO.w24.identified_fraction,market_history.EGG.w12.identified_fraction,1.0
market_history.TOMATO.w24.identified_fraction,market_history.EGG.w24.identified_fraction,1.0
market_history.TOMATO.w24.identified_fraction,market_history.MILK.last.available,1.0
market_history.TOMATO.w24.identified_fraction,market_history.MILK.last.sales_identified,1.0
market_history.TOMATO.w24.identified_fraction,market_history.MILK.w4.observed,1.0
market_history.TOMATO.w24.identified_fraction,market_history.MILK.w4.identified_fraction,1.0
market_history.TOMATO.w24.identified_fraction,market_history.MILK.w12.identified_fraction,1.0
market_history.TOMATO.w24.identified_fraction,market_history.MILK.w24.identified_fraction,1.0
market_history.TOMATO.w24.identified_fraction,market_history.WOOL.last.available,1.0
market_history.TOMATO.w24.identified_fraction,market_history.WOOL.last.sales_identified,1.0
market_history.TOMATO.w24.identified_fraction,market_history.WOOL.w4.observed,1.0
market_history.TOMATO.w24.identified_fraction,market_history.WOOL.w4.identified_fraction,1.0
market_history.TOMATO.w24.identified_fraction,market_history.WOOL.w12.identified_fraction,1.0
market_history.TOMATO.w24.identified_fraction,market_history.WOOL.w24.identified_fraction,1.0
market_history.TOMATO.w24.identified_fraction,market_history.FERTILIZER.last.available,1.0
market_history.TOMATO.w24.identified_fraction,market_history.FERTILIZER.w4.observed,1.0
market_history.TOMATO.w24.identified_fraction,cash_history.available,1.0
market_history.TOMATO.w24.identified_fraction,cash_history.FERTILIZER.net_cash_identified,1.0
market_history.STRAWBERRY.last.available,market_history.STRAWBERRY.last.sales_identified,1.0
market_history.STRAWBERRY.last.available,market_history.STRAWBERRY.w4.observed,1.0
market_history.STRAWBERRY.last.available,market_history.STRAWBERRY.w4.identified_fraction,1.0
market_history.STRAWBERRY.last.available,market_history.STRAWBERRY.w12.identified_fraction,1.0
market_history.STRAWBERRY.last.available,market_history.STRAWBERRY.w24.identified_fraction,1.0
market_history.STRAWBERRY.last.available,market_history.MELON.last.available,1.0
market_history.STRAWBERRY.last.available,market_history.MELON.w4.observed,1.0
market_history.STRAWBERRY.last.available,market_history.EGG.last.available,1.0
market_history.STRAWBERRY.last.available,market_history.EGG.last.sales_identified,1.0
market_history.STRAWBERRY.last.available,market_history.EGG.w4.observed,1.0
market_history.STRAWBERRY.last.available,market_history.EGG.w4.identified_fraction,1.0
market_history.STRAWBERRY.last.available,market_history.EGG.w12.identified_fraction,1.0
market_history.STRAWBERRY.last.available,market_history.EGG.w24.identified_fraction,1.0
market_history.STRAWBERRY.last.available,market_history.MILK.last.available,1.0
market_history.STRAWBERRY.last.available,market_history.MILK.last.sales_identified,1.0
market_history.STRAWBERRY.last.available,market_history.MILK.w4.observed,1.0
market_history.STRAWBERRY.last.available,market_history.MILK.w4.identified_fraction,1.0
market_history.STRAWBERRY.last.available,market_history.MILK.w12.identified_fraction,1.0
market_history.STRAWBERRY.last.available,market_history.MILK.w24.identified_fraction,1.0
market_history.STRAWBERRY.last.available,market_history.WOOL.last.available,1.0
market_history.STRAWBERRY.last.available,market_history.WOOL.last.sales_identified,1.0
market_history.STRAWBERRY.last.available,market_history.WOOL.w4.observed,1.0
market_history.STRAWBERRY.last.available,market_history.WOOL.w4.identified_fraction,1.0
market_history.STRAWBERRY.last.available,market_history.WOOL.w12.identified_fraction,1.0
market_history.STRAWBERRY.last.available,market_history.WOOL.w24.identified_fraction,1.0
market_history.STRAWBERRY.last.available,market_history.FERTILIZER.last.available,1.0
market_history.STRAWBERRY.last.available,market_history.FERTILIZER.w4.observed,1.0
market_history.STRAWBERRY.last.available,cash_history.available,1.0
market_history.STRAWBERRY.last.available,cash_history.FERTILIZER.net_cash_identified,1.0
market_history.STRAWBERRY.last.sales_lower,market_history.STRAWBERRY.last.sales_upper,1.0
market_history.STRAWBERRY.last.sales_lower,cash_history.STRAWBERRY.sales_lower,1.0
market_history.STRAWBERRY.last.sales_lower,cash_history.STRAWBERRY.sales_upper,1.0
market_history.STRAWBERRY.last.sales_lower,cash_history.STRAWBERRY.revenue_upper,0.9999972925976821
market_history.STRAWBERRY.last.sales_upper,cash_history.STRAWBERRY.sales_lower,1.0
market_history.STRAWBERRY.last.sales_upper,cash_history.STRAWBERRY.sales_upper,1.0
market_history.STRAWBERRY.last.sales_upper,cash_history.STRAWBERRY.revenue_upper,0.9999972925976821
market_history.STRAWBERRY.last.sales_identified,market_history.STRAWBERRY.w4.observed,1.0
market_history.STRAWBERRY.last.sales_identified,market_history.STRAWBERRY.w4.identified_fraction,1.0
market_history.STRAWBERRY.last.sales_identified,market_history.STRAWBERRY.w12.identified_fraction,1.0
market_history.STRAWBERRY.last.sales_identified,market_history.STRAWBERRY.w24.identified_fraction,1.0
market_history.STRAWBERRY.last.sales_identified,market_history.MELON.last.available,1.0
market_history.STRAWBERRY.last.sales_identified,market_history.MELON.w4.observed,1.0
market_history.STRAWBERRY.last.sales_identified,market_history.EGG.last.available,1.0
market_history.STRAWBERRY.last.sales_identified,market_history.EGG.last.sales_identified,1.0
market_history.STRAWBERRY.last.sales_identified,market_history.EGG.w4.observed,1.0
market_history.STRAWBERRY.last.sales_identified,market_history.EGG.w4.identified_fraction,1.0
market_history.STRAWBERRY.last.sales_identified,market_history.EGG.w12.identified_fraction,1.0
market_history.STRAWBERRY.last.sales_identified,market_history.EGG.w24.identified_fraction,1.0
market_history.STRAWBERRY.last.sales_identified,market_history.MILK.last.available,1.0
market_history.STRAWBERRY.last.sales_identified,market_history.MILK.last.sales_identified,1.0
market_history.STRAWBERRY.last.sales_identified,market_history.MILK.w4.observed,1.0
market_history.STRAWBERRY.last.sales_identified,market_history.MILK.w4.identified_fraction,1.0
market_history.STRAWBERRY.last.sales_identified,market_history.MILK.w12.identified_fraction,1.0
market_history.STRAWBERRY.last.sales_identified,market_history.MILK.w24.identified_fraction,1.0
market_history.STRAWBERRY.last.sales_identified,market_history.WOOL.last.available,1.0
market_history.STRAWBERRY.last.sales_identified,market_history.WOOL.last.sales_identified,1.0
market_history.STRAWBERRY.last.sales_identified,market_history.WOOL.w4.observed,1.0
market_history.STRAWBERRY.last.sales_identified,market_history.WOOL.w4.identified_fraction,1.0
market_history.STRAWBERRY.last.sales_identified,market_history.WOOL.w12.identified_fraction,1.0
market_history.STRAWBERRY.last.sales_identified,market_history.WOOL.w24.identified_fraction,1.0
market_history.STRAWBERRY.last.sales_identified,market_history.FERTILIZER.last.available,1.0
market_history.STRAWBERRY.last.sales_identified,market_history.FERTILIZER.w4.observed,1.0
market_history.STRAWBERRY.last.sales_identified,cash_history.available,1.0
market_history.STRAWBERRY.last.sales_identified,cash_history.FERTILIZER.net_cash_identified,1.0
market_history.STRAWBERRY.last.stock_upper,market_history.STRAWBERRY.w24.harvest_upper_sum,0.9986074593447531
market_history.STRAWBERRY.last.stock_upper,cash_history.STRAWBERRY.stock_upper,1.0
market_history.STRAWBERRY.w4.observed,market_history.STRAWBERRY.w4.identified_fraction,1.0
market_history.STRAWBERRY.w4.observed,market_history.STRAWBERRY.w12.identified_fraction,1.0
market_history.STRAWBERRY.w4.observed,market_history.STRAWBERRY.w24.identified_fraction,1.0
market_history.STRAWBERRY.w4.observed,market_history.MELON.last.available,1.0
market_history.STRAWBERRY.w4.observed,market_history.MELON.w4.observed,1.0
market_history.STRAWBERRY.w4.observed,market_history.EGG.last.available,1.0
market_history.STRAWBERRY.w4.observed,market_history.EGG.last.sales_identified,1.0
market_history.STRAWBERRY.w4.observed,market_history.EGG.w4.observed,1.0
market_history.STRAWBERRY.w4.observed,market_history.EGG.w4.identified_fraction,1.0
market_history.STRAWBERRY.w4.observed,market_history.EGG.w12.identified_fraction,1.0
market_history.STRAWBERRY.w4.observed,market_history.EGG.w24.identified_fraction,1.0
market_history.STRAWBERRY.w4.observed,market_history.MILK.last.available,1.0
market_history.STRAWBERRY.w4.observed,market_history.MILK.last.sales_identified,1.0
market_history.STRAWBERRY.w4.observed,market_history.MILK.w4.observed,1.0
market_history.STRAWBERRY.w4.observed,market_history.MILK.w4.identified_fraction,1.0
market_history.STRAWBERRY.w4.observed,market_history.MILK.w12.identified_fraction,1.0
market_history.STRAWBERRY.w4.observed,market_history.MILK.w24.identified_fraction,1.0
market_history.STRAWBERRY.w4.observed,market_history.WOOL.last.available,1.0
market_history.STRAWBERRY.w4.observed,market_history.WOOL.last.sales_identified,1.0
market_history.STRAWBERRY.w4.observed,market_history.WOOL.w4.observed,1.0
market_history.STRAWBERRY.w4.observed,market_history.WOOL.w4.identified_fraction,1.0
market_history.STRAWBERRY.w4.observed,market_history.WOOL.w12.identified_fraction,1.0
market_history.STRAWBERRY.w4.observed,market_history.WOOL.w24.identified_fraction,1.0
market_history.STRAWBERRY.w4.observed,market_history.FERTILIZER.last.available,1.0
market_history.STRAWBERRY.w4.observed,market_history.FERTILIZER.w4.observed,1.0
market_history.STRAWBERRY.w4.observed,cash_history.available,1.0
market_history.STRAWBERRY.w4.observed,cash_history.FERTILIZER.net_cash_identified,1.0
market_history.STRAWBERRY.w4.trade_sum,market_history.STRAWBERRY.w4.trade_std,0.9999685693124626
market_history.STRAWBERRY.w4.sales_lower_sum,market_history.STRAWBERRY.w4.sales_upper_sum,1.0
market_history.STRAWBERRY.w4.identified_fraction,market_history.STRAWBERRY.w12.identified_fraction,1.0
market_history.STRAWBERRY.w4.identified_fraction,market_history.STRAWBERRY.w24.identified_fraction,1.0
market_history.STRAWBERRY.w4.identified_fraction,market_history.MELON.last.available,1.0
market_history.STRAWBERRY.w4.identified_fraction,market_history.MELON.w4.observed,1.0
market_history.STRAWBERRY.w4.identified_fraction,market_history.EGG.last.available,1.0
market_history.STRAWBERRY.w4.identified_fraction,market_history.EGG.last.sales_identified,1.0
market_history.STRAWBERRY.w4.identified_fraction,market_history.EGG.w4.observed,1.0
market_history.STRAWBERRY.w4.identified_fraction,market_history.EGG.w4.identified_fraction,1.0
market_history.STRAWBERRY.w4.identified_fraction,market_history.EGG.w12.identified_fraction,1.0
market_history.STRAWBERRY.w4.identified_fraction,market_history.EGG.w24.identified_fraction,1.0
market_history.STRAWBERRY.w4.identified_fraction,market_history.MILK.last.available,1.0
market_history.STRAWBERRY.w4.identified_fraction,market_history.MILK.last.sales_identified,1.0
market_history.STRAWBERRY.w4.identified_fraction,market_history.MILK.w4.observed,1.0
market_history.STRAWBERRY.w4.identified_fraction,market_history.MILK.w4.identified_fraction,1.0
market_history.STRAWBERRY.w4.identified_fraction,market_history.MILK.w12.identified_fraction,1.0
market_history.STRAWBERRY.w4.identified_fraction,market_history.MILK.w24.identified_fraction,1.0
market_history.STRAWBERRY.w4.identified_fraction,market_history.WOOL.last.available,1.0
market_history.STRAWBERRY.w4.identified_fraction,market_history.WOOL.last.sales_identified,1.0
market_history.STRAWBERRY.w4.identified_fraction,market_history.WOOL.w4.observed,1.0
market_history.STRAWBERRY.w4.identified_fraction,market_history.WOOL.w4.identified_fraction,1.0
market_history.STRAWBERRY.w4.identified_fraction,market_history.WOOL.w12.identified_fraction,1.0
market_history.STRAWBERRY.w4.identified_fraction,market_history.WOOL.w24.identified_fraction,1.0
market_history.STRAWBERRY.w4.identified_fraction,market_history.FERTILIZER.last.available,1.0
market_history.STRAWBERRY.w4.identified_fraction,market_history.FERTILIZER.w4.observed,1.0
market_history.STRAWBERRY.w4.identified_fraction,cash_history.available,1.0
market_history.STRAWBERRY.w4.identified_fraction,cash_history.FERTILIZER.net_cash_identified,1.0
market_history.STRAWBERRY.w12.observed,market_history.MELON.w12.observed,1.0
market_history.STRAWBERRY.w12.observed,market_history.EGG.w12.observed,1.0
market_history.STRAWBERRY.w12.observed,market_history.MILK.w12.observed,1.0
market_history.STRAWBERRY.w12.observed,market_history.WOOL.w12.observed,1.0
market_history.STRAWBERRY.w12.observed,market_history.FERTILIZER.w12.observed,1.0
market_history.STRAWBERRY.w12.trade_sum,market_history.STRAWBERRY.w12.trade_std,0.9999134085092084
market_history.STRAWBERRY.w12.sales_lower_sum,market_history.STRAWBERRY.w12.sales_upper_sum,1.0
market_history.STRAWBERRY.w12.identified_fraction,market_history.STRAWBERRY.w24.identified_fraction,1.0
market_history.STRAWBERRY.w12.identified_fraction,market_history.MELON.last.available,1.0
market_history.STRAWBERRY.w12.identified_fraction,market_history.MELON.w4.observed,1.0
market_history.STRAWBERRY.w12.identified_fraction,market_history.EGG.last.available,1.0
market_history.STRAWBERRY.w12.identified_fraction,market_history.EGG.last.sales_identified,1.0
market_history.STRAWBERRY.w12.identified_fraction,market_history.EGG.w4.observed,1.0
market_history.STRAWBERRY.w12.identified_fraction,market_history.EGG.w4.identified_fraction,1.0
market_history.STRAWBERRY.w12.identified_fraction,market_history.EGG.w12.identified_fraction,1.0
market_history.STRAWBERRY.w12.identified_fraction,market_history.EGG.w24.identified_fraction,1.0
market_history.STRAWBERRY.w12.identified_fraction,market_history.MILK.last.available,1.0
market_history.STRAWBERRY.w12.identified_fraction,market_history.MILK.last.sales_identified,1.0
market_history.STRAWBERRY.w12.identified_fraction,market_history.MILK.w4.observed,1.0
market_history.STRAWBERRY.w12.identified_fraction,market_history.MILK.w4.identified_fraction,1.0
market_history.STRAWBERRY.w12.identified_fraction,market_history.MILK.w12.identified_fraction,1.0
market_history.STRAWBERRY.w12.identified_fraction,market_history.MILK.w24.identified_fraction,1.0
market_history.STRAWBERRY.w12.identified_fraction,market_history.WOOL.last.available,1.0
market_history.STRAWBERRY.w12.identified_fraction,market_history.WOOL.last.sales_identified,1.0
market_history.STRAWBERRY.w12.identified_fraction,market_history.WOOL.w4.observed,1.0
market_history.STRAWBERRY.w12.identified_fraction,market_history.WOOL.w4.identified_fraction,1.0
market_history.STRAWBERRY.w12.identified_fraction,market_history.WOOL.w12.identified_fraction,1.0
market_history.STRAWBERRY.w12.identified_fraction,market_history.WOOL.w24.identified_fraction,1.0
market_history.STRAWBERRY.w12.identified_fraction,market_history.FERTILIZER.last.available,1.0
market_history.STRAWBERRY.w12.identified_fraction,market_history.FERTILIZER.w4.observed,1.0
market_history.STRAWBERRY.w12.identified_fraction,cash_history.available,1.0
market_history.STRAWBERRY.w12.identified_fraction,cash_history.FERTILIZER.net_cash_identified,1.0
market_history.STRAWBERRY.w24.observed,market_history.MELON.w24.observed,1.0
market_history.STRAWBERRY.w24.observed,market_history.EGG.w24.observed,1.0
market_history.STRAWBERRY.w24.observed,market_history.MILK.w24.observed,1.0
market_history.STRAWBERRY.w24.observed,market_history.WOOL.w24.observed,1.0
market_history.STRAWBERRY.w24.observed,market_history.FERTILIZER.w24.observed,1.0
market_history.STRAWBERRY.w24.trade_sum,market_history.STRAWBERRY.w24.trade_std,0.9995055107265979
market_history.STRAWBERRY.w24.trade_sum,market_history.STRAWBERRY.w24.sales_lower_sum,0.9996938813877613
market_history.STRAWBERRY.w24.trade_sum,market_history.STRAWBERRY.w24.sales_upper_sum,0.9996938813877613
market_history.STRAWBERRY.w24.trade_sum,market_history.STRAWBERRY.sale_seen,0.9991713801675121
market_history.STRAWBERRY.w24.trade_sum,market_history.STRAWBERRY.sale_age,0.9983446615576342
market_history.STRAWBERRY.w24.trade_std,market_history.STRAWBERRY.w24.sales_lower_sum,0.9991605859449196
market_history.STRAWBERRY.w24.trade_std,market_history.STRAWBERRY.w24.sales_upper_sum,0.9991605859449196
market_history.STRAWBERRY.w24.trade_std,market_history.STRAWBERRY.sale_seen,0.9991653732525738
market_history.STRAWBERRY.w24.trade_std,market_history.STRAWBERRY.sale_age,0.9987075003244422
market_history.STRAWBERRY.w24.sales_lower_sum,market_history.STRAWBERRY.w24.sales_upper_sum,1.0
market_history.STRAWBERRY.w24.sales_lower_sum,market_history.STRAWBERRY.sale_seen,0.9991803681750092
market_history.STRAWBERRY.w24.sales_lower_sum,market_history.STRAWBERRY.sale_age,0.9981558778400891
market_history.STRAWBERRY.w24.sales_upper_sum,market_history.STRAWBERRY.sale_seen,0.9991803681750092
market_history.STRAWBERRY.w24.sales_upper_sum,market_history.STRAWBERRY.sale_age,0.9981558778400891
market_history.STRAWBERRY.w24.harvest_upper_sum,cash_history.STRAWBERRY.stock_upper,0.9986074593447531
market_history.STRAWBERRY.w24.identified_fraction,market_history.MELON.last.available,1.0
market_history.STRAWBERRY.w24.identified_fraction,market_history.MELON.w4.observed,1.0
market_history.STRAWBERRY.w24.identified_fraction,market_history.EGG.last.available,1.0
market_history.STRAWBERRY.w24.identified_fraction,market_history.EGG.last.sales_identified,1.0
market_history.STRAWBERRY.w24.identified_fraction,market_history.EGG.w4.observed,1.0
market_history.STRAWBERRY.w24.identified_fraction,market_history.EGG.w4.identified_fraction,1.0
market_history.STRAWBERRY.w24.identified_fraction,market_history.EGG.w12.identified_fraction,1.0
market_history.STRAWBERRY.w24.identified_fraction,market_history.EGG.w24.identified_fraction,1.0
market_history.STRAWBERRY.w24.identified_fraction,market_history.MILK.last.available,1.0
market_history.STRAWBERRY.w24.identified_fraction,market_history.MILK.last.sales_identified,1.0
market_history.STRAWBERRY.w24.identified_fraction,market_history.MILK.w4.observed,1.0
market_history.STRAWBERRY.w24.identified_fraction,market_history.MILK.w4.identified_fraction,1.0
market_history.STRAWBERRY.w24.identified_fraction,market_history.MILK.w12.identified_fraction,1.0
market_history.STRAWBERRY.w24.identified_fraction,market_history.MILK.w24.identified_fraction,1.0
market_history.STRAWBERRY.w24.identified_fraction,market_history.WOOL.last.available,1.0
market_history.STRAWBERRY.w24.identified_fraction,market_history.WOOL.last.sales_identified,1.0
market_history.STRAWBERRY.w24.identified_fraction,market_history.WOOL.w4.observed,1.0
market_history.STRAWBERRY.w24.identified_fraction,market_history.WOOL.w4.identified_fraction,1.0
market_history.STRAWBERRY.w24.identified_fraction,market_history.WOOL.w12.identified_fraction,1.0
market_history.STRAWBERRY.w24.identified_fraction,market_history.WOOL.w24.identified_fraction,1.0
market_history.STRAWBERRY.w24.identified_fraction,market_history.FERTILIZER.last.available,1.0
market_history.STRAWBERRY.w24.identified_fraction,market_history.FERTILIZER.w4.observed,1.0
market_history.STRAWBERRY.w24.identified_fraction,cash_history.available,1.0
market_history.STRAWBERRY.w24.identified_fraction,cash_history.FERTILIZER.net_cash_identified,1.0
market_history.STRAWBERRY.sale_seen,market_history.STRAWBERRY.sale_age,0.9991749622037887
market_history.MELON.last.available,market_history.MELON.w4.observed,1.0
market_history.MELON.last.available,market_history.EGG.last.available,1.0
market_history.MELON.last.available,market_history.EGG.last.sales_identified,1.0
market_history.MELON.last.available,market_history.EGG.w4.observed,1.0
market_history.MELON.last.available,market_history.EGG.w4.identified_fraction,1.0
market_history.MELON.last.available,market_history.EGG.w12.identified_fraction,1.0
market_history.MELON.last.available,market_history.EGG.w24.identified_fraction,1.0
market_history.MELON.last.available,market_history.MILK.last.available,1.0
market_history.MELON.last.available,market_history.MILK.last.sales_identified,1.0
market_history.MELON.last.available,market_history.MILK.w4.observed,1.0
market_history.MELON.last.available,market_history.MILK.w4.identified_fraction,1.0
market_history.MELON.last.available,market_history.MILK.w12.identified_fraction,1.0
market_history.MELON.last.available,market_history.MILK.w24.identified_fraction,1.0
market_history.MELON.last.available,market_history.WOOL.last.available,1.0
market_history.MELON.last.available,market_history.WOOL.last.sales_identified,1.0
market_history.MELON.last.available,market_history.WOOL.w4.observed,1.0
market_history.MELON.last.available,market_history.WOOL.w4.identified_fraction,1.0
market_history.MELON.last.available,market_history.WOOL.w12.identified_fraction,1.0
market_history.MELON.last.available,market_history.WOOL.w24.identified_fraction,1.0
market_history.MELON.last.available,market_history.FERTILIZER.last.available,1.0
market_history.MELON.last.available,market_history.FERTILIZER.w4.observed,1.0
market_history.MELON.last.available,cash_history.available,1.0
market_history.MELON.last.available,cash_history.FERTILIZER.net_cash_identified,1.0
market_history.MELON.last.trade_net,market_history.MELON.last.quote_change,-0.9999800392148732
market_history.MELON.last.sales_upper,cash_history.MELON.sales_upper,0.999378108068761
market_history.MELON.last.sales_upper,cash_history.MELON.revenue_upper,0.9979257483698969
market_history.MELON.w4.observed,market_history.EGG.last.available,1.0
market_history.MELON.w4.observed,market_history.EGG.last.sales_identified,1.0
market_history.MELON.w4.observed,market_history.EGG.w4.observed,1.0
market_history.MELON.w4.observed,market_history.EGG.w4.identified_fraction,1.0
market_history.MELON.w4.observed,market_history.EGG.w12.identified_fraction,1.0
market_history.MELON.w4.observed,market_history.EGG.w24.identified_fraction,1.0
market_history.MELON.w4.observed,market_history.MILK.last.available,1.0
market_history.MELON.w4.observed,market_history.MILK.last.sales_identified,1.0
market_history.MELON.w4.observed,market_history.MILK.w4.observed,1.0
market_history.MELON.w4.observed,market_history.MILK.w4.identified_fraction,1.0
market_history.MELON.w4.observed,market_history.MILK.w12.identified_fraction,1.0
market_history.MELON.w4.observed,market_history.MILK.w24.identified_fraction,1.0
market_history.MELON.w4.observed,market_history.WOOL.last.available,1.0
market_history.MELON.w4.observed,market_history.WOOL.last.sales_identified,1.0
market_history.MELON.w4.observed,market_history.WOOL.w4.observed,1.0
market_history.MELON.w4.observed,market_history.WOOL.w4.identified_fraction,1.0
market_history.MELON.w4.observed,market_history.WOOL.w12.identified_fraction,1.0
market_history.MELON.w4.observed,market_history.WOOL.w24.identified_fraction,1.0
market_history.MELON.w4.observed,market_history.FERTILIZER.last.available,1.0
market_history.MELON.w4.observed,market_history.FERTILIZER.w4.observed,1.0
market_history.MELON.w4.observed,cash_history.available,1.0
market_history.MELON.w4.observed,cash_history.FERTILIZER.net_cash_identified,1.0
market_history.MELON.w4.trade_sum,market_history.MELON.w4.trade_std,0.9999638221184898
market_history.MELON.w12.observed,market_history.EGG.w12.observed,1.0
market_history.MELON.w12.observed,market_history.MILK.w12.observed,1.0
market_history.MELON.w12.observed,market_history.WOOL.w12.observed,1.0
market_history.MELON.w12.observed,market_history.FERTILIZER.w12.observed,1.0
market_history.MELON.w12.trade_sum,market_history.MELON.w12.trade_std,0.9999512948340956
market_history.MELON.w24.observed,market_history.EGG.w24.observed,1.0
market_history.MELON.w24.observed,market_history.MILK.w24.observed,1.0
market_history.MELON.w24.observed,market_history.WOOL.w24.observed,1.0
market_history.MELON.w24.observed,market_history.FERTILIZER.w24.observed,1.0
market_history.MELON.w24.trade_sum,market_history.MELON.w24.trade_std,0.9998446419667133
market_history.EGG.last.available,market_history.EGG.last.sales_identified,1.0
market_history.EGG.last.available,market_history.EGG.w4.observed,1.0
market_history.EGG.last.available,market_history.EGG.w4.identified_fraction,1.0
market_history.EGG.last.available,market_history.EGG.w12.identified_fraction,1.0
market_history.EGG.last.available,market_history.EGG.w24.identified_fraction,1.0
market_history.EGG.last.available,market_history.MILK.last.available,1.0
market_history.EGG.last.available,market_history.MILK.last.sales_identified,1.0
market_history.EGG.last.available,market_history.MILK.w4.observed,1.0
market_history.EGG.last.available,market_history.MILK.w4.identified_fraction,1.0
market_history.EGG.last.available,market_history.MILK.w12.identified_fraction,1.0
market_history.EGG.last.available,market_history.MILK.w24.identified_fraction,1.0
market_history.EGG.last.available,market_history.WOOL.last.available,1.0
market_history.EGG.last.available,market_history.WOOL.last.sales_identified,1.0
market_history.EGG.last.available,market_history.WOOL.w4.observed,1.0
market_history.EGG.last.available,market_history.WOOL.w4.identified_fraction,1.0
market_history.EGG.last.available,market_history.WOOL.w12.identified_fraction,1.0
market_history.EGG.last.available,market_history.WOOL.w24.identified_fraction,1.0
market_history.EGG.last.available,market_history.FERTILIZER.last.available,1.0
market_history.EGG.last.available,market_history.FERTILIZER.w4.observed,1.0
market_history.EGG.last.available,cash_history.available,1.0
market_history.EGG.last.available,cash_history.FERTILIZER.net_cash_identified,1.0
market_history.EGG.last.sales_identified,market_history.EGG.w4.observed,1.0
market_history.EGG.last.sales_identified,market_history.EGG.w4.identified_fraction,1.0
market_history.EGG.last.sales_identified,market_history.EGG.w12.identified_fraction,1.0
market_history.EGG.last.sales_identified,market_history.EGG.w24.identified_fraction,1.0
market_history.EGG.last.sales_identified,market_history.MILK.last.available,1.0
market_history.EGG.last.sales_identified,market_history.MILK.last.sales_identified,1.0
market_history.EGG.last.sales_identified,market_history.MILK.w4.observed,1.0
market_history.EGG.last.sales_identified,market_history.MILK.w4.identified_fraction,1.0
market_history.EGG.last.sales_identified,market_history.MILK.w12.identified_fraction,1.0
market_history.EGG.last.sales_identified,market_history.MILK.w24.identified_fraction,1.0
market_history.EGG.last.sales_identified,market_history.WOOL.last.available,1.0
market_history.EGG.last.sales_identified,market_history.WOOL.last.sales_identified,1.0
market_history.EGG.last.sales_identified,market_history.WOOL.w4.observed,1.0
market_history.EGG.last.sales_identified,market_history.WOOL.w4.identified_fraction,1.0
market_history.EGG.last.sales_identified,market_history.WOOL.w12.identified_fraction,1.0
market_history.EGG.last.sales_identified,market_history.WOOL.w24.identified_fraction,1.0
market_history.EGG.last.sales_identified,market_history.FERTILIZER.last.available,1.0
market_history.EGG.last.sales_identified,market_history.FERTILIZER.w4.observed,1.0
market_history.EGG.last.sales_identified,cash_history.available,1.0
market_history.EGG.last.sales_identified,cash_history.FERTILIZER.net_cash_identified,1.0
market_history.EGG.w4.observed,market_history.EGG.w4.identified_fraction,1.0
market_history.EGG.w4.observed,market_history.EGG.w12.identified_fraction,1.0
market_history.EGG.w4.observed,market_history.EGG.w24.identified_fraction,1.0
market_history.EGG.w4.observed,market_history.MILK.last.available,1.0
market_history.EGG.w4.observed,market_history.MILK.last.sales_identified,1.0
market_history.EGG.w4.observed,market_history.MILK.w4.observed,1.0
market_history.EGG.w4.observed,market_history.MILK.w4.identified_fraction,1.0
market_history.EGG.w4.observed,market_history.MILK.w12.identified_fraction,1.0
market_history.EGG.w4.observed,market_history.MILK.w24.identified_fraction,1.0
market_history.EGG.w4.observed,market_history.WOOL.last.available,1.0
market_history.EGG.w4.observed,market_history.WOOL.last.sales_identified,1.0
market_history.EGG.w4.observed,market_history.WOOL.w4.observed,1.0
market_history.EGG.w4.observed,market_history.WOOL.w4.identified_fraction,1.0
market_history.EGG.w4.observed,market_history.WOOL.w12.identified_fraction,1.0
market_history.EGG.w4.observed,market_history.WOOL.w24.identified_fraction,1.0
market_history.EGG.w4.observed,market_history.FERTILIZER.last.available,1.0
market_history.EGG.w4.observed,market_history.FERTILIZER.w4.observed,1.0
market_history.EGG.w4.observed,cash_history.available,1.0
market_history.EGG.w4.observed,cash_history.FERTILIZER.net_cash_identified,1.0
market_history.EGG.w4.identified_fraction,market_history.EGG.w12.identified_fraction,1.0
market_history.EGG.w4.identified_fraction,market_history.EGG.w24.identified_fraction,1.0
market_history.EGG.w4.identified_fraction,market_history.MILK.last.available,1.0
market_history.EGG.w4.identified_fraction,market_history.MILK.last.sales_identified,1.0
market_history.EGG.w4.identified_fraction,market_history.MILK.w4.observed,1.0
market_history.EGG.w4.identified_fraction,market_history.MILK.w4.identified_fraction,1.0
market_history.EGG.w4.identified_fraction,market_history.MILK.w12.identified_fraction,1.0
market_history.EGG.w4.identified_fraction,market_history.MILK.w24.identified_fraction,1.0
market_history.EGG.w4.identified_fraction,market_history.WOOL.last.available,1.0
market_history.EGG.w4.identified_fraction,market_history.WOOL.last.sales_identified,1.0
market_history.EGG.w4.identified_fraction,market_history.WOOL.w4.observed,1.0
market_history.EGG.w4.identified_fraction,market_history.WOOL.w4.identified_fraction,1.0
market_history.EGG.w4.identified_fraction,market_history.WOOL.w12.identified_fraction,1.0
market_history.EGG.w4.identified_fraction,market_history.WOOL.w24.identified_fraction,1.0
market_history.EGG.w4.identified_fraction,market_history.FERTILIZER.last.available,1.0
market_history.EGG.w4.identified_fraction,market_history.FERTILIZER.w4.observed,1.0
market_history.EGG.w4.identified_fraction,cash_history.available,1.0
market_history.EGG.w4.identified_fraction,cash_history.FERTILIZER.net_cash_identified,1.0
market_history.EGG.w12.observed,market_history.MILK.w12.observed,1.0
market_history.EGG.w12.observed,market_history.WOOL.w12.observed,1.0
market_history.EGG.w12.observed,market_history.FERTILIZER.w12.observed,1.0
market_history.EGG.w12.identified_fraction,market_history.EGG.w24.identified_fraction,1.0
market_history.EGG.w12.identified_fraction,market_history.MILK.last.available,1.0
market_history.EGG.w12.identified_fraction,market_history.MILK.last.sales_identified,1.0
market_history.EGG.w12.identified_fraction,market_history.MILK.w4.observed,1.0
market_history.EGG.w12.identified_fraction,market_history.MILK.w4.identified_fraction,1.0
market_history.EGG.w12.identified_fraction,market_history.MILK.w12.identified_fraction,1.0
market_history.EGG.w12.identified_fraction,market_history.MILK.w24.identified_fraction,1.0
market_history.EGG.w12.identified_fraction,market_history.WOOL.last.available,1.0
market_history.EGG.w12.identified_fraction,market_history.WOOL.last.sales_identified,1.0
market_history.EGG.w12.identified_fraction,market_history.WOOL.w4.observed,1.0
market_history.EGG.w12.identified_fraction,market_history.WOOL.w4.identified_fraction,1.0
market_history.EGG.w12.identified_fraction,market_history.WOOL.w12.identified_fraction,1.0
market_history.EGG.w12.identified_fraction,market_history.WOOL.w24.identified_fraction,1.0
market_history.EGG.w12.identified_fraction,market_history.FERTILIZER.last.available,1.0
market_history.EGG.w12.identified_fraction,market_history.FERTILIZER.w4.observed,1.0
market_history.EGG.w12.identified_fraction,cash_history.available,1.0
market_history.EGG.w12.identified_fraction,cash_history.FERTILIZER.net_cash_identified,1.0
market_history.EGG.w24.observed,market_history.MILK.w24.observed,1.0
market_history.EGG.w24.observed,market_history.WOOL.w24.observed,1.0
market_history.EGG.w24.observed,market_history.FERTILIZER.w24.observed,1.0
market_history.EGG.w24.identified_fraction,market_history.MILK.last.available,1.0
market_history.EGG.w24.identified_fraction,market_history.MILK.last.sales_identified,1.0
market_history.EGG.w24.identified_fraction,market_history.MILK.w4.observed,1.0
market_history.EGG.w24.identified_fraction,market_history.MILK.w4.identified_fraction,1.0
market_history.EGG.w24.identified_fraction,market_history.MILK.w12.identified_fraction,1.0
market_history.EGG.w24.identified_fraction,market_history.MILK.w24.identified_fraction,1.0
market_history.EGG.w24.identified_fraction,market_history.WOOL.last.available,1.0
market_history.EGG.w24.identified_fraction,market_history.WOOL.last.sales_identified,1.0
market_history.EGG.w24.identified_fraction,market_history.WOOL.w4.observed,1.0
market_history.EGG.w24.identified_fraction,market_history.WOOL.w4.identified_fraction,1.0
market_history.EGG.w24.identified_fraction,market_history.WOOL.w12.identified_fraction,1.0
market_history.EGG.w24.identified_fraction,market_history.WOOL.w24.identified_fraction,1.0
market_history.EGG.w24.identified_fraction,market_history.FERTILIZER.last.available,1.0
market_history.EGG.w24.identified_fraction,market_history.FERTILIZER.w4.observed,1.0
market_history.EGG.w24.identified_fraction,cash_history.available,1.0
market_history.EGG.w24.identified_fraction,cash_history.FERTILIZER.net_cash_identified,1.0
market_history.MILK.last.available,market_history.MILK.last.sales_identified,1.0
market_history.MILK.last.available,market_history.MILK.w4.observed,1.0
market_history.MILK.last.available,market_history.MILK.w4.identified_fraction,1.0
market_history.MILK.last.available,market_history.MILK.w12.identified_fraction,1.0
market_history.MILK.last.available,market_history.MILK.w24.identified_fraction,1.0
market_history.MILK.last.available,market_history.WOOL.last.available,1.0
market_history.MILK.last.available,market_history.WOOL.last.sales_identified,1.0
market_history.MILK.last.available,market_history.WOOL.w4.observed,1.0
market_history.MILK.last.available,market_history.WOOL.w4.identified_fraction,1.0
market_history.MILK.last.available,market_history.WOOL.w12.identified_fraction,1.0
market_history.MILK.last.available,market_history.WOOL.w24.identified_fraction,1.0
market_history.MILK.last.available,market_history.FERTILIZER.last.available,1.0
market_history.MILK.last.available,market_history.FERTILIZER.w4.observed,1.0
market_history.MILK.last.available,cash_history.available,1.0
market_history.MILK.last.available,cash_history.FERTILIZER.net_cash_identified,1.0
market_history.MILK.last.sales_identified,market_history.MILK.w4.observed,1.0
market_history.MILK.last.sales_identified,market_history.MILK.w4.identified_fraction,1.0
market_history.MILK.last.sales_identified,market_history.MILK.w12.identified_fraction,1.0
market_history.MILK.last.sales_identified,market_history.MILK.w24.identified_fraction,1.0
market_history.MILK.last.sales_identified,market_history.WOOL.last.available,1.0
market_history.MILK.last.sales_identified,market_history.WOOL.last.sales_identified,1.0
market_history.MILK.last.sales_identified,market_history.WOOL.w4.observed,1.0
market_history.MILK.last.sales_identified,market_history.WOOL.w4.identified_fraction,1.0
market_history.MILK.last.sales_identified,market_history.WOOL.w12.identified_fraction,1.0
market_history.MILK.last.sales_identified,market_history.WOOL.w24.identified_fraction,1.0
market_history.MILK.last.sales_identified,market_history.FERTILIZER.last.available,1.0
market_history.MILK.last.sales_identified,market_history.FERTILIZER.w4.observed,1.0
market_history.MILK.last.sales_identified,cash_history.available,1.0
market_history.MILK.last.sales_identified,cash_history.FERTILIZER.net_cash_identified,1.0
market_history.MILK.w4.observed,market_history.MILK.w4.identified_fraction,1.0
market_history.MILK.w4.observed,market_history.MILK.w12.identified_fraction,1.0
market_history.MILK.w4.observed,market_history.MILK.w24.identified_fraction,1.0
market_history.MILK.w4.observed,market_history.WOOL.last.available,1.0
market_history.MILK.w4.observed,market_history.WOOL.last.sales_identified,1.0
market_history.MILK.w4.observed,market_history.WOOL.w4.observed,1.0
market_history.MILK.w4.observed,market_history.WOOL.w4.identified_fraction,1.0
market_history.MILK.w4.observed,market_history.WOOL.w12.identified_fraction,1.0
market_history.MILK.w4.observed,market_history.WOOL.w24.identified_fraction,1.0
market_history.MILK.w4.observed,market_history.FERTILIZER.last.available,1.0
market_history.MILK.w4.observed,market_history.FERTILIZER.w4.observed,1.0
market_history.MILK.w4.observed,cash_history.available,1.0
market_history.MILK.w4.observed,cash_history.FERTILIZER.net_cash_identified,1.0
market_history.MILK.w4.identified_fraction,market_history.MILK.w12.identified_fraction,1.0
market_history.MILK.w4.identified_fraction,market_history.MILK.w24.identified_fraction,1.0
market_history.MILK.w4.identified_fraction,market_history.WOOL.last.available,1.0
market_history.MILK.w4.identified_fraction,market_history.WOOL.last.sales_identified,1.0
market_history.MILK.w4.identified_fraction,market_history.WOOL.w4.observed,1.0
market_history.MILK.w4.identified_fraction,market_history.WOOL.w4.identified_fraction,1.0
market_history.MILK.w4.identified_fraction,market_history.WOOL.w12.identified_fraction,1.0
market_history.MILK.w4.identified_fraction,market_history.WOOL.w24.identified_fraction,1.0
market_history.MILK.w4.identified_fraction,market_history.FERTILIZER.last.available,1.0
market_history.MILK.w4.identified_fraction,market_history.FERTILIZER.w4.observed,1.0
market_history.MILK.w4.identified_fraction,cash_history.available,1.0
market_history.MILK.w4.identified_fraction,cash_history.FERTILIZER.net_cash_identified,1.0
market_history.MILK.w12.observed,market_history.WOOL.w12.observed,1.0
market_history.MILK.w12.observed,market_history.FERTILIZER.w12.observed,1.0
market_history.MILK.w12.identified_fraction,market_history.MILK.w24.identified_fraction,1.0
market_history.MILK.w12.identified_fraction,market_history.WOOL.last.available,1.0
market_history.MILK.w12.identified_fraction,market_history.WOOL.last.sales_identified,1.0
market_history.MILK.w12.identified_fraction,market_history.WOOL.w4.observed,1.0
market_history.MILK.w12.identified_fraction,market_history.WOOL.w4.identified_fraction,1.0
market_history.MILK.w12.identified_fraction,market_history.WOOL.w12.identified_fraction,1.0
market_history.MILK.w12.identified_fraction,market_history.WOOL.w24.identified_fraction,1.0
market_history.MILK.w12.identified_fraction,market_history.FERTILIZER.last.available,1.0
market_history.MILK.w12.identified_fraction,market_history.FERTILIZER.w4.observed,1.0
market_history.MILK.w12.identified_fraction,cash_history.available,1.0
market_history.MILK.w12.identified_fraction,cash_history.FERTILIZER.net_cash_identified,1.0
market_history.MILK.w24.observed,market_history.WOOL.w24.observed,1.0
market_history.MILK.w24.observed,market_history.FERTILIZER.w24.observed,1.0
market_history.MILK.w24.identified_fraction,market_history.WOOL.last.available,1.0
market_history.MILK.w24.identified_fraction,market_history.WOOL.last.sales_identified,1.0
market_history.MILK.w24.identified_fraction,market_history.WOOL.w4.observed,1.0
market_history.MILK.w24.identified_fraction,market_history.WOOL.w4.identified_fraction,1.0
market_history.MILK.w24.identified_fraction,market_history.WOOL.w12.identified_fraction,1.0
market_history.MILK.w24.identified_fraction,market_history.WOOL.w24.identified_fraction,1.0
market_history.MILK.w24.identified_fraction,market_history.FERTILIZER.last.available,1.0
market_history.MILK.w24.identified_fraction,market_history.FERTILIZER.w4.observed,1.0
market_history.MILK.w24.identified_fraction,cash_history.available,1.0
market_history.MILK.w24.identified_fraction,cash_history.FERTILIZER.net_cash_identified,1.0
market_history.WOOL.last.available,market_history.WOOL.last.sales_identified,1.0
market_history.WOOL.last.available,market_history.WOOL.w4.observed,1.0
market_history.WOOL.last.available,market_history.WOOL.w4.identified_fraction,1.0
market_history.WOOL.last.available,market_history.WOOL.w12.identified_fraction,1.0
market_history.WOOL.last.available,market_history.WOOL.w24.identified_fraction,1.0
market_history.WOOL.last.available,market_history.FERTILIZER.last.available,1.0
market_history.WOOL.last.available,market_history.FERTILIZER.w4.observed,1.0
market_history.WOOL.last.available,cash_history.available,1.0
market_history.WOOL.last.available,cash_history.FERTILIZER.net_cash_identified,1.0
market_history.WOOL.last.sales_identified,market_history.WOOL.w4.observed,1.0
market_history.WOOL.last.sales_identified,market_history.WOOL.w4.identified_fraction,1.0
market_history.WOOL.last.sales_identified,market_history.WOOL.w12.identified_fraction,1.0
market_history.WOOL.last.sales_identified,market_history.WOOL.w24.identified_fraction,1.0
market_history.WOOL.last.sales_identified,market_history.FERTILIZER.last.available,1.0
market_history.WOOL.last.sales_identified,market_history.FERTILIZER.w4.observed,1.0
market_history.WOOL.last.sales_identified,cash_history.available,1.0
market_history.WOOL.last.sales_identified,cash_history.FERTILIZER.net_cash_identified,1.0
market_history.WOOL.w4.observed,market_history.WOOL.w4.identified_fraction,1.0
market_history.WOOL.w4.observed,market_history.WOOL.w12.identified_fraction,1.0
market_history.WOOL.w4.observed,market_history.WOOL.w24.identified_fraction,1.0
market_history.WOOL.w4.observed,market_history.FERTILIZER.last.available,1.0
market_history.WOOL.w4.observed,market_history.FERTILIZER.w4.observed,1.0
market_history.WOOL.w4.observed,cash_history.available,1.0
market_history.WOOL.w4.observed,cash_history.FERTILIZER.net_cash_identified,1.0
market_history.WOOL.w4.identified_fraction,market_history.WOOL.w12.identified_fraction,1.0
market_history.WOOL.w4.identified_fraction,market_history.WOOL.w24.identified_fraction,1.0
market_history.WOOL.w4.identified_fraction,market_history.FERTILIZER.last.available,1.0
market_history.WOOL.w4.identified_fraction,market_history.FERTILIZER.w4.observed,1.0
market_history.WOOL.w4.identified_fraction,cash_history.available,1.0
market_history.WOOL.w4.identified_fraction,cash_history.FERTILIZER.net_cash_identified,1.0
market_history.WOOL.w12.observed,market_history.FERTILIZER.w12.observed,1.0
market_history.WOOL.w12.identified_fraction,market_history.WOOL.w24.identified_fraction,1.0
market_history.WOOL.w12.identified_fraction,market_history.FERTILIZER.last.available,1.0
market_history.WOOL.w12.identified_fraction,market_history.FERTILIZER.w4.observed,1.0
market_history.WOOL.w12.identified_fraction,cash_history.available,1.0
market_history.WOOL.w12.identified_fraction,cash_history.FERTILIZER.net_cash_identified,1.0
market_history.WOOL.w24.observed,market_history.FERTILIZER.w24.observed,1.0
market_history.WOOL.w24.identified_fraction,market_history.FERTILIZER.last.available,1.0
market_history.WOOL.w24.identified_fraction,market_history.FERTILIZER.w4.observed,1.0
market_history.WOOL.w24.identified_fraction,cash_history.available,1.0
market_history.WOOL.w24.identified_fraction,cash_history.FERTILIZER.net_cash_identified,1.0
market_history.FERTILIZER.last.available,market_history.FERTILIZER.w4.observed,1.0
market_history.FERTILIZER.last.available,cash_history.available,1.0
market_history.FERTILIZER.last.available,cash_history.FERTILIZER.net_cash_identified,1.0
market_history.FERTILIZER.w4.observed,cash_history.available,1.0
market_history.FERTILIZER.w4.observed,cash_history.FERTILIZER.net_cash_identified,1.0
cash_history.available,cash_history.FERTILIZER.net_cash_identified,1.0
cash_history.CARROT.sales_lower,cash_history.CARROT.sales_upper,1.0
cash_history.CARROT.sales_lower,cash_history.CARROT.revenue_upper,0.999998851384098
cash_history.CARROT.sales_upper,cash_history.CARROT.revenue_upper,0.999998851384098
cash_history.STRAWBERRY.sales_lower,cash_history.STRAWBERRY.sales_upper,1.0
cash_history.STRAWBERRY.sales_lower,cash_history.STRAWBERRY.revenue_upper,0.9999972925976821
cash_history.STRAWBERRY.sales_upper,cash_history.STRAWBERRY.revenue_upper,0.9999972925976821
cash_history.MELON.sales_upper,cash_history.MELON.revenue_upper,0.9985730427690959
