feature,family,distinct_development_values,minimum,maximum,nonzero_fraction,availability,status
time.day,horizon,30,0.0,29.0,0.9668508287292817,current_legal_observation,provisional_not_selected
time.hour,horizon,7,0.0,22.0,0.8342541436464088,current_legal_observation,provisional_not_selected
time.decisions_remaining,horizon,181,1.0,719.0,1.0,current_legal_observation,provisional_not_selected
time.hours_until_refresh,horizon,7,2.0,24.0,1.0,current_legal_observation,provisional_not_selected
time.season_fraction,horizon,181,0.0,0.9986091794158554,0.994475138121547,current_legal_observation,provisional_not_selected
relative.cash_lead,relative_state,534,-5339.0,27456.0,0.5082872928176796,current_legal_observation,provisional_not_selected
relative.worker_lead,relative_state,4,-3.0,3.0,0.35082872928176795,current_legal_observation,provisional_not_selected
relative.land_lead,relative_state,1,0.0,0.0,0.0,current_legal_observation,coverage_gap_constant
logistics.shed_used,logistics,37,0.0,38.0,0.7928176795580111,current_legal_observation,provisional_not_selected
logistics.shed_free,logistics,37,62.0,100.0,1.0,current_legal_observation,provisional_not_selected
logistics.carried_total,logistics,39,0.0,38.0,0.8206721915285451,current_legal_observation,provisional_not_selected
logistics.refresh_overflow,logistics,1,0.0,0.0,0.0,current_legal_observation,coverage_gap_constant
demand.BAKERY.instances,town_demand,4,0.0,3.0,0.46408839779005523,current_legal_observation,provisional_not_selected
demand.BRUNCH_SPOT.instances,town_demand,4,0.0,3.0,0.4516574585635359,current_legal_observation,provisional_not_selected
demand.FARMERS_MARKET.instances,town_demand,3,0.0,2.0,0.4509668508287293,current_legal_observation,provisional_not_selected
demand.ICE_CREAM_SHOP.instances,town_demand,4,0.0,3.0,0.4509668508287293,current_legal_observation,provisional_not_selected
demand.PET_CAFE.instances,town_demand,4,0.0,3.0,0.12569060773480664,current_legal_observation,provisional_not_selected
demand.PIZZA_SHOP.instances,town_demand,4,0.0,3.0,0.6263812154696132,current_legal_observation,provisional_not_selected
demand.SMOOTHIE_SHOP.instances,town_demand,3,0.0,2.0,0.2513812154696133,current_legal_observation,provisional_not_selected
demand.YARN_STORE.instances,town_demand,3,0.0,2.0,0.42748618784530384,current_legal_observation,provisional_not_selected
market.WHEAT.price,market_curves,30,25.0,55.0,1.0,current_legal_observation,provisional_not_selected
market.WHEAT.normalized_price,market_curves,30,1.0,2.2,1.0,current_legal_observation,provisional_not_selected
market.WHEAT.normalized_supply,market_curves,618,-2.2025,0.0,0.994475138121547,current_legal_observation,provisional_not_selected
market.WHEAT.one_unit_price_impact,market_curves,2,0.0,1.0,0.03360957642725598,current_legal_observation,provisional_not_selected
market.WHEAT.sell_5_revenue,market_curves,105,121.0,275.0,1.0,current_legal_observation,provisional_not_selected
market.WHEAT.sell_20_revenue,market_curves,363,467.0,1091.0,1.0,current_legal_observation,provisional_not_selected
demand.WHEAT.current_daily_units,town_demand,8,1.0,43.0,1.0,current_legal_observation,provisional_not_selected
inventory.WHEAT.shed,logistics,19,0.0,20.0,0.7790055248618785,current_legal_observation,provisional_not_selected
inventory.WHEAT.carried,logistics,21,0.0,20.0,0.8121546961325967,current_legal_observation,provisional_not_selected
inventory.WHEAT.immediate_sale_value,market_curves,247,0.0,980.0,0.7790055248618785,current_legal_observation,provisional_not_selected
market.CARROT.price,market_curves,80,35.0,235.0,1.0,current_legal_observation,provisional_not_selected
market.CARROT.normalized_price,market_curves,80,1.0,6.714285714285714,1.0,current_legal_observation,provisional_not_selected
market.CARROT.normalized_supply,market_curves,308,-1.7066666666666668,0.0,0.994475138121547,current_legal_observation,provisional_not_selected
market.CARROT.one_unit_price_impact,market_curves,2,0.0,1.0,0.09185082872928177,current_legal_observation,provisional_not_selected
market.CARROT.sell_5_revenue,market_curves,164,168.0,1165.0,1.0,current_legal_observation,provisional_not_selected
market.CARROT.sell_20_revenue,market_curves,308,634.0,4515.0,1.0,current_legal_observation,provisional_not_selected
demand.CARROT.current_daily_units,town_demand,7,1.0,43.0,1.0,current_legal_observation,provisional_not_selected
inventory.CARROT.shed,logistics,1,0.0,0.0,0.0,current_legal_observation,coverage_gap_constant
inventory.CARROT.carried,logistics,1,0.0,0.0,0.0,current_legal_observation,coverage_gap_constant
inventory.CARROT.immediate_sale_value,market_curves,1,0.0,0.0,0.0,current_legal_observation,coverage_gap_constant
market.TOMATO.price,market_curves,153,46.0,434.0,1.0,current_legal_observation,provisional_not_selected
market.TOMATO.normalized_price,market_curves,153,0.7666666666666667,7.233333333333333,1.0,current_legal_observation,provisional_not_selected
market.TOMATO.normalized_supply,market_curves,375,-2.29,0.15,0.9917127071823204,current_legal_observation,provisional_not_selected
market.TOMATO.one_unit_price_impact,market_curves,4,0.0,3.0,0.2265193370165746,current_legal_observation,provisional_not_selected
market.TOMATO.sell_5_revenue,market_curves,298,228.0,2146.0,1.0,current_legal_observation,provisional_not_selected
market.TOMATO.sell_20_revenue,market_curves,375,882.0,8208.0,1.0,current_legal_observation,provisional_not_selected
demand.TOMATO.current_daily_units,town_demand,6,1.0,31.0,1.0,current_legal_observation,provisional_not_selected
inventory.TOMATO.shed,logistics,7,0.0,6.0,0.05386740331491713,current_legal_observation,provisional_not_selected
inventory.TOMATO.carried,logistics,7,0.0,6.0,0.1171731123388582,current_legal_observation,provisional_not_selected
inventory.TOMATO.immediate_sale_value,market_curves,63,0.0,658.0,0.05386740331491713,current_legal_observation,provisional_not_selected
market.STRAWBERRY.price,market_curves,188,120.0,328.0,1.0,current_legal_observation,provisional_not_selected
market.STRAWBERRY.normalized_price,market_curves,188,1.0,2.7333333333333334,1.0,current_legal_observation,provisional_not_selected
market.STRAWBERRY.normalized_supply,market_curves,392,-6.14,0.0,0.994475138121547,current_legal_observation,provisional_not_selected
market.STRAWBERRY.one_unit_price_impact,market_curves,6,0.0,8.0,0.5904696132596685,current_legal_observation,provisional_not_selected
market.STRAWBERRY.sell_5_revenue,market_curves,392,580.0,1639.0,1.0,current_legal_observation,provisional_not_selected
market.STRAWBERRY.sell_20_revenue,market_curves,392,2034.0,6530.0,1.0,current_legal_observation,provisional_not_selected
demand.STRAWBERRY.current_daily_units,town_demand,7,1.0,37.0,1.0,current_legal_observation,provisional_not_selected
inventory.STRAWBERRY.shed,logistics,3,0.0,4.0,0.03591160220994475,current_legal_observation,provisional_not_selected
inventory.STRAWBERRY.carried,logistics,3,0.0,4.0,0.13789134438305709,current_legal_observation,provisional_not_selected
inventory.STRAWBERRY.immediate_sale_value,market_curves,49,0.0,854.0,0.03591160220994475,current_legal_observation,provisional_not_selected
market.MELON.price,market_curves,37,1.0,280.0,1.0,current_legal_observation,provisional_not_selected
market.MELON.normalized_price,market_curves,37,0.004,1.12,1.0,current_legal_observation,provisional_not_selected
market.MELON.normalized_supply,market_curves,48,-0.1,0.5266666666666666,0.994475138121547,current_legal_observation,provisional_not_selected
market.MELON.one_unit_price_impact,market_curves,6,0.0,6.0,0.7817679558011049,current_legal_observation,provisional_not_selected
market.MELON.sell_5_revenue,market_curves,48,5.0,1398.0,1.0,current_legal_observation,provisional_not_selected
market.MELON.sell_20_revenue,market_curves,48,20.0,5531.0,1.0,current_legal_observation,provisional_not_selected
demand.MELON.current_daily_units,town_demand,1,1.0,1.0,1.0,current_legal_observation,coverage_gap_constant
inventory.MELON.shed,logistics,1,0.0,0.0,0.0,current_legal_observation,coverage_gap_constant
inventory.MELON.carried,logistics,1,0.0,0.0,0.0,current_legal_observation,coverage_gap_constant
inventory.MELON.immediate_sale_value,market_curves,1,0.0,0.0,0.0,current_legal_observation,coverage_gap_constant
market.EGG.price,market_curves,27,42.0,68.0,1.0,current_legal_observation,provisional_not_selected
market.EGG.normalized_price,market_curves,27,0.84,1.36,1.0,current_legal_observation,provisional_not_selected
market.EGG.normalized_supply,market_curves,324,-0.8795180722891566,0.2560240963855422,0.988950276243094,current_legal_observation,provisional_not_selected
market.EGG.one_unit_price_impact,market_curves,2,0.0,1.0,0.06629834254143646,current_legal_observation,provisional_not_selected
market.EGG.sell_5_revenue,market_curves,107,210.0,337.0,1.0,current_legal_observation,provisional_not_selected
market.EGG.sell_20_revenue,market_curves,302,840.0,1341.0,1.0,current_legal_observation,provisional_not_selected
demand.EGG.current_daily_units,town_demand,5,1.0,25.0,1.0,current_legal_observation,provisional_not_selected
inventory.EGG.shed,logistics,6,0.0,8.0,0.11256906077348067,current_legal_observation,provisional_not_selected
inventory.EGG.carried,logistics,6,0.0,8.0,0.5897790055248618,current_legal_observation,provisional_not_selected
inventory.EGG.immediate_sale_value,market_curves,63,0.0,397.0,0.11256906077348067,current_legal_observation,provisional_not_selected
market.MILK.price,market_curves,223,40.0,364.0,1.0,current_legal_observation,provisional_not_selected
market.MILK.normalized_price,market_curves,223,0.25,2.275,1.0,current_legal_observation,provisional_not_selected
market.MILK.normalized_supply,market_curves,376,-4.524590163934426,0.4672131147540984,0.9917127071823204,current_legal_observation,provisional_not_selected
market.MILK.one_unit_price_impact,market_curves,5,0.0,9.0,0.7016574585635359,current_legal_observation,provisional_not_selected
market.MILK.sell_5_revenue,market_curves,376,180.0,1819.0,1.0,current_legal_observation,provisional_not_selected
market.MILK.sell_20_revenue,market_curves,376,410.0,7249.0,1.0,current_legal_observation,provisional_not_selected
demand.MILK.current_daily_units,town_demand,6,1.0,31.0,1.0,current_legal_observation,provisional_not_selected
inventory.MILK.shed,logistics,4,0.0,12.0,0.031077348066298343,current_legal_observation,provisional_not_selected
inventory.MILK.carried,logistics,6,0.0,12.0,0.23687845303867403,current_legal_observation,provisional_not_selected
inventory.MILK.immediate_sale_value,market_curves,42,0.0,2403.0,0.031077348066298343,current_legal_observation,provisional_not_selected
market.WOOL.price,market_curves,89,1.0,247.0,1.0,current_legal_observation,provisional_not_selected
market.WOOL.normalized_price,market_curves,89,0.005,1.235,1.0,current_legal_observation,provisional_not_selected
market.WOOL.normalized_supply,market_curves,251,-2.1904761904761907,0.5619047619047619,0.9921731123388582,current_legal_observation,provisional_not_selected
market.WOOL.one_unit_price_impact,market_curves,7,0.0,6.0,0.6411141804788214,current_legal_observation,provisional_not_selected
market.WOOL.sell_5_revenue,market_curves,164,5.0,1235.0,1.0,current_legal_observation,provisional_not_selected
market.WOOL.sell_20_revenue,market_curves,248,20.0,4925.0,1.0,current_legal_observation,provisional_not_selected
demand.WOOL.current_daily_units,town_demand,3,1.0,25.0,1.0,current_legal_observation,provisional_not_selected
inventory.WOOL.shed,logistics,5,0.0,6.0,0.03798342541436464,current_legal_observation,provisional_not_selected
inventory.WOOL.carried,logistics,5,0.0,6.0,0.2578268876611418,current_legal_observation,provisional_not_selected
inventory.WOOL.immediate_sale_value,market_curves,38,0.0,1204.0,0.03798342541436464,current_legal_observation,provisional_not_selected
market.FERTILIZER.price,market_curves,52,49.0,100.0,1.0,current_legal_observation,provisional_not_selected
market.FERTILIZER.normalized_price,market_curves,52,0.49,1.0,1.0,current_legal_observation,provisional_not_selected
market.FERTILIZER.normalized_supply,market_curves,175,0.0,1.275,0.9392265193370166,current_legal_observation,provisional_not_selected
market.FERTILIZER.one_unit_price_impact,market_curves,2,0.0,1.0,0.12914364640883977,current_legal_observation,provisional_not_selected
market.FERTILIZER.sell_5_revenue,market_curves,175,243.0,498.0,1.0,current_legal_observation,provisional_not_selected
market.FERTILIZER.sell_20_revenue,market_curves,175,942.0,1962.0,1.0,current_legal_observation,provisional_not_selected
demand.FERTILIZER.current_daily_units,town_demand,1,0.0,0.0,0.0,current_legal_observation,coverage_gap_constant
inventory.FERTILIZER.shed,logistics,8,0.0,7.0,0.2969613259668508,current_legal_observation,provisional_not_selected
inventory.FERTILIZER.carried,logistics,8,0.0,7.0,0.6611418047882136,current_legal_observation,provisional_not_selected
inventory.FERTILIZER.immediate_sale_value,market_curves,187,0.0,641.0,0.2969613259668508,current_legal_observation,provisional_not_selected
inventory.WHEAT.seeds,logistics,3,0.0,2.0,0.4620165745856354,current_legal_observation,provisional_not_selected
inventory.CARROT.seeds,logistics,1,0.0,0.0,0.0,current_legal_observation,coverage_gap_constant
inventory.TOMATO.seeds,logistics,3,0.0,2.0,0.4261049723756906,current_legal_observation,provisional_not_selected
inventory.STRAWBERRY.seeds,logistics,3,0.0,2.0,0.3860497237569061,current_legal_observation,provisional_not_selected
inventory.MELON.seeds,logistics,1,0.0,0.0,0.0,current_legal_observation,coverage_gap_constant
inventory.GOOSE.unplaced,logistics,2,0.0,1.0,0.011049723756906077,current_legal_observation,provisional_not_selected
inventory.COW.unplaced,logistics,3,0.0,2.0,0.016574585635359115,current_legal_observation,provisional_not_selected
inventory.SHEEP.unplaced,logistics,2,0.0,1.0,0.011049723756906077,current_legal_observation,provisional_not_selected
own.cash,labor_land,972,17.0,58531.0,1.0,current_legal_observation,provisional_not_selected
own.workers,labor_land,2,1.0,4.0,1.0,current_legal_observation,provisional_not_selected
own.empty_tiles,labor_land,13,7.0,25.0,1.0,current_legal_observation,provisional_not_selected
own.weed_tiles,labor_land,8,0.0,7.0,0.5618093922651933,current_legal_observation,provisional_not_selected
own.unlocked_tiles,labor_land,1,25.0,25.0,1.0,current_legal_observation,coverage_gap_constant
own.next_hire_cost,labor_land,2,1.0,3.0,1.0,current_legal_observation,provisional_not_selected
own.worker_turns_today,labor_land,11,2.0,80.0,1.0,current_legal_observation,provisional_not_selected
own.water_actions_due,labor_land,11,0.0,10.0,0.85451197053407,current_legal_observation,provisional_not_selected
own.feed_actions_due,labor_land,7,0.0,6.0,0.5718232044198895,current_legal_observation,provisional_not_selected
own.shed_distance,labor_land,7,0.0,6.0,0.7907458563535912,current_legal_observation,provisional_not_selected
own.crop.WHEAT.count,crop_state,5,0.0,4.0,0.9578729281767956,current_legal_observation,provisional_not_selected
own.crop.WHEAT.mean_age,crop_state,24,0.0,4.0,0.9509668508287292,current_legal_observation,provisional_not_selected
own.crop.WHEAT.harvestable_units,crop_state,20,0.0,20.0,0.880524861878453,current_legal_observation,provisional_not_selected
own.crop.WHEAT.water_due,crop_state,5,0.0,4.0,0.75,current_legal_observation,provisional_not_selected
own.crop.WHEAT.death_risk_today,crop_state,3,0.0,2.0,0.029005524861878452,current_legal_observation,provisional_not_selected
own.crop.WHEAT.bonus_water_opportunities,crop_state,5,0.0,4.0,0.638121546961326,current_legal_observation,provisional_not_selected
own.crop.WHEAT.fertilized_count,crop_state,5,0.0,4.0,0.3052486187845304,current_legal_observation,provisional_not_selected
own.crop.CARROT.count,crop_state,1,0.0,0.0,0.0,current_legal_observation,coverage_gap_constant
own.crop.CARROT.mean_age,crop_state,1,0.0,0.0,0.0,current_legal_observation,coverage_gap_constant
own.crop.CARROT.harvestable_units,crop_state,1,0.0,0.0,0.0,current_legal_observation,coverage_gap_constant
own.crop.CARROT.water_due,crop_state,1,0.0,0.0,0.0,current_legal_observation,coverage_gap_constant
own.crop.CARROT.death_risk_today,crop_state,1,0.0,0.0,0.0,current_legal_observation,coverage_gap_constant
own.crop.CARROT.bonus_water_opportunities,crop_state,1,0.0,0.0,0.0,current_legal_observation,coverage_gap_constant
own.crop.CARROT.fertilized_count,crop_state,1,0.0,0.0,0.0,current_legal_observation,coverage_gap_constant
own.crop.TOMATO.count,crop_state,4,0.0,3.0,0.8743093922651933,current_legal_observation,provisional_not_selected
own.crop.TOMATO.mean_age,crop_state,43,0.0,12.0,0.8729281767955801,current_legal_observation,provisional_not_selected
own.crop.TOMATO.harvestable_units,crop_state,7,0.0,6.0,0.32136279926335176,current_legal_observation,provisional_not_selected
own.crop.TOMATO.water_due,crop_state,4,0.0,3.0,0.7493093922651933,current_legal_observation,provisional_not_selected
own.crop.TOMATO.death_risk_today,crop_state,2,0.0,1.0,0.020027624309392266,current_legal_observation,provisional_not_selected
own.crop.TOMATO.bonus_water_opportunities,crop_state,1,0.0,0.0,0.0,current_legal_observation,coverage_gap_constant
own.crop.TOMATO.fertilized_count,crop_state,4,0.0,3.0,0.40814917127071826,current_legal_observation,provisional_not_selected
own.crop.STRAWBERRY.count,crop_state,4,0.0,3.0,0.9723756906077348,current_legal_observation,provisional_not_selected
own.crop.STRAWBERRY.mean_age,crop_state,45,0.0,16.666666666666668,0.9668508287292817,current_legal_observation,provisional_not_selected
own.crop.STRAWBERRY.harvestable_units,crop_state,3,0.0,4.0,0.23181399631675875,current_legal_observation,provisional_not_selected
own.crop.STRAWBERRY.water_due,crop_state,4,0.0,3.0,0.7265193370165746,current_legal_observation,provisional_not_selected
own.crop.STRAWBERRY.death_risk_today,crop_state,2,0.0,1.0,0.0020718232044198894,current_legal_observation,provisional_not_selected
own.crop.STRAWBERRY.bonus_water_opportunities,crop_state,1,0.0,0.0,0.0,current_legal_observation,coverage_gap_constant
own.crop.STRAWBERRY.fertilized_count,crop_state,4,0.0,3.0,0.46408839779005523,current_legal_observation,provisional_not_selected
own.crop.MELON.count,crop_state,1,0.0,0.0,0.0,current_legal_observation,coverage_gap_constant
own.crop.MELON.mean_age,crop_state,1,0.0,0.0,0.0,current_legal_observation,coverage_gap_constant
own.crop.MELON.harvestable_units,crop_state,1,0.0,0.0,0.0,current_legal_observation,coverage_gap_constant
own.crop.MELON.water_due,crop_state,1,0.0,0.0,0.0,current_legal_observation,coverage_gap_constant
own.crop.MELON.death_risk_today,crop_state,1,0.0,0.0,0.0,current_legal_observation,coverage_gap_constant
own.crop.MELON.bonus_water_opportunities,crop_state,1,0.0,0.0,0.0,current_legal_observation,coverage_gap_constant
own.crop.MELON.fertilized_count,crop_state,1,0.0,0.0,0.0,current_legal_observation,coverage_gap_constant
own.animal.GOOSE.count,animal_state,3,0.0,2.0,0.994475138121547,current_legal_observation,provisional_not_selected
own.animal.GOOSE.yield_units,animal_state,6,0.0,8.0,0.30985267034990793,current_legal_observation,provisional_not_selected
own.animal.GOOSE.feed_due,animal_state,3,0.0,2.0,0.3867403314917127,current_legal_observation,provisional_not_selected
own.animal.GOOSE.escape_risk_today,animal_state,2,0.0,1.0,0.006906077348066298,current_legal_observation,provisional_not_selected
own.animal.GOOSE.fertilizer_available,animal_state,3,0.0,2.0,0.690377532228361,current_legal_observation,provisional_not_selected
own.animal.GOOSE.care_bonus_banked,animal_state,5,0.0,6.0,0.9240331491712708,current_legal_observation,provisional_not_selected
own.animal.COW.count,animal_state,3,0.0,2.0,0.988950276243094,current_legal_observation,provisional_not_selected
own.animal.COW.yield_units,animal_state,5,0.0,12.0,0.13397790055248618,current_legal_observation,provisional_not_selected
own.animal.COW.feed_due,animal_state,3,0.0,2.0,0.3878913443830571,current_legal_observation,provisional_not_selected
own.animal.COW.escape_risk_today,animal_state,3,0.0,2.0,0.04120626151012891,current_legal_observation,provisional_not_selected
own.animal.COW.fertilizer_available,animal_state,3,0.0,2.0,0.7382596685082873,current_legal_observation,provisional_not_selected
own.animal.COW.care_bonus_banked,animal_state,7,0.0,10.0,0.8950276243093923,current_legal_observation,provisional_not_selected
own.animal.SHEEP.count,animal_state,3,0.0,2.0,0.988950276243094,current_legal_observation,provisional_not_selected
own.animal.SHEEP.yield_units,animal_state,5,0.0,6.0,0.19313996316758747,current_legal_observation,provisional_not_selected
own.animal.SHEEP.feed_due,animal_state,3,0.0,2.0,0.5006906077348067,current_legal_observation,provisional_not_selected
own.animal.SHEEP.escape_risk_today,animal_state,2,0.0,1.0,0.02440147329650092,current_legal_observation,provisional_not_selected
own.animal.SHEEP.fertilizer_available,animal_state,3,0.0,2.0,0.6293738489871087,current_legal_observation,provisional_not_selected
own.animal.SHEEP.care_bonus_banked,animal_state,8,0.0,7.0,0.9074585635359116,current_legal_observation,provisional_not_selected
opponent.cash,labor_land,541,10.0,53330.0,1.0,current_legal_observation,provisional_not_selected
opponent.workers,labor_land,3,1.0,4.0,1.0,current_legal_observation,provisional_not_selected
opponent.empty_tiles,labor_land,21,0.0,25.0,0.6519337016574586,current_legal_observation,provisional_not_selected
opponent.weed_tiles,labor_land,7,0.0,6.0,0.3011049723756906,current_legal_observation,provisional_not_selected
opponent.unlocked_tiles,labor_land,1,25.0,25.0,1.0,current_legal_observation,coverage_gap_constant
opponent.next_hire_cost,labor_land,3,1.0,3.0,1.0,current_legal_observation,provisional_not_selected
opponent.worker_turns_today,labor_land,13,2.0,80.0,1.0,current_legal_observation,provisional_not_selected
opponent.water_actions_due,labor_land,25,0.0,25.0,0.8549723756906077,current_legal_observation,provisional_not_selected
opponent.feed_actions_due,labor_land,7,0.0,6.0,0.2900552486187845,current_legal_observation,provisional_not_selected
opponent.shed_distance,labor_land,9,0.0,8.0,0.7651933701657458,current_legal_observation,provisional_not_selected
opponent.crop.WHEAT.count,crop_state,5,0.0,4.0,0.47790055248618785,current_legal_observation,provisional_not_selected
opponent.crop.WHEAT.mean_age,crop_state,23,0.0,4.0,0.47513812154696133,current_legal_observation,provisional_not_selected
opponent.crop.WHEAT.harvestable_units,crop_state,20,0.0,20.0,0.44337016574585636,current_legal_observation,provisional_not_selected
opponent.crop.WHEAT.water_due,crop_state,5,0.0,4.0,0.375,current_legal_observation,provisional_not_selected
opponent.crop.WHEAT.death_risk_today,crop_state,2,0.0,1.0,0.019337016574585635,current_legal_observation,provisional_not_selected
opponent.crop.WHEAT.bonus_water_opportunities,crop_state,5,0.0,4.0,0.3149171270718232,current_legal_observation,provisional_not_selected
opponent.crop.WHEAT.fertilized_count,crop_state,5,0.0,4.0,0.1878453038674033,current_legal_observation,provisional_not_selected
opponent.crop.CARROT.count,crop_state,1,0.0,0.0,0.0,current_legal_observation,coverage_gap_constant
opponent.crop.CARROT.mean_age,crop_state,1,0.0,0.0,0.0,current_legal_observation,coverage_gap_constant
opponent.crop.CARROT.harvestable_units,crop_state,1,0.0,0.0,0.0,current_legal_observation,coverage_gap_constant
opponent.crop.CARROT.water_due,crop_state,1,0.0,0.0,0.0,current_legal_observation,coverage_gap_constant
opponent.crop.CARROT.death_risk_today,crop_state,1,0.0,0.0,0.0,current_legal_observation,coverage_gap_constant
opponent.crop.CARROT.bonus_water_opportunities,crop_state,1,0.0,0.0,0.0,current_legal_observation,coverage_gap_constant
opponent.crop.CARROT.fertilized_count,crop_state,1,0.0,0.0,0.0,current_legal_observation,coverage_gap_constant
opponent.crop.TOMATO.count,crop_state,4,0.0,3.0,0.44129834254143646,current_legal_observation,provisional_not_selected
opponent.crop.TOMATO.mean_age,crop_state,43,0.0,12.0,0.44060773480662985,current_legal_observation,provisional_not_selected
opponent.crop.TOMATO.harvestable_units,crop_state,7,0.0,6.0,0.1664364640883978,current_legal_observation,provisional_not_selected
opponent.crop.TOMATO.water_due,crop_state,4,0.0,3.0,0.3819060773480663,current_legal_observation,provisional_not_selected
opponent.crop.TOMATO.death_risk_today,crop_state,2,0.0,1.0,0.006215469613259668,current_legal_observation,provisional_not_selected
opponent.crop.TOMATO.bonus_water_opportunities,crop_state,1,0.0,0.0,0.0,current_legal_observation,coverage_gap_constant
opponent.crop.TOMATO.fertilized_count,crop_state,4,0.0,3.0,0.20303867403314918,current_legal_observation,provisional_not_selected
opponent.crop.STRAWBERRY.count,crop_state,4,0.0,3.0,0.4861878453038674,current_legal_observation,provisional_not_selected
opponent.crop.STRAWBERRY.mean_age,crop_state,45,0.0,16.666666666666668,0.48342541436464087,current_legal_observation,provisional_not_selected
opponent.crop.STRAWBERRY.harvestable_units,crop_state,3,0.0,4.0,0.12223756906077347,current_legal_observation,provisional_not_selected
opponent.crop.STRAWBERRY.water_due,crop_state,4,0.0,3.0,0.3680939226519337,current_legal_observation,provisional_not_selected
opponent.crop.STRAWBERRY.death_risk_today,crop_state,2,0.0,1.0,0.0013812154696132596,current_legal_observation,provisional_not_selected
opponent.crop.STRAWBERRY.bonus_water_opportunities,crop_state,1,0.0,0.0,0.0,current_legal_observation,coverage_gap_constant
opponent.crop.STRAWBERRY.fertilized_count,crop_state,4,0.0,3.0,0.22997237569060774,current_legal_observation,provisional_not_selected
opponent.crop.MELON.count,crop_state,17,0.0,25.0,0.43370165745856354,current_legal_observation,provisional_not_selected
opponent.crop.MELON.mean_age,crop_state,40,0.0,12.0,0.4198895027624309,current_legal_observation,provisional_not_selected
opponent.crop.MELON.harvestable_units,crop_state,30,0.0,150.0,0.1298342541436464,current_legal_observation,provisional_not_selected
opponent.crop.MELON.water_due,crop_state,22,0.0,25.0,0.42265193370165743,current_legal_observation,provisional_not_selected
opponent.crop.MELON.death_risk_today,crop_state,6,0.0,5.0,0.049723756906077346,current_legal_observation,provisional_not_selected
opponent.crop.MELON.bonus_water_opportunities,crop_state,18,0.0,25.0,0.1850828729281768,current_legal_observation,provisional_not_selected
opponent.crop.MELON.fertilized_count,crop_state,1,0.0,0.0,0.0,current_legal_observation,coverage_gap_constant
opponent.animal.GOOSE.count,animal_state,3,0.0,2.0,0.4972375690607735,current_legal_observation,provisional_not_selected
opponent.animal.GOOSE.yield_units,animal_state,5,0.0,8.0,0.15400552486187846,current_legal_observation,provisional_not_selected
opponent.animal.GOOSE.feed_due,animal_state,3,0.0,2.0,0.19613259668508287,current_legal_observation,provisional_not_selected
opponent.animal.GOOSE.escape_risk_today,animal_state,2,0.0,1.0,0.004143646408839779,current_legal_observation,provisional_not_selected
opponent.animal.GOOSE.fertilizer_available,animal_state,3,0.0,2.0,0.35151933701657456,current_legal_observation,provisional_not_selected
opponent.animal.GOOSE.care_bonus_banked,animal_state,5,0.0,6.0,0.46408839779005523,current_legal_observation,provisional_not_selected
opponent.animal.COW.count,animal_state,3,0.0,2.0,0.494475138121547,current_legal_observation,provisional_not_selected
opponent.animal.COW.yield_units,animal_state,5,0.0,12.0,0.06767955801104972,current_legal_observation,provisional_not_selected
opponent.animal.COW.feed_due,animal_state,3,0.0,2.0,0.1871546961325967,current_legal_observation,provisional_not_selected
opponent.animal.COW.escape_risk_today,animal_state,3,0.0,2.0,0.011740331491712707,current_legal_observation,provisional_not_selected
opponent.animal.COW.fertilizer_available,animal_state,3,0.0,2.0,0.375,current_legal_observation,provisional_not_selected
opponent.animal.COW.care_bonus_banked,animal_state,7,0.0,10.0,0.44751381215469616,current_legal_observation,provisional_not_selected
opponent.animal.SHEEP.count,animal_state,3,0.0,2.0,0.494475138121547,current_legal_observation,provisional_not_selected
opponent.animal.SHEEP.yield_units,animal_state,5,0.0,6.0,0.09668508287292818,current_legal_observation,provisional_not_selected
opponent.animal.SHEEP.feed_due,animal_state,3,0.0,2.0,0.24654696132596685,current_legal_observation,provisional_not_selected
opponent.animal.SHEEP.escape_risk_today,animal_state,2,0.0,1.0,0.006906077348066298,current_legal_observation,provisional_not_selected
opponent.animal.SHEEP.fertilizer_available,animal_state,3,0.0,2.0,0.31077348066298344,current_legal_observation,provisional_not_selected
opponent.animal.SHEEP.care_bonus_banked,animal_state,8,0.0,7.0,0.4599447513812155,current_legal_observation,provisional_not_selected
storage.free_before_market,storage_interactions,37,62.0,100.0,1.0,current_legal_observation,provisional_not_selected
storage.free_after_sell_all,storage_interactions,2,99.0,100.0,1.0,current_legal_observation,provisional_not_selected
storage.night_overflow_if_pass,storage_interactions,1,0.0,0.0,0.0,current_legal_observation,coverage_gap_constant
storage.night_overflow_after_sell_all,storage_interactions,1,0.0,0.0,0.0,current_legal_observation,coverage_gap_constant
storage.ready_wave_overflow_after_sell_all,storage_interactions,1,0.0,0.0,0.0,current_legal_observation,coverage_gap_constant
storage.carried_plus_ready_units,storage_interactions,48,0.0,49.0,0.977670349907919,current_legal_observation,provisional_not_selected
storage.ready_wave_units,storage_interactions,31,0.0,30.0,0.8970994475138122,current_legal_observation,provisional_not_selected
storage.nonsellable_capacity_lock,storage_interactions,2,0.0,1.0,0.008287292817679558,current_legal_observation,provisional_not_selected
storage.carry_fraction_of_capacity,storage_interactions,39,0.0,0.38,0.8206721915285451,current_legal_observation,provisional_not_selected
capital.receipt_wait_scenario_actions,cashflow,11,5.0,33.0,1.0,current_legal_observation,provisional_not_selected
capital.staffing_days_scenario,cashflow,2,1.0,2.0,1.0,current_legal_observation,provisional_not_selected
capital.daily_full_staff_cost,cashflow,1,4.0,4.0,1.0,current_legal_observation,coverage_gap_constant
capital.labor_reserve,cashflow,3,4.0,12.0,1.0,current_legal_observation,provisional_not_selected
capital.seed_spendable_cash,cashflow,1034,13.0,58523.0,1.0,current_legal_observation,provisional_not_selected
capital.cash_to_reserve_ratio,cashflow,1035,4.25,14496.25,1.0,current_legal_observation,provisional_not_selected
capital.reserve_shortfall,cashflow,1,0.0,0.0,0.0,current_legal_observation,coverage_gap_constant
delivery.unit0.active,delivery_feasibility,1,1.0,1.0,1.0,current_legal_observation,coverage_gap_constant
delivery.unit0.shed_distance,delivery_feasibility,7,0.0,6.0,0.7907458563535912,current_legal_observation,provisional_not_selected
delivery.unit0.carried_units,delivery_feasibility,23,0.0,22.0,0.7976519337016574,current_legal_observation,provisional_not_selected
delivery.unit0.conditional_sale_value,delivery_feasibility,574,0.0,2909.0,0.7976519337016574,current_legal_observation,provisional_not_selected
delivery.unit0.dump_loss_before_market,delivery_feasibility,1,0.0,0.0,0.0,current_legal_observation,coverage_gap_constant
delivery.unit0.delivery_refresh_slack,delivery_feasibility,24,-3.0,23.0,0.9610957642725598,current_legal_observation,provisional_not_selected
delivery.unit0.delivery_terminal_slack,delivery_feasibility,328,-4.0,718.0,0.9951657458563536,current_legal_observation,provisional_not_selected
delivery.unit0.value_per_delivery_action,delivery_feasibility,707,0.0,2909.0,0.7976519337016574,current_legal_observation,provisional_not_selected
delivery.unit1.active,delivery_feasibility,2,0.0,1.0,0.8232044198895028,current_legal_observation,provisional_not_selected
delivery.unit1.shed_distance,delivery_feasibility,7,0.0,6.0,0.7244475138121547,current_legal_observation,provisional_not_selected
delivery.unit1.carried_units,delivery_feasibility,20,0.0,20.0,0.7928176795580111,current_legal_observation,provisional_not_selected
delivery.unit1.conditional_sale_value,delivery_feasibility,523,0.0,2602.0,0.787292817679558,current_legal_observation,provisional_not_selected
delivery.unit1.dump_loss_before_market,delivery_feasibility,1,0.0,0.0,0.0,current_legal_observation,coverage_gap_constant
delivery.unit1.delivery_refresh_slack,delivery_feasibility,21,-3.0,19.0,0.7619705340699816,current_legal_observation,provisional_not_selected
delivery.unit1.delivery_terminal_slack,delivery_feasibility,303,-4.0,714.0,0.8206721915285451,current_legal_observation,provisional_not_selected
delivery.unit1.value_per_delivery_action,delivery_feasibility,645,0.0,2028.0,0.787292817679558,current_legal_observation,provisional_not_selected
delivery.unit2.active,delivery_feasibility,2,0.0,1.0,0.8232044198895028,current_legal_observation,provisional_not_selected
delivery.unit2.shed_distance,delivery_feasibility,7,0.0,6.0,0.6823204419889503,current_legal_observation,provisional_not_selected
delivery.unit2.carried_units,delivery_feasibility,14,0.0,13.0,0.8029465930018416,current_legal_observation,provisional_not_selected
delivery.unit2.conditional_sale_value,delivery_feasibility,377,0.0,1741.0,0.7974217311233885,current_legal_observation,provisional_not_selected
delivery.unit2.dump_loss_before_market,delivery_feasibility,1,0.0,0.0,0.0,current_legal_observation,coverage_gap_constant
delivery.unit2.delivery_refresh_slack,delivery_feasibility,22,-4.0,19.0,0.7843001841620626,current_legal_observation,provisional_not_selected
delivery.unit2.delivery_terminal_slack,delivery_feasibility,343,-5.0,714.0,0.8199815837937385,current_legal_observation,provisional_not_selected
delivery.unit2.value_per_delivery_action,delivery_feasibility,522,0.0,1567.0,0.7974217311233885,current_legal_observation,provisional_not_selected
delivery.unit3.active,delivery_feasibility,2,0.0,1.0,0.8232044198895028,current_legal_observation,provisional_not_selected
delivery.unit3.shed_distance,delivery_feasibility,8,0.0,7.0,0.5421270718232044,current_legal_observation,provisional_not_selected
delivery.unit3.carried_units,delivery_feasibility,16,0.0,15.0,0.7005064456721916,current_legal_observation,provisional_not_selected
delivery.unit3.conditional_sale_value,delivery_feasibility,406,0.0,1893.0,0.7005064456721916,current_legal_observation,provisional_not_selected
delivery.unit3.dump_loss_before_market,delivery_feasibility,1,0.0,0.0,0.0,current_legal_observation,coverage_gap_constant
delivery.unit3.delivery_refresh_slack,delivery_feasibility,22,-5.0,19.0,0.7702578268876611,current_legal_observation,provisional_not_selected
delivery.unit3.delivery_terminal_slack,delivery_feasibility,337,-6.0,714.0,0.8211325966850829,current_legal_observation,provisional_not_selected
delivery.unit3.value_per_delivery_action,delivery_feasibility,535,0.0,1321.0,0.7005064456721916,current_legal_observation,provisional_not_selected
own.timing.WHEAT.capped_ready_tiles,crop_resource_timing,2,0.0,1.0,0.0020718232044198894,current_legal_observation,provisional_not_selected
own.timing.WHEAT.avoidable_wait_unit_days,crop_resource_timing,1,0.0,0.0,0.0,current_legal_observation,coverage_gap_constant
own.timing.WHEAT.water_now_increment_units,crop_resource_timing,9,0.0,8.0,0.638121546961326,current_legal_observation,provisional_not_selected
own.timing.WHEAT.refresh_yield_saved_by_water,crop_resource_timing,9,0.0,8.0,0.6629834254143646,current_legal_observation,provisional_not_selected
own.timing.WHEAT.refresh_increment_from_fertilizer_given_water,crop_resource_timing,5,0.0,4.0,0.48503683241252304,current_legal_observation,provisional_not_selected
own.timing.WHEAT.next_refresh_production_events,crop_resource_timing,1,0.0,0.0,0.0,current_legal_observation,coverage_gap_constant
own.timing.WHEAT.ready_units_with_active_delivery_route,crop_resource_timing,20,0.0,20.0,0.7458563535911602,current_legal_observation,provisional_not_selected
own.timing.WHEAT.ready_units_without_terminal_route,crop_resource_timing,3,0.0,3.0,0.0020718232044198894,current_legal_observation,provisional_not_selected
own.timing.WHEAT.water_death_tasks_unreachable_today,crop_resource_timing,1,0.0,0.0,0.0,current_legal_observation,coverage_gap_constant
own.timing.WHEAT.decay_within_two_actions,crop_resource_timing,1,0.0,0.0,0.0,current_legal_observation,coverage_gap_constant
own.timing.WHEAT.present,crop_resource_timing,2,0.0,1.0,0.9578729281767956,current_legal_observation,provisional_not_selected
own.timing.WHEAT.first_maturity_actions,crop_resource_timing,10,0.0,719.0,0.11947513812154696,current_legal_observation,provisional_not_selected
own.timing.WHEAT.known_decay_present,crop_resource_timing,2,0.0,1.0,0.9578729281767956,current_legal_observation,provisional_not_selected
own.timing.WHEAT.first_decay_actions,crop_resource_timing,28,4.0,719.0,1.0,current_legal_observation,provisional_not_selected
own.timing.WHEAT.mean_worker_distance,crop_resource_timing,20,0.0,6.0,0.927255985267035,current_legal_observation,provisional_not_selected
own.timing.CARROT.capped_ready_tiles,crop_resource_timing,1,0.0,0.0,0.0,current_legal_observation,coverage_gap_constant
own.timing.CARROT.avoidable_wait_unit_days,crop_resource_timing,1,0.0,0.0,0.0,current_legal_observation,coverage_gap_constant
own.timing.CARROT.water_now_increment_units,crop_resource_timing,1,0.0,0.0,0.0,current_legal_observation,coverage_gap_constant
own.timing.CARROT.refresh_yield_saved_by_water,crop_resource_timing,1,0.0,0.0,0.0,current_legal_observation,coverage_gap_constant
own.timing.CARROT.refresh_increment_from_fertilizer_given_water,crop_resource_timing,1,0.0,0.0,0.0,current_legal_observation,coverage_gap_constant
own.timing.CARROT.next_refresh_production_events,crop_resource_timing,1,0.0,0.0,0.0,current_legal_observation,coverage_gap_constant
own.timing.CARROT.ready_units_with_active_delivery_route,crop_resource_timing,1,0.0,0.0,0.0,current_legal_observation,coverage_gap_constant
own.timing.CARROT.ready_units_without_terminal_route,crop_resource_timing,1,0.0,0.0,0.0,current_legal_observation,coverage_gap_constant
own.timing.CARROT.water_death_tasks_unreachable_today,crop_resource_timing,1,0.0,0.0,0.0,current_legal_observation,coverage_gap_constant
own.timing.CARROT.decay_within_two_actions,crop_resource_timing,1,0.0,0.0,0.0,current_legal_observation,coverage_gap_constant
own.timing.CARROT.present,crop_resource_timing,1,0.0,0.0,0.0,current_legal_observation,coverage_gap_constant
own.timing.CARROT.first_maturity_actions,crop_resource_timing,1,719.0,719.0,1.0,current_legal_observation,coverage_gap_constant
own.timing.CARROT.known_decay_present,crop_resource_timing,1,0.0,0.0,0.0,current_legal_observation,coverage_gap_constant
own.timing.CARROT.first_decay_actions,crop_resource_timing,1,719.0,719.0,1.0,current_legal_observation,coverage_gap_constant
own.timing.CARROT.mean_worker_distance,crop_resource_timing,1,0.0,0.0,0.0,current_legal_observation,coverage_gap_constant
own.timing.TOMATO.capped_ready_tiles,crop_resource_timing,1,0.0,0.0,0.0,current_legal_observation,coverage_gap_constant
own.timing.TOMATO.avoidable_wait_unit_days,crop_resource_timing,1,0.0,0.0,0.0,current_legal_observation,coverage_gap_constant
own.timing.TOMATO.water_now_increment_units,crop_resource_timing,1,0.0,0.0,0.0,current_legal_observation,coverage_gap_constant
own.timing.TOMATO.refresh_yield_saved_by_water,crop_resource_timing,6,0.0,5.0,0.32021178637200737,current_legal_observation,provisional_not_selected
own.timing.TOMATO.refresh_increment_from_fertilizer_given_water,crop_resource_timing,2,0.0,1.0,0.09806629834254144,current_legal_observation,provisional_not_selected
own.timing.TOMATO.next_refresh_production_events,crop_resource_timing,4,0.0,3.0,0.39848066298342544,current_legal_observation,provisional_not_selected
own.timing.TOMATO.ready_units_with_active_delivery_route,crop_resource_timing,7,0.0,6.0,0.2930478821362799,current_legal_observation,provisional_not_selected
own.timing.TOMATO.ready_units_without_terminal_route,crop_resource_timing,2,0.0,2.0,0.003453038674033149,current_legal_observation,provisional_not_selected
own.timing.TOMATO.water_death_tasks_unreachable_today,crop_resource_timing,1,0.0,0.0,0.0,current_legal_observation,coverage_gap_constant
own.timing.TOMATO.decay_within_two_actions,crop_resource_timing,3,0.0,2.0,0.022790055248618785,current_legal_observation,provisional_not_selected
own.timing.TOMATO.present,crop_resource_timing,2,0.0,1.0,0.8743093922651933,current_legal_observation,provisional_not_selected
own.timing.TOMATO.first_maturity_actions,crop_resource_timing,45,0.0,719.0,0.5946132596685083,current_legal_observation,provisional_not_selected
own.timing.TOMATO.known_decay_present,crop_resource_timing,2,0.0,1.0,0.1526243093922652,current_legal_observation,provisional_not_selected
own.timing.TOMATO.first_decay_actions,crop_resource_timing,9,0.0,719.0,0.9792817679558011,current_legal_observation,provisional_not_selected
own.timing.TOMATO.mean_worker_distance,crop_resource_timing,21,0.0,6.0,0.8533609576427256,current_legal_observation,provisional_not_selected
own.timing.STRAWBERRY.capped_ready_tiles,crop_resource_timing,1,0.0,0.0,0.0,current_legal_observation,coverage_gap_constant
own.timing.STRAWBERRY.avoidable_wait_unit_days,crop_resource_timing,1,0.0,0.0,0.0,current_legal_observation,coverage_gap_constant
own.timing.STRAWBERRY.water_now_increment_units,crop_resource_timing,1,0.0,0.0,0.0,current_legal_observation,coverage_gap_constant
own.timing.STRAWBERRY.refresh_yield_saved_by_water,crop_resource_timing,3,0.0,2.0,0.24102209944751382,current_legal_observation,provisional_not_selected
own.timing.STRAWBERRY.refresh_increment_from_fertilizer_given_water,crop_resource_timing,2,0.0,1.0,0.014502762430939226,current_legal_observation,provisional_not_selected
own.timing.STRAWBERRY.next_refresh_production_events,crop_resource_timing,3,0.0,2.0,0.35842541436464087,current_legal_observation,provisional_not_selected
own.timing.STRAWBERRY.ready_units_with_active_delivery_route,crop_resource_timing,3,0.0,4.0,0.22767034990791896,current_legal_observation,provisional_not_selected
own.timing.STRAWBERRY.ready_units_without_terminal_route,crop_resource_timing,2,0.0,2.0,0.0023020257826887663,current_legal_observation,provisional_not_selected
own.timing.STRAWBERRY.water_death_tasks_unreachable_today,crop_resource_timing,1,0.0,0.0,0.0,current_legal_observation,coverage_gap_constant
own.timing.STRAWBERRY.decay_within_two_actions,crop_resource_timing,3,0.0,2.0,0.011049723756906077,current_legal_observation,provisional_not_selected
own.timing.STRAWBERRY.present,crop_resource_timing,2,0.0,1.0,0.9723756906077348,current_legal_observation,provisional_not_selected
own.timing.STRAWBERRY.first_maturity_actions,crop_resource_timing,57,0.0,719.0,0.6243093922651933,current_legal_observation,provisional_not_selected
own.timing.STRAWBERRY.known_decay_present,crop_resource_timing,2,0.0,1.0,0.0718232044198895,current_legal_observation,provisional_not_selected
own.timing.STRAWBERRY.first_decay_actions,crop_resource_timing,8,0.0,719.0,0.988950276243094,current_legal_observation,provisional_not_selected
own.timing.STRAWBERRY.mean_worker_distance,crop_resource_timing,14,0.0,4.0,0.9426795580110497,current_legal_observation,provisional_not_selected
own.timing.MELON.capped_ready_tiles,crop_resource_timing,1,0.0,0.0,0.0,current_legal_observation,coverage_gap_constant
own.timing.MELON.avoidable_wait_unit_days,crop_resource_timing,1,0.0,0.0,0.0,current_legal_observation,coverage_gap_constant
own.timing.MELON.water_now_increment_units,crop_resource_timing,1,0.0,0.0,0.0,current_legal_observation,coverage_gap_constant
own.timing.MELON.refresh_yield_saved_by_water,crop_resource_timing,1,0.0,0.0,0.0,current_legal_observation,coverage_gap_constant
own.timing.MELON.refresh_increment_from_fertilizer_given_water,crop_resource_timing,1,0.0,0.0,0.0,current_legal_observation,coverage_gap_constant
own.timing.MELON.next_refresh_production_events,crop_resource_timing,1,0.0,0.0,0.0,current_legal_observation,coverage_gap_constant
own.timing.MELON.ready_units_with_active_delivery_route,crop_resource_timing,1,0.0,0.0,0.0,current_legal_observation,coverage_gap_constant
own.timing.MELON.ready_units_without_terminal_route,crop_resource_timing,1,0.0,0.0,0.0,current_legal_observation,coverage_gap_constant
own.timing.MELON.water_death_tasks_unreachable_today,crop_resource_timing,1,0.0,0.0,0.0,current_legal_observation,coverage_gap_constant
own.timing.MELON.decay_within_two_actions,crop_resource_timing,1,0.0,0.0,0.0,current_legal_observation,coverage_gap_constant
own.timing.MELON.present,crop_resource_timing,1,0.0,0.0,0.0,current_legal_observation,coverage_gap_constant
own.timing.MELON.first_maturity_actions,crop_resource_timing,1,719.0,719.0,1.0,current_legal_observation,coverage_gap_constant
own.timing.MELON.known_decay_present,crop_resource_timing,1,0.0,0.0,0.0,current_legal_observation,coverage_gap_constant
own.timing.MELON.first_decay_actions,crop_resource_timing,1,719.0,719.0,1.0,current_legal_observation,coverage_gap_constant
own.timing.MELON.mean_worker_distance,crop_resource_timing,1,0.0,0.0,0.0,current_legal_observation,coverage_gap_constant
own.husbandry.GOOSE.escape_prevented_by_feed,animal_feed_care_interactions,2,0.0,1.0,0.006906077348066298,current_legal_observation,provisional_not_selected
own.husbandry.GOOSE.refresh_units_saved_by_feed,animal_feed_care_interactions,5,0.0,6.0,0.2803867403314917,current_legal_observation,provisional_not_selected
own.husbandry.GOOSE.care_bank_marginal,animal_feed_care_interactions,3,0.0,2.0,0.6602209944751382,current_legal_observation,provisional_not_selected
own.husbandry.GOOSE.next_production_events,animal_feed_care_interactions,2,0.0,2.0,0.9005524861878453,current_legal_observation,provisional_not_selected
own.husbandry.GOOSE.cap_headroom,animal_feed_care_interactions,6,0.0,8.0,0.988950276243094,current_legal_observation,provisional_not_selected
own.husbandry.GOOSE.banked_bonus_at_risk_if_unfed,animal_feed_care_interactions,5,0.0,6.0,0.2893646408839779,current_legal_observation,provisional_not_selected
own.husbandry.GOOSE.next_fed_production_saturation,animal_feed_care_interactions,3,0.0,4.0,0.011049723756906077,current_legal_observation,provisional_not_selected
own.husbandry.COW.escape_prevented_by_feed,animal_feed_care_interactions,3,0.0,2.0,0.04120626151012891,current_legal_observation,provisional_not_selected
own.husbandry.COW.refresh_units_saved_by_feed,animal_feed_care_interactions,6,0.0,10.0,0.15101289134438306,current_legal_observation,provisional_not_selected
own.husbandry.COW.care_bank_marginal,animal_feed_care_interactions,3,0.0,2.0,0.6899171270718232,current_legal_observation,provisional_not_selected
own.husbandry.COW.next_production_events,animal_feed_care_interactions,2,0.0,2.0,0.40331491712707185,current_legal_observation,provisional_not_selected
own.husbandry.COW.cap_headroom,animal_feed_care_interactions,5,0.0,12.0,0.9779005524861878,current_legal_observation,provisional_not_selected
own.husbandry.COW.banked_bonus_at_risk_if_unfed,animal_feed_care_interactions,6,0.0,10.0,0.12154696132596685,current_legal_observation,provisional_not_selected
own.husbandry.COW.next_fed_production_saturation,animal_feed_care_interactions,1,0.0,0.0,0.0,current_legal_observation,coverage_gap_constant
own.husbandry.SHEEP.escape_prevented_by_feed,animal_feed_care_interactions,2,0.0,1.0,0.02440147329650092,current_legal_observation,provisional_not_selected
own.husbandry.SHEEP.refresh_units_saved_by_feed,animal_feed_care_interactions,5,0.0,5.0,0.19337016574585636,current_legal_observation,provisional_not_selected
own.husbandry.SHEEP.care_bank_marginal,animal_feed_care_interactions,3,0.0,2.0,0.6291436464088398,current_legal_observation,provisional_not_selected
own.husbandry.SHEEP.next_production_events,animal_feed_care_interactions,2,0.0,1.0,0.5359116022099447,current_legal_observation,provisional_not_selected
own.husbandry.SHEEP.cap_headroom,animal_feed_care_interactions,6,0.0,12.0,0.988950276243094,current_legal_observation,provisional_not_selected
own.husbandry.SHEEP.banked_bonus_at_risk_if_unfed,animal_feed_care_interactions,5,0.0,5.0,0.19337016574585636,current_legal_observation,provisional_not_selected
own.husbandry.SHEEP.next_fed_production_saturation,animal_feed_care_interactions,1,0.0,0.0,0.0,current_legal_observation,coverage_gap_constant
opponent.timing.WHEAT.capped_ready_tiles,crop_resource_timing,2,0.0,1.0,0.0006906077348066298,current_legal_observation,provisional_not_selected
opponent.timing.WHEAT.avoidable_wait_unit_days,crop_resource_timing,1,0.0,0.0,0.0,current_legal_observation,coverage_gap_constant
opponent.timing.WHEAT.water_now_increment_units,crop_resource_timing,9,0.0,8.0,0.3149171270718232,current_legal_observation,provisional_not_selected
opponent.timing.WHEAT.refresh_yield_saved_by_water,crop_resource_timing,9,0.0,8.0,0.3301104972375691,current_legal_observation,provisional_not_selected
opponent.timing.WHEAT.refresh_increment_from_fertilizer_given_water,crop_resource_timing,5,0.0,4.0,0.19751381215469613,current_legal_observation,provisional_not_selected
opponent.timing.WHEAT.next_refresh_production_events,crop_resource_timing,1,0.0,0.0,0.0,current_legal_observation,coverage_gap_constant
opponent.timing.WHEAT.ready_units_with_active_delivery_route,crop_resource_timing,20,0.0,20.0,0.375,current_legal_observation,provisional_not_selected
opponent.timing.WHEAT.ready_units_without_terminal_route,crop_resource_timing,1,0.0,0.0,0.0,current_legal_observation,coverage_gap_constant
opponent.timing.WHEAT.water_death_tasks_unreachable_today,crop_resource_timing,1,0.0,0.0,0.0,current_legal_observation,coverage_gap_constant
opponent.timing.WHEAT.decay_within_two_actions,crop_resource_timing,1,0.0,0.0,0.0,current_legal_observation,coverage_gap_constant
opponent.timing.WHEAT.present,crop_resource_timing,2,0.0,1.0,0.47790055248618785,current_legal_observation,provisional_not_selected
opponent.timing.WHEAT.first_maturity_actions,crop_resource_timing,9,0.0,719.0,0.5566298342541437,current_legal_observation,provisional_not_selected
opponent.timing.WHEAT.known_decay_present,crop_resource_timing,2,0.0,1.0,0.47790055248618785,current_legal_observation,provisional_not_selected
opponent.timing.WHEAT.first_decay_actions,crop_resource_timing,26,4.0,719.0,1.0,current_legal_observation,provisional_not_selected
opponent.timing.WHEAT.mean_worker_distance,crop_resource_timing,17,0.0,3.0,0.4606353591160221,current_legal_observation,provisional_not_selected
opponent.timing.CARROT.capped_ready_tiles,crop_resource_timing,1,0.0,0.0,0.0,current_legal_observation,coverage_gap_constant
opponent.timing.CARROT.avoidable_wait_unit_days,crop_resource_timing,1,0.0,0.0,0.0,current_legal_observation,coverage_gap_constant
opponent.timing.CARROT.water_now_increment_units,crop_resource_timing,1,0.0,0.0,0.0,current_legal_observation,coverage_gap_constant
opponent.timing.CARROT.refresh_yield_saved_by_water,crop_resource_timing,1,0.0,0.0,0.0,current_legal_observation,coverage_gap_constant
opponent.timing.CARROT.refresh_increment_from_fertilizer_given_water,crop_resource_timing,1,0.0,0.0,0.0,current_legal_observation,coverage_gap_constant
opponent.timing.CARROT.next_refresh_production_events,crop_resource_timing,1,0.0,0.0,0.0,current_legal_observation,coverage_gap_constant
opponent.timing.CARROT.ready_units_with_active_delivery_route,crop_resource_timing,1,0.0,0.0,0.0,current_legal_observation,coverage_gap_constant
opponent.timing.CARROT.ready_units_without_terminal_route,crop_resource_timing,1,0.0,0.0,0.0,current_legal_observation,coverage_gap_constant
opponent.timing.CARROT.water_death_tasks_unreachable_today,crop_resource_timing,1,0.0,0.0,0.0,current_legal_observation,coverage_gap_constant
opponent.timing.CARROT.decay_within_two_actions,crop_resource_timing,1,0.0,0.0,0.0,current_legal_observation,coverage_gap_constant
opponent.timing.CARROT.present,crop_resource_timing,1,0.0,0.0,0.0,current_legal_observation,coverage_gap_constant
opponent.timing.CARROT.first_maturity_actions,crop_resource_timing,1,719.0,719.0,1.0,current_legal_observation,coverage_gap_constant
opponent.timing.CARROT.known_decay_present,crop_resource_timing,1,0.0,0.0,0.0,current_legal_observation,coverage_gap_constant
opponent.timing.CARROT.first_decay_actions,crop_resource_timing,1,719.0,719.0,1.0,current_legal_observation,coverage_gap_constant
opponent.timing.CARROT.mean_worker_distance,crop_resource_timing,1,0.0,0.0,0.0,current_legal_observation,coverage_gap_constant
opponent.timing.TOMATO.capped_ready_tiles,crop_resource_timing,1,0.0,0.0,0.0,current_legal_observation,coverage_gap_constant
opponent.timing.TOMATO.avoidable_wait_unit_days,crop_resource_timing,1,0.0,0.0,0.0,current_legal_observation,coverage_gap_constant
opponent.timing.TOMATO.water_now_increment_units,crop_resource_timing,1,0.0,0.0,0.0,current_legal_observation,coverage_gap_constant
opponent.timing.TOMATO.refresh_yield_saved_by_water,crop_resource_timing,5,0.0,4.0,0.15331491712707182,current_legal_observation,provisional_not_selected
opponent.timing.TOMATO.refresh_increment_from_fertilizer_given_water,crop_resource_timing,2,0.0,1.0,0.05939226519337017,current_legal_observation,provisional_not_selected
opponent.timing.TOMATO.next_refresh_production_events,crop_resource_timing,4,0.0,3.0,0.20303867403314918,current_legal_observation,provisional_not_selected
opponent.timing.TOMATO.ready_units_with_active_delivery_route,crop_resource_timing,7,0.0,6.0,0.14986187845303867,current_legal_observation,provisional_not_selected
opponent.timing.TOMATO.ready_units_without_terminal_route,crop_resource_timing,2,0.0,2.0,0.0020718232044198894,current_legal_observation,provisional_not_selected
opponent.timing.TOMATO.water_death_tasks_unreachable_today,crop_resource_timing,1,0.0,0.0,0.0,current_legal_observation,coverage_gap_constant
opponent.timing.TOMATO.decay_within_two_actions,crop_resource_timing,3,0.0,2.0,0.012430939226519336,current_legal_observation,provisional_not_selected
opponent.timing.TOMATO.present,crop_resource_timing,2,0.0,1.0,0.44129834254143646,current_legal_observation,provisional_not_selected
opponent.timing.TOMATO.first_maturity_actions,crop_resource_timing,45,0.0,719.0,0.7914364640883977,current_legal_observation,provisional_not_selected
opponent.timing.TOMATO.known_decay_present,crop_resource_timing,2,0.0,1.0,0.08287292817679558,current_legal_observation,provisional_not_selected
opponent.timing.TOMATO.first_decay_actions,crop_resource_timing,9,0.0,719.0,0.988950276243094,current_legal_observation,provisional_not_selected
opponent.timing.TOMATO.mean_worker_distance,crop_resource_timing,20,0.0,5.0,0.4330110497237569,current_legal_observation,provisional_not_selected
opponent.timing.STRAWBERRY.capped_ready_tiles,crop_resource_timing,1,0.0,0.0,0.0,current_legal_observation,coverage_gap_constant
opponent.timing.STRAWBERRY.avoidable_wait_unit_days,crop_resource_timing,1,0.0,0.0,0.0,current_legal_observation,coverage_gap_constant
opponent.timing.STRAWBERRY.water_now_increment_units,crop_resource_timing,1,0.0,0.0,0.0,current_legal_observation,coverage_gap_constant
opponent.timing.STRAWBERRY.refresh_yield_saved_by_water,crop_resource_timing,3,0.0,2.0,0.12569060773480664,current_legal_observation,provisional_not_selected
opponent.timing.STRAWBERRY.refresh_increment_from_fertilizer_given_water,crop_resource_timing,2,0.0,1.0,0.009668508287292817,current_legal_observation,provisional_not_selected
opponent.timing.STRAWBERRY.next_refresh_production_events,crop_resource_timing,3,0.0,2.0,0.18370165745856354,current_legal_observation,provisional_not_selected
opponent.timing.STRAWBERRY.ready_units_with_active_delivery_route,crop_resource_timing,3,0.0,4.0,0.11878453038674033,current_legal_observation,provisional_not_selected
opponent.timing.STRAWBERRY.ready_units_without_terminal_route,crop_resource_timing,2,0.0,2.0,0.0013812154696132596,current_legal_observation,provisional_not_selected
opponent.timing.STRAWBERRY.water_death_tasks_unreachable_today,crop_resource_timing,1,0.0,0.0,0.0,current_legal_observation,coverage_gap_constant
opponent.timing.STRAWBERRY.decay_within_two_actions,crop_resource_timing,3,0.0,2.0,0.0055248618784530384,current_legal_observation,provisional_not_selected
opponent.timing.STRAWBERRY.present,crop_resource_timing,2,0.0,1.0,0.4861878453038674,current_legal_observation,provisional_not_selected
opponent.timing.STRAWBERRY.first_maturity_actions,crop_resource_timing,57,0.0,719.0,0.8121546961325967,current_legal_observation,provisional_not_selected
opponent.timing.STRAWBERRY.known_decay_present,crop_resource_timing,2,0.0,1.0,0.03591160220994475,current_legal_observation,provisional_not_selected
opponent.timing.STRAWBERRY.first_decay_actions,crop_resource_timing,8,0.0,719.0,0.994475138121547,current_legal_observation,provisional_not_selected
opponent.timing.STRAWBERRY.mean_worker_distance,crop_resource_timing,14,0.0,4.0,0.47306629834254144,current_legal_observation,provisional_not_selected
opponent.timing.MELON.capped_ready_tiles,crop_resource_timing,17,0.0,25.0,0.11878453038674033,current_legal_observation,provisional_not_selected
opponent.timing.MELON.avoidable_wait_unit_days,crop_resource_timing,13,0.0,252.0,0.09392265193370165,current_legal_observation,provisional_not_selected
opponent.timing.MELON.water_now_increment_units,crop_resource_timing,18,0.0,25.0,0.1850828729281768,current_legal_observation,provisional_not_selected
opponent.timing.MELON.refresh_yield_saved_by_water,crop_resource_timing,18,0.0,25.0,0.2265193370165746,current_legal_observation,provisional_not_selected
opponent.timing.MELON.refresh_increment_from_fertilizer_given_water,crop_resource_timing,19,0.0,25.0,0.16022099447513813,current_legal_observation,provisional_not_selected
opponent.timing.MELON.next_refresh_production_events,crop_resource_timing,1,0.0,0.0,0.0,current_legal_observation,coverage_gap_constant
opponent.timing.MELON.ready_units_with_active_delivery_route,crop_resource_timing,33,0.0,150.0,0.1132596685082873,current_legal_observation,provisional_not_selected
opponent.timing.MELON.ready_units_without_terminal_route,crop_resource_timing,1,0.0,0.0,0.0,current_legal_observation,coverage_gap_constant
opponent.timing.MELON.water_death_tasks_unreachable_today,crop_resource_timing,1,0.0,0.0,0.0,current_legal_observation,coverage_gap_constant
opponent.timing.MELON.decay_within_two_actions,crop_resource_timing,2,0.0,4.0,0.0027624309392265192,current_legal_observation,provisional_not_selected
opponent.timing.MELON.present,crop_resource_timing,2,0.0,1.0,0.43370165745856354,current_legal_observation,provisional_not_selected
opponent.timing.MELON.first_maturity_actions,crop_resource_timing,61,0.0,719.0,0.8701657458563536,current_legal_observation,provisional_not_selected
opponent.timing.MELON.known_decay_present,crop_resource_timing,2,0.0,1.0,0.43370165745856354,current_legal_observation,provisional_not_selected
opponent.timing.MELON.first_decay_actions,crop_resource_timing,79,0.0,719.0,0.9917127071823204,current_legal_observation,provisional_not_selected
opponent.timing.MELON.mean_worker_distance,crop_resource_timing,40,0.0,5.384615384615385,0.425414364640884,current_legal_observation,provisional_not_selected
opponent.husbandry.GOOSE.escape_prevented_by_feed,animal_feed_care_interactions,2,0.0,1.0,0.004143646408839779,current_legal_observation,provisional_not_selected
opponent.husbandry.GOOSE.refresh_units_saved_by_feed,animal_feed_care_interactions,5,0.0,6.0,0.14019337016574585,current_legal_observation,provisional_not_selected
opponent.husbandry.GOOSE.care_bank_marginal,animal_feed_care_interactions,3,0.0,2.0,0.3328729281767956,current_legal_observation,provisional_not_selected
opponent.husbandry.GOOSE.next_production_events,animal_feed_care_interactions,2,0.0,2.0,0.45027624309392267,current_legal_observation,provisional_not_selected
opponent.husbandry.GOOSE.cap_headroom,animal_feed_care_interactions,5,0.0,8.0,0.494475138121547,current_legal_observation,provisional_not_selected
opponent.husbandry.GOOSE.banked_bonus_at_risk_if_unfed,animal_feed_care_interactions,5,0.0,6.0,0.14502762430939226,current_legal_observation,provisional_not_selected
opponent.husbandry.GOOSE.next_fed_production_saturation,animal_feed_care_interactions,3,0.0,4.0,0.0055248618784530384,current_legal_observation,provisional_not_selected
opponent.husbandry.COW.escape_prevented_by_feed,animal_feed_care_interactions,3,0.0,2.0,0.011740331491712707,current_legal_observation,provisional_not_selected
opponent.husbandry.COW.refresh_units_saved_by_feed,animal_feed_care_interactions,6,0.0,10.0,0.06629834254143646,current_legal_observation,provisional_not_selected
opponent.husbandry.COW.care_bank_marginal,animal_feed_care_interactions,3,0.0,2.0,0.3611878453038674,current_legal_observation,provisional_not_selected
opponent.husbandry.COW.next_production_events,animal_feed_care_interactions,2,0.0,2.0,0.20165745856353592,current_legal_observation,provisional_not_selected
opponent.husbandry.COW.cap_headroom,animal_feed_care_interactions,5,0.0,12.0,0.4889502762430939,current_legal_observation,provisional_not_selected
opponent.husbandry.COW.banked_bonus_at_risk_if_unfed,animal_feed_care_interactions,6,0.0,10.0,0.06077348066298342,current_legal_observation,provisional_not_selected
opponent.husbandry.COW.next_fed_production_saturation,animal_feed_care_interactions,1,0.0,0.0,0.0,current_legal_observation,coverage_gap_constant
opponent.husbandry.SHEEP.escape_prevented_by_feed,animal_feed_care_interactions,2,0.0,1.0,0.006906077348066298,current_legal_observation,provisional_not_selected
opponent.husbandry.SHEEP.refresh_units_saved_by_feed,animal_feed_care_interactions,5,0.0,5.0,0.09599447513812155,current_legal_observation,provisional_not_selected
opponent.husbandry.SHEEP.care_bank_marginal,animal_feed_care_interactions,3,0.0,2.0,0.31077348066298344,current_legal_observation,provisional_not_selected
opponent.husbandry.SHEEP.next_production_events,animal_feed_care_interactions,2,0.0,1.0,0.26795580110497236,current_legal_observation,provisional_not_selected
opponent.husbandry.SHEEP.cap_headroom,animal_feed_care_interactions,6,0.0,12.0,0.494475138121547,current_legal_observation,provisional_not_selected
opponent.husbandry.SHEEP.banked_bonus_at_risk_if_unfed,animal_feed_care_interactions,5,0.0,5.0,0.09599447513812155,current_legal_observation,provisional_not_selected
opponent.husbandry.SHEEP.next_fed_production_saturation,animal_feed_care_interactions,1,0.0,0.0,0.0,current_legal_observation,coverage_gap_constant
pressure.WHEAT.own_held_and_ready_wave,market_supply_demand_interactions,31,0.0,32.0,0.9917127071823204,current_legal_observation,provisional_not_selected
pressure.WHEAT.opponent_visible_ready_units,market_supply_demand_interactions,20,0.0,20.0,0.44337016574585636,current_legal_observation,provisional_not_selected
pressure.WHEAT.wave_conditional_revenue,market_supply_demand_interactions,537,0.0,1568.0,0.9917127071823204,current_legal_observation,provisional_not_selected
pressure.WHEAT.wave_average_price,market_supply_demand_interactions,569,0.0,55.0,0.9917127071823204,current_legal_observation,provisional_not_selected
pressure.WHEAT.wave_price_impact_cost,market_supply_demand_interactions,28,0.0,28.0,0.5966850828729282,current_legal_observation,provisional_not_selected
pressure.WHEAT.known_demand_next_day,market_supply_demand_interactions,25,0.0,43.0,0.994475138121547,current_legal_observation,provisional_not_selected
pressure.WHEAT.demand_only_next_day_price_change,market_supply_demand_interactions,2,0.0,1.0,0.6367403314917127,current_legal_observation,provisional_not_selected
pressure.WHEAT.wave_minus_known_day_demand,market_supply_demand_interactions,51,-31.0,20.0,0.9650092081031307,current_legal_observation,provisional_not_selected
pressure.WHEAT.visible_rival_supply_stress_price,market_supply_demand_interactions,30,25.0,55.0,1.0,current_legal_observation,provisional_not_selected
pressure.WHEAT.wave_revenue_after_rival_supply_stress,market_supply_demand_interactions,530,0.0,1557.0,0.9917127071823204,current_legal_observation,provisional_not_selected
pressure.CARROT.own_held_and_ready_wave,market_supply_demand_interactions,1,0.0,0.0,0.0,current_legal_observation,coverage_gap_constant
pressure.CARROT.opponent_visible_ready_units,market_supply_demand_interactions,1,0.0,0.0,0.0,current_legal_observation,coverage_gap_constant
pressure.CARROT.wave_conditional_revenue,market_supply_demand_interactions,1,0.0,0.0,0.0,current_legal_observation,coverage_gap_constant
pressure.CARROT.wave_average_price,market_supply_demand_interactions,1,0.0,0.0,0.0,current_legal_observation,coverage_gap_constant
pressure.CARROT.wave_price_impact_cost,market_supply_demand_interactions,1,0.0,0.0,0.0,current_legal_observation,coverage_gap_constant
pressure.CARROT.known_demand_next_day,market_supply_demand_interactions,22,0.0,43.0,0.9875690607734806,current_legal_observation,provisional_not_selected
pressure.CARROT.demand_only_next_day_price_change,market_supply_demand_interactions,36,0.0,39.0,0.4074585635359116,current_legal_observation,provisional_not_selected
pressure.CARROT.wave_minus_known_day_demand,market_supply_demand_interactions,22,-43.0,0.0,0.9875690607734806,current_legal_observation,provisional_not_selected
pressure.CARROT.visible_rival_supply_stress_price,market_supply_demand_interactions,80,35.0,235.0,1.0,current_legal_observation,provisional_not_selected
pressure.CARROT.wave_revenue_after_rival_supply_stress,market_supply_demand_interactions,1,0.0,0.0,0.0,current_legal_observation,coverage_gap_constant
pressure.TOMATO.own_held_and_ready_wave,market_supply_demand_interactions,13,0.0,12.0,0.39986187845303867,current_legal_observation,provisional_not_selected
pressure.TOMATO.opponent_visible_ready_units,market_supply_demand_interactions,7,0.0,6.0,0.1664364640883978,current_legal_observation,provisional_not_selected
pressure.TOMATO.wave_conditional_revenue,market_supply_demand_interactions,267,0.0,979.0,0.39986187845303867,current_legal_observation,provisional_not_selected
pressure.TOMATO.wave_average_price,market_supply_demand_interactions,255,0.0,289.0,0.39986187845303867,current_legal_observation,provisional_not_selected
pressure.TOMATO.wave_price_impact_cost,market_supply_demand_interactions,21,0.0,35.0,0.2085635359116022,current_legal_observation,provisional_not_selected
pressure.TOMATO.known_demand_next_day,market_supply_demand_interactions,18,0.0,31.0,0.994475138121547,current_legal_observation,provisional_not_selected
pressure.TOMATO.demand_only_next_day_price_change,market_supply_demand_interactions,66,0.0,75.0,0.7382596685082873,current_legal_observation,provisional_not_selected
pressure.TOMATO.wave_minus_known_day_demand,market_supply_demand_interactions,31,-31.0,11.0,0.9958563535911602,current_legal_observation,provisional_not_selected
pressure.TOMATO.visible_rival_supply_stress_price,market_supply_demand_interactions,152,46.0,434.0,1.0,current_legal_observation,provisional_not_selected
pressure.TOMATO.wave_revenue_after_rival_supply_stress,market_supply_demand_interactions,265,0.0,965.0,0.39986187845303867,current_legal_observation,provisional_not_selected
pressure.STRAWBERRY.own_held_and_ready_wave,market_supply_demand_interactions,4,0.0,6.0,0.35151933701657456,current_legal_observation,provisional_not_selected
pressure.STRAWBERRY.opponent_visible_ready_units,market_supply_demand_interactions,3,0.0,4.0,0.12223756906077347,current_legal_observation,provisional_not_selected
pressure.STRAWBERRY.wave_conditional_revenue,market_supply_demand_interactions,319,0.0,1312.0,0.35151933701657456,current_legal_observation,provisional_not_selected
pressure.STRAWBERRY.wave_average_price,market_supply_demand_interactions,258,0.0,328.0,0.35151933701657456,current_legal_observation,provisional_not_selected
pressure.STRAWBERRY.wave_price_impact_cost,market_supply_demand_interactions,22,0.0,52.0,0.2578268876611418,current_legal_observation,provisional_not_selected
pressure.STRAWBERRY.known_demand_next_day,market_supply_demand_interactions,22,0.0,37.0,0.994475138121547,current_legal_observation,provisional_not_selected
pressure.STRAWBERRY.demand_only_next_day_price_change,market_supply_demand_interactions,15,0.0,16.0,0.9937845303867403,current_legal_observation,provisional_not_selected
pressure.STRAWBERRY.wave_minus_known_day_demand,market_supply_demand_interactions,34,-37.0,5.0,0.9965469613259669,current_legal_observation,provisional_not_selected
pressure.STRAWBERRY.visible_rival_supply_stress_price,market_supply_demand_interactions,190,116.0,328.0,1.0,current_legal_observation,provisional_not_selected
pressure.STRAWBERRY.wave_revenue_after_rival_supply_stress,market_supply_demand_interactions,331,0.0,1312.0,0.35151933701657456,current_legal_observation,provisional_not_selected
pressure.MELON.own_held_and_ready_wave,market_supply_demand_interactions,1,0.0,0.0,0.0,current_legal_observation,coverage_gap_constant
pressure.MELON.opponent_visible_ready_units,market_supply_demand_interactions,30,0.0,150.0,0.1298342541436464,current_legal_observation,provisional_not_selected
pressure.MELON.wave_conditional_revenue,market_supply_demand_interactions,1,0.0,0.0,0.0,current_legal_observation,coverage_gap_constant
pressure.MELON.wave_average_price,market_supply_demand_interactions,1,0.0,0.0,0.0,current_legal_observation,coverage_gap_constant
pressure.MELON.wave_price_impact_cost,market_supply_demand_interactions,1,0.0,0.0,0.0,current_legal_observation,coverage_gap_constant
pressure.MELON.known_demand_next_day,market_supply_demand_interactions,2,0.0,1.0,0.9668508287292817,current_legal_observation,provisional_not_selected
pressure.MELON.demand_only_next_day_price_change,market_supply_demand_interactions,6,0.0,6.0,0.7679558011049724,current_legal_observation,provisional_not_selected
pressure.MELON.wave_minus_known_day_demand,market_supply_demand_interactions,2,-1.0,0.0,0.9668508287292817,current_legal_observation,provisional_not_selected
pressure.MELON.visible_rival_supply_stress_price,market_supply_demand_interactions,50,1.0,280.0,1.0,current_legal_observation,provisional_not_selected
pressure.MELON.wave_revenue_after_rival_supply_stress,market_supply_demand_interactions,1,0.0,0.0,0.0,current_legal_observation,coverage_gap_constant
pressure.EGG.own_held_and_ready_wave,market_supply_demand_interactions,10,0.0,12.0,0.8547421731123389,current_legal_observation,provisional_not_selected
pressure.EGG.opponent_visible_ready_units,market_supply_demand_interactions,5,0.0,8.0,0.15400552486187846,current_legal_observation,provisional_not_selected
pressure.EGG.wave_conditional_revenue,market_supply_demand_interactions,197,0.0,586.0,0.8547421731123389,current_legal_observation,provisional_not_selected
pressure.EGG.wave_average_price,market_supply_demand_interactions,123,0.0,67.5,0.8547421731123389,current_legal_observation,provisional_not_selected
pressure.EGG.wave_price_impact_cost,market_supply_demand_interactions,11,0.0,14.0,0.2322744014732965,current_legal_observation,provisional_not_selected
pressure.EGG.known_demand_next_day,market_supply_demand_interactions,18,0.0,25.0,0.9910220994475138,current_legal_observation,provisional_not_selected
pressure.EGG.demand_only_next_day_price_change,market_supply_demand_interactions,6,0.0,5.0,0.5177255985267035,current_legal_observation,provisional_not_selected
pressure.EGG.wave_minus_known_day_demand,market_supply_demand_interactions,32,-23.0,11.0,0.9921731123388582,current_legal_observation,provisional_not_selected
pressure.EGG.visible_rival_supply_stress_price,market_supply_demand_interactions,27,42.0,68.0,1.0,current_legal_observation,provisional_not_selected
pressure.EGG.wave_revenue_after_rival_supply_stress,market_supply_demand_interactions,192,0.0,586.0,0.8547421731123389,current_legal_observation,provisional_not_selected
pressure.MILK.own_held_and_ready_wave,market_supply_demand_interactions,5,0.0,12.0,0.38743093922651933,current_legal_observation,provisional_not_selected
pressure.MILK.opponent_visible_ready_units,market_supply_demand_interactions,5,0.0,12.0,0.06767955801104972,current_legal_observation,provisional_not_selected
pressure.MILK.wave_conditional_revenue,market_supply_demand_interactions,342,0.0,2668.0,0.38743093922651933,current_legal_observation,provisional_not_selected
pressure.MILK.wave_average_price,market_supply_demand_interactions,333,0.0,358.0,0.38743093922651933,current_legal_observation,provisional_not_selected
pressure.MILK.wave_price_impact_cost,market_supply_demand_interactions,50,0.0,171.0,0.3777624309392265,current_legal_observation,provisional_not_selected
pressure.MILK.known_demand_next_day,market_supply_demand_interactions,18,0.0,31.0,0.994475138121547,current_legal_observation,provisional_not_selected
pressure.MILK.demand_only_next_day_price_change,market_supply_demand_interactions,29,0.0,36.0,0.9937845303867403,current_legal_observation,provisional_not_selected
pressure.MILK.wave_minus_known_day_demand,market_supply_demand_interactions,24,-31.0,11.0,0.994475138121547,current_legal_observation,provisional_not_selected
pressure.MILK.visible_rival_supply_stress_price,market_supply_demand_interactions,230,34.0,364.0,1.0,current_legal_observation,provisional_not_selected
pressure.MILK.wave_revenue_after_rival_supply_stress,market_supply_demand_interactions,346,0.0,2668.0,0.38743093922651933,current_legal_observation,provisional_not_selected
pressure.WOOL.own_held_and_ready_wave,market_supply_demand_interactions,8,0.0,10.0,0.46892265193370164,current_legal_observation,provisional_not_selected
pressure.WOOL.opponent_visible_ready_units,market_supply_demand_interactions,5,0.0,6.0,0.09668508287292818,current_legal_observation,provisional_not_selected
pressure.WOOL.wave_conditional_revenue,market_supply_demand_interactions,159,0.0,2038.0,0.46892265193370164,current_legal_observation,provisional_not_selected
pressure.WOOL.wave_average_price,market_supply_demand_interactions,151,0.0,247.0,0.46892265193370164,current_legal_observation,provisional_not_selected
pressure.WOOL.wave_price_impact_cost,market_supply_demand_interactions,39,0.0,130.0,0.3611878453038674,current_legal_observation,provisional_not_selected
pressure.WOOL.known_demand_next_day,market_supply_demand_interactions,12,0.0,25.0,0.9910220994475138,current_legal_observation,provisional_not_selected
pressure.WOOL.demand_only_next_day_price_change,market_supply_demand_interactions,54,0.0,77.0,0.8961786372007366,current_legal_observation,provisional_not_selected
pressure.WOOL.wave_minus_known_day_demand,market_supply_demand_interactions,25,-25.0,9.0,0.9910220994475138,current_legal_observation,provisional_not_selected
pressure.WOOL.visible_rival_supply_stress_price,market_supply_demand_interactions,92,1.0,247.0,1.0,current_legal_observation,provisional_not_selected
pressure.WOOL.wave_revenue_after_rival_supply_stress,market_supply_demand_interactions,164,0.0,2038.0,0.46892265193370164,current_legal_observation,provisional_not_selected
pressure.FERTILIZER.own_held_and_ready_wave,market_supply_demand_interactions,8,0.0,7.0,0.8793738489871087,current_legal_observation,provisional_not_selected
pressure.FERTILIZER.opponent_visible_ready_units,market_supply_demand_interactions,1,0.0,0.0,0.0,current_legal_observation,coverage_gap_constant
pressure.FERTILIZER.wave_conditional_revenue,market_supply_demand_interactions,333,0.0,641.0,0.8793738489871087,current_legal_observation,provisional_not_selected
pressure.FERTILIZER.wave_average_price,market_supply_demand_interactions,262,0.0,100.0,0.8793738489871087,current_legal_observation,provisional_not_selected
pressure.FERTILIZER.wave_price_impact_cost,market_supply_demand_interactions,6,0.0,5.0,0.4270257826887661,current_legal_observation,provisional_not_selected
pressure.FERTILIZER.known_demand_next_day,market_supply_demand_interactions,1,0.0,0.0,0.0,current_legal_observation,coverage_gap_constant
pressure.FERTILIZER.demand_only_next_day_price_change,market_supply_demand_interactions,1,0.0,0.0,0.0,current_legal_observation,coverage_gap_constant
pressure.FERTILIZER.wave_minus_known_day_demand,market_supply_demand_interactions,8,0.0,7.0,0.8793738489871087,current_legal_observation,provisional_not_selected
pressure.FERTILIZER.visible_rival_supply_stress_price,market_supply_demand_interactions,52,49.0,100.0,1.0,current_legal_observation,provisional_not_selected
pressure.FERTILIZER.wave_revenue_after_rival_supply_stress,market_supply_demand_interactions,333,0.0,641.0,0.8793738489871087,current_legal_observation,provisional_not_selected
interactions.water_bonus_under_overflow_pressure,cross_resource_interactions,1,0.0,0.0,0.0,current_legal_observation,coverage_gap_constant
interactions.capacity_pressure_per_worker,cross_resource_interactions,1,0.0,0.0,0.0,current_legal_observation,coverage_gap_constant
interactions.ready_units_per_worker_turn_today,cross_resource_interactions,91,0.0,2.0,0.8970994475138122,current_legal_observation,provisional_not_selected
interactions.terminal_carry_at_risk,cross_resource_interactions,9,0.0,12.0,0.004373848987108656,current_legal_observation,provisional_not_selected
history.lag1.available,causal_market_history,2,0.0,1.0,0.994475138121547,current_and_past_legal_observations,provisional_not_selected
history.lag1.cash_change,causal_market_history,203,-400.0,2104.0,0.36095764272559855,current_and_past_legal_observations,provisional_not_selected
history.lag1.WHEAT.inventory_change,causal_market_history,15,-6.0,10.0,0.24171270718232044,current_and_past_legal_observations,provisional_not_selected
history.lag1.WHEAT.price_log_change,causal_market_history,22,-0.03077165866675366,0.03636764417087479,0.025552486187845305,current_and_past_legal_observations,provisional_not_selected
history.lag1.CARROT.inventory_change,causal_market_history,1,0.0,0.0,0.0,current_and_past_legal_observations,coverage_gap_constant
history.lag1.CARROT.price_log_change,causal_market_history,1,0.0,0.0,0.0,current_and_past_legal_observations,coverage_gap_constant
history.lag1.TOMATO.inventory_change,causal_market_history,3,0.0,4.0,0.0055248618784530384,current_and_past_legal_observations,provisional_not_selected
history.lag1.TOMATO.price_log_change,causal_market_history,6,-0.02127739844728485,0.0,0.003453038674033149,current_and_past_legal_observations,provisional_not_selected
history.lag1.STRAWBERRY.inventory_change,causal_market_history,3,0.0,4.0,0.010128913443830571,current_and_past_legal_observations,provisional_not_selected
history.lag1.STRAWBERRY.price_log_change,causal_market_history,16,-0.01739174271186922,0.0,0.008517495395948435,current_and_past_legal_observations,provisional_not_selected
history.lag1.MELON.inventory_change,causal_market_history,2,0.0,18.0,0.0027624309392265192,current_and_past_legal_observations,provisional_not_selected
history.lag1.MELON.price_log_change,causal_market_history,2,-0.19885085874516517,0.0,0.0027624309392265192,current_and_past_legal_observations,provisional_not_selected
history.lag1.EGG.inventory_change,causal_market_history,6,0.0,8.0,0.024631675874769797,current_and_past_legal_observations,provisional_not_selected
history.lag1.EGG.price_log_change,causal_market_history,8,-0.040821994520255166,0.0,0.005985267034990792,current_and_past_legal_observations,provisional_not_selected
history.lag1.MILK.inventory_change,causal_market_history,4,0.0,12.0,0.023480662983425413,current_and_past_legal_observations,provisional_not_selected
history.lag1.MILK.price_log_change,causal_market_history,33,-0.3532793549375942,0.0,0.022790055248618785,current_and_past_legal_observations,provisional_not_selected
history.lag1.WOOL.inventory_change,causal_market_history,4,0.0,12.0,0.014042357274401474,current_and_past_legal_observations,provisional_not_selected
history.lag1.WOOL.price_log_change,causal_market_history,14,-0.17988550199607356,0.0,0.012430939226519336,current_and_past_legal_observations,provisional_not_selected
history.lag1.FERTILIZER.inventory_change,causal_market_history,6,0.0,6.0,0.06606813996316759,current_and_past_legal_observations,provisional_not_selected
history.lag1.FERTILIZER.price_log_change,causal_market_history,23,-0.019802627296179754,0.0,0.017955801104972375,current_and_past_legal_observations,provisional_not_selected
history.lag24.available,causal_market_history,2,0.0,1.0,0.9668508287292817,current_and_past_legal_observations,provisional_not_selected
history.lag24.cash_change,causal_market_history,999,-2824.0,6758.0,0.9668508287292817,current_and_past_legal_observations,provisional_not_selected
history.lag24.WHEAT.inventory_change,causal_market_history,62,-55.0,17.0,0.9661602209944752,current_and_past_legal_observations,provisional_not_selected
history.lag24.WHEAT.price_log_change,causal_market_history,43,-0.03077165866675366,0.2151113796169455,0.7361878453038674,current_and_past_legal_observations,provisional_not_selected
history.lag24.CARROT.inventory_change,causal_market_history,29,-43.0,0.0,0.9668508287292817,current_and_past_legal_observations,provisional_not_selected
history.lag24.CARROT.price_log_change,causal_market_history,111,0.0,0.19621066895462183,0.4053867403314917,current_and_past_legal_observations,provisional_not_selected
history.lag24.TOMATO.inventory_change,causal_market_history,41,-31.0,11.0,0.9654696132596685,current_and_past_legal_observations,provisional_not_selected
history.lag24.TOMATO.price_log_change,causal_market_history,268,-0.12188981760903689,0.22143268691058032,0.6857734806629834,current_and_past_legal_observations,provisional_not_selected
history.lag24.STRAWBERRY.inventory_change,causal_market_history,42,-37.0,7.0,0.9661602209944752,current_and_past_legal_observations,provisional_not_selected
history.lag24.STRAWBERRY.price_log_change,causal_market_history,579,-0.07723134793599017,0.08515780834030677,0.9571823204419889,current_and_past_legal_observations,provisional_not_selected
history.lag24.MELON.inventory_change,causal_market_history,9,-1.0,99.0,0.9585635359116023,current_and_past_legal_observations,provisional_not_selected
history.lag24.MELON.price_log_change,causal_market_history,40,-5.0106352940962555,1.3862943611198906,0.7596685082872928,current_and_past_legal_observations,provisional_not_selected
history.lag24.EGG.inventory_change,causal_market_history,34,-25.0,15.0,0.9592541436464088,current_and_past_legal_observations,provisional_not_selected
history.lag24.EGG.price_log_change,causal_market_history,57,-0.08338160893905101,0.083381608939051,0.406767955801105,current_and_past_legal_observations,provisional_not_selected
history.lag24.MILK.inventory_change,causal_market_history,44,-31.0,23.0,0.9654696132596685,current_and_past_legal_observations,provisional_not_selected
history.lag24.MILK.price_log_change,causal_market_history,611,-0.3983476403393005,0.3184537311185346,0.9502762430939227,current_and_past_legal_observations,provisional_not_selected
history.lag24.WOOL.inventory_change,causal_market_history,19,-25.0,15.0,0.9668508287292817,current_and_past_legal_observations,provisional_not_selected
history.lag24.WOOL.price_log_change,causal_market_history,252,-2.2823823856765264,2.667228206581955,0.8326427255985267,current_and_past_legal_observations,provisional_not_selected
history.lag24.FERTILIZER.inventory_change,causal_market_history,20,0.0,20.0,0.9378453038674033,current_and_past_legal_observations,provisional_not_selected
history.lag24.FERTILIZER.price_log_change,causal_market_history,111,-0.07847161544149521,0.0,0.8519797421731123,current_and_past_legal_observations,provisional_not_selected
market_plan.WHEAT.own_ready_units,post_decision_inventory,20,0.0,20.0,0.880524861878453,current_legal_observation,provisional_not_selected
market_plan.WHEAT.rival_ready_units,post_decision_inventory,20,0.0,20.0,0.44337016574585636,current_legal_observation,provisional_not_selected
market_plan.WHEAT.shed_units,post_decision_inventory,19,0.0,20.0,0.7790055248618785,current_legal_observation,provisional_not_selected
market_plan.WHEAT.carried_units,post_decision_inventory,21,0.0,20.0,0.8121546961325967,current_legal_observation,provisional_not_selected
market_plan.WHEAT.conditional_quantity,post_decision_inventory,31,0.0,32.0,0.9917127071823204,current_legal_observation,provisional_not_selected
market_plan.WHEAT.rival_earliest_delivery,post_decision_inventory,5,4.0,719.0,1.0,current_legal_observation,provisional_not_selected
market_plan.WHEAT.immediate_revenue,post_decision_inventory,537,0.0,1568.0,0.9917127071823204,current_legal_observation,provisional_not_selected
market_plan.WHEAT.h4.available,conditional_market_paths,2,0.0,1.0,0.988950276243094,current_legal_observation,provisional_not_selected
market_plan.WHEAT.h4.known_demand,conditional_market_paths,9,0.0,8.0,0.875,current_legal_observation,provisional_not_selected
market_plan.WHEAT.h4.demand_only_inventory,conditional_market_paths,611,0.0,9999.0,0.988950276243094,current_legal_observation,provisional_not_selected
market_plan.WHEAT.h4.demand_only_price,conditional_market_paths,31,0.0,55.0,0.988950276243094,current_legal_observation,provisional_not_selected
market_plan.WHEAT.h4.quiet_revenue,conditional_market_paths,551,0.0,1568.0,0.983195211786372,current_legal_observation,provisional_not_selected
market_plan.WHEAT.h4.rival_stress_revenue,conditional_market_paths,553,0.0,1568.0,0.983195211786372,current_legal_observation,provisional_not_selected
market_plan.WHEAT.h4.rival_penalty,conditional_market_paths,16,0.0,18.0,0.10220994475138122,current_legal_observation,provisional_not_selected
market_plan.WHEAT.h4.quiet_holding_premium,conditional_market_paths,9,0.0,8.0,0.5969152854511971,current_legal_observation,provisional_not_selected
market_plan.WHEAT.h12.available,conditional_market_paths,2,0.0,1.0,0.9779005524861878,current_legal_observation,provisional_not_selected
market_plan.WHEAT.h12.known_demand,conditional_market_paths,16,0.0,22.0,0.9095303867403315,current_legal_observation,provisional_not_selected
market_plan.WHEAT.h12.demand_only_inventory,conditional_market_paths,607,0.0,9999.0,0.9779005524861878,current_legal_observation,provisional_not_selected
market_plan.WHEAT.h12.demand_only_price,conditional_market_paths,31,0.0,55.0,0.9779005524861878,current_legal_observation,provisional_not_selected
market_plan.WHEAT.h12.quiet_revenue,conditional_market_paths,528,0.0,1576.0,0.9723756906077348,current_legal_observation,provisional_not_selected
market_plan.WHEAT.h12.rival_stress_revenue,conditional_market_paths,533,0.0,1568.0,0.9723756906077348,current_legal_observation,provisional_not_selected
market_plan.WHEAT.h12.rival_penalty,conditional_market_paths,20,0.0,20.0,0.3236648250460405,current_legal_observation,provisional_not_selected
market_plan.WHEAT.h12.quiet_holding_premium,conditional_market_paths,22,0.0,21.0,0.7958103130755064,current_legal_observation,provisional_not_selected
market_plan.WHEAT.h24.available,conditional_market_paths,2,0.0,1.0,0.9613259668508287,current_legal_observation,provisional_not_selected
market_plan.WHEAT.h24.known_demand,conditional_market_paths,9,0.0,43.0,0.9613259668508287,current_legal_observation,provisional_not_selected
market_plan.WHEAT.h24.demand_only_inventory,conditional_market_paths,579,0.0,9999.0,0.9613259668508287,current_legal_observation,provisional_not_selected
market_plan.WHEAT.h24.demand_only_price,conditional_market_paths,31,0.0,55.0,0.9613259668508287,current_legal_observation,provisional_not_selected
market_plan.WHEAT.h24.quiet_revenue,conditional_market_paths,510,0.0,1592.0,0.9558011049723757,current_legal_observation,provisional_not_selected
market_plan.WHEAT.h24.rival_stress_revenue,conditional_market_paths,517,0.0,1572.0,0.9558011049723757,current_legal_observation,provisional_not_selected
market_plan.WHEAT.h24.rival_penalty,conditional_market_paths,18,0.0,20.0,0.332182320441989,current_legal_observation,provisional_not_selected
market_plan.WHEAT.h24.quiet_holding_premium,conditional_market_paths,30,0.0,29.0,0.9516574585635359,current_legal_observation,provisional_not_selected
market_plan.CARROT.own_ready_units,post_decision_inventory,1,0.0,0.0,0.0,current_legal_observation,coverage_gap_constant
market_plan.CARROT.rival_ready_units,post_decision_inventory,1,0.0,0.0,0.0,current_legal_observation,coverage_gap_constant
market_plan.CARROT.shed_units,post_decision_inventory,1,0.0,0.0,0.0,current_legal_observation,coverage_gap_constant
market_plan.CARROT.carried_units,post_decision_inventory,1,0.0,0.0,0.0,current_legal_observation,coverage_gap_constant
market_plan.CARROT.conditional_quantity,post_decision_inventory,1,0.0,0.0,0.0,current_legal_observation,coverage_gap_constant
market_plan.CARROT.rival_earliest_delivery,post_decision_inventory,1,719.0,719.0,1.0,current_legal_observation,coverage_gap_constant
market_plan.CARROT.immediate_revenue,post_decision_inventory,1,0.0,0.0,0.0,current_legal_observation,coverage_gap_constant
market_plan.CARROT.h4.available,conditional_market_paths,2,0.0,1.0,0.988950276243094,current_legal_observation,provisional_not_selected
market_plan.CARROT.h4.known_demand,conditional_market_paths,9,0.0,8.0,0.5656077348066298,current_legal_observation,provisional_not_selected
market_plan.CARROT.h4.demand_only_inventory,conditional_market_paths,306,0.0,9999.0,0.988950276243094,current_legal_observation,provisional_not_selected
market_plan.CARROT.h4.demand_only_price,conditional_market_paths,80,0.0,228.0,0.988950276243094,current_legal_observation,provisional_not_selected
market_plan.CARROT.h4.quiet_revenue,conditional_market_paths,1,0.0,0.0,0.0,current_legal_observation,coverage_gap_constant
market_plan.CARROT.h4.rival_stress_revenue,conditional_market_paths,1,0.0,0.0,0.0,current_legal_observation,coverage_gap_constant
market_plan.CARROT.h4.rival_penalty,conditional_market_paths,1,0.0,0.0,0.0,current_legal_observation,coverage_gap_constant
market_plan.CARROT.h4.quiet_holding_premium,conditional_market_paths,1,0.0,0.0,0.0,current_legal_observation,coverage_gap_constant
market_plan.CARROT.h12.available,conditional_market_paths,2,0.0,1.0,0.9779005524861878,current_legal_observation,provisional_not_selected
market_plan.CARROT.h12.known_demand,conditional_market_paths,14,0.0,22.0,0.7244475138121547,current_legal_observation,provisional_not_selected
market_plan.CARROT.h12.demand_only_inventory,conditional_market_paths,306,0.0,9999.0,0.9779005524861878,current_legal_observation,provisional_not_selected
market_plan.CARROT.h12.demand_only_price,conditional_market_paths,80,0.0,228.0,0.9779005524861878,current_legal_observation,provisional_not_selected
market_plan.CARROT.h12.quiet_revenue,conditional_market_paths,1,0.0,0.0,0.0,current_legal_observation,coverage_gap_constant
market_plan.CARROT.h12.rival_stress_revenue,conditional_market_paths,1,0.0,0.0,0.0,current_legal_observation,coverage_gap_constant
market_plan.CARROT.h12.rival_penalty,conditional_market_paths,1,0.0,0.0,0.0,current_legal_observation,coverage_gap_constant
market_plan.CARROT.h12.quiet_holding_premium,conditional_market_paths,1,0.0,0.0,0.0,current_legal_observation,coverage_gap_constant
market_plan.CARROT.h24.available,conditional_market_paths,2,0.0,1.0,0.9613259668508287,current_legal_observation,provisional_not_selected
market_plan.CARROT.h24.known_demand,conditional_market_paths,8,0.0,43.0,0.9613259668508287,current_legal_observation,provisional_not_selected
market_plan.CARROT.h24.demand_only_inventory,conditional_market_paths,306,0.0,9999.0,0.9613259668508287,current_legal_observation,provisional_not_selected
market_plan.CARROT.h24.demand_only_price,conditional_market_paths,80,0.0,228.0,0.9613259668508287,current_legal_observation,provisional_not_selected
market_plan.CARROT.h24.quiet_revenue,conditional_market_paths,1,0.0,0.0,0.0,current_legal_observation,coverage_gap_constant
market_plan.CARROT.h24.rival_stress_revenue,conditional_market_paths,1,0.0,0.0,0.0,current_legal_observation,coverage_gap_constant
market_plan.CARROT.h24.rival_penalty,conditional_market_paths,1,0.0,0.0,0.0,current_legal_observation,coverage_gap_constant
market_plan.CARROT.h24.quiet_holding_premium,conditional_market_paths,1,0.0,0.0,0.0,current_legal_observation,coverage_gap_constant
market_plan.TOMATO.own_ready_units,post_decision_inventory,7,0.0,6.0,0.32136279926335176,current_legal_observation,provisional_not_selected
market_plan.TOMATO.rival_ready_units,post_decision_inventory,7,0.0,6.0,0.1664364640883978,current_legal_observation,provisional_not_selected
market_plan.TOMATO.shed_units,post_decision_inventory,7,0.0,6.0,0.05386740331491713,current_legal_observation,provisional_not_selected
market_plan.TOMATO.carried_units,post_decision_inventory,7,0.0,6.0,0.1171731123388582,current_legal_observation,provisional_not_selected
market_plan.TOMATO.conditional_quantity,post_decision_inventory,13,0.0,12.0,0.39986187845303867,current_legal_observation,provisional_not_selected
market_plan.TOMATO.rival_earliest_delivery,post_decision_inventory,10,2.0,719.0,1.0,current_legal_observation,provisional_not_selected
market_plan.TOMATO.immediate_revenue,post_decision_inventory,267,0.0,979.0,0.39986187845303867,current_legal_observation,provisional_not_selected
market_plan.TOMATO.h4.available,conditional_market_paths,2,0.0,1.0,0.988950276243094,current_legal_observation,provisional_not_selected
market_plan.TOMATO.h4.known_demand,conditional_market_paths,7,0.0,6.0,0.7714088397790055,current_legal_observation,provisional_not_selected
market_plan.TOMATO.h4.demand_only_inventory,conditional_market_paths,372,0.0,10030.0,0.988950276243094,current_legal_observation,provisional_not_selected
market_plan.TOMATO.h4.demand_only_price,conditional_market_paths,149,0.0,422.0,0.988950276243094,current_legal_observation,provisional_not_selected
market_plan.TOMATO.h4.quiet_revenue,conditional_market_paths,264,0.0,1025.0,0.39433701657458564,current_legal_observation,provisional_not_selected
market_plan.TOMATO.h4.rival_stress_revenue,conditional_market_paths,264,0.0,1025.0,0.39433701657458564,current_legal_observation,provisional_not_selected
market_plan.TOMATO.h4.rival_penalty,conditional_market_paths,4,0.0,5.0,0.009668508287292817,current_legal_observation,provisional_not_selected
market_plan.TOMATO.h4.quiet_holding_premium,conditional_market_paths,26,0.0,46.0,0.2548342541436464,current_legal_observation,provisional_not_selected
market_plan.TOMATO.h12.available,conditional_market_paths,2,0.0,1.0,0.9779005524861878,current_legal_observation,provisional_not_selected
market_plan.TOMATO.h12.known_demand,conditional_market_paths,12,0.0,16.0,0.8473756906077348,current_legal_observation,provisional_not_selected
market_plan.TOMATO.h12.demand_only_inventory,conditional_market_paths,366,0.0,10030.0,0.9779005524861878,current_legal_observation,provisional_not_selected
market_plan.TOMATO.h12.demand_only_price,conditional_market_paths,148,0.0,422.0,0.9779005524861878,current_legal_observation,provisional_not_selected
market_plan.TOMATO.h12.quiet_revenue,conditional_market_paths,267,0.0,1105.0,0.3888121546961326,current_legal_observation,provisional_not_selected
market_plan.TOMATO.h12.rival_stress_revenue,conditional_market_paths,273,0.0,1088.0,0.3888121546961326,current_legal_observation,provisional_not_selected
market_plan.TOMATO.h12.rival_penalty,conditional_market_paths,25,0.0,45.0,0.11464088397790055,current_legal_observation,provisional_not_selected
market_plan.TOMATO.h12.quiet_holding_premium,conditional_market_paths,58,0.0,126.0,0.3349447513812155,current_legal_observation,provisional_not_selected
market_plan.TOMATO.h24.available,conditional_market_paths,2,0.0,1.0,0.9613259668508287,current_legal_observation,provisional_not_selected
market_plan.TOMATO.h24.known_demand,conditional_market_paths,7,0.0,31.0,0.9613259668508287,current_legal_observation,provisional_not_selected
market_plan.TOMATO.h24.demand_only_inventory,conditional_market_paths,366,0.0,10029.0,0.9613259668508287,current_legal_observation,provisional_not_selected
market_plan.TOMATO.h24.demand_only_price,conditional_market_paths,152,0.0,422.0,0.9613259668508287,current_legal_observation,provisional_not_selected
market_plan.TOMATO.h24.quiet_revenue,conditional_market_paths,268,0.0,1236.0,0.380524861878453,current_legal_observation,provisional_not_selected
market_plan.TOMATO.h24.rival_stress_revenue,conditional_market_paths,271,0.0,1218.0,0.380524861878453,current_legal_observation,provisional_not_selected
market_plan.TOMATO.h24.rival_penalty,conditional_market_paths,28,0.0,45.0,0.11395027624309392,current_legal_observation,provisional_not_selected
market_plan.TOMATO.h24.quiet_holding_premium,conditional_market_paths,93,0.0,257.0,0.36187845303867405,current_legal_observation,provisional_not_selected
market_plan.STRAWBERRY.own_ready_units,post_decision_inventory,3,0.0,4.0,0.23181399631675875,current_legal_observation,provisional_not_selected
market_plan.STRAWBERRY.rival_ready_units,post_decision_inventory,3,0.0,4.0,0.12223756906077347,current_legal_observation,provisional_not_selected
market_plan.STRAWBERRY.shed_units,post_decision_inventory,3,0.0,4.0,0.03591160220994475,current_legal_observation,provisional_not_selected
market_plan.STRAWBERRY.carried_units,post_decision_inventory,3,0.0,4.0,0.13789134438305709,current_legal_observation,provisional_not_selected
market_plan.STRAWBERRY.conditional_quantity,post_decision_inventory,4,0.0,6.0,0.35151933701657456,current_legal_observation,provisional_not_selected
market_plan.STRAWBERRY.rival_earliest_delivery,post_decision_inventory,8,2.0,719.0,1.0,current_legal_observation,provisional_not_selected
market_plan.STRAWBERRY.immediate_revenue,post_decision_inventory,319,0.0,1312.0,0.35151933701657456,current_legal_observation,provisional_not_selected
market_plan.STRAWBERRY.h4.available,conditional_market_paths,2,0.0,1.0,0.988950276243094,current_legal_observation,provisional_not_selected
market_plan.STRAWBERRY.h4.known_demand,conditional_market_paths,8,0.0,7.0,0.8335635359116023,current_legal_observation,provisional_not_selected
market_plan.STRAWBERRY.h4.demand_only_inventory,conditional_market_paths,387,0.0,9999.0,0.988950276243094,current_legal_observation,provisional_not_selected
market_plan.STRAWBERRY.h4.demand_only_price,conditional_market_paths,187,0.0,327.0,0.988950276243094,current_legal_observation,provisional_not_selected
market_plan.STRAWBERRY.h4.quiet_revenue,conditional_market_paths,308,0.0,1313.0,0.3425414364640884,current_legal_observation,provisional_not_selected
market_plan.STRAWBERRY.h4.rival_stress_revenue,conditional_market_paths,308,0.0,1313.0,0.3425414364640884,current_legal_observation,provisional_not_selected
market_plan.STRAWBERRY.h4.rival_penalty,conditional_market_paths,4,0.0,12.0,0.0020718232044198894,current_legal_observation,provisional_not_selected
market_plan.STRAWBERRY.h4.quiet_holding_premium,conditional_market_paths,20,0.0,42.0,0.3349447513812155,current_legal_observation,provisional_not_selected
market_plan.STRAWBERRY.h12.available,conditional_market_paths,2,0.0,1.0,0.9779005524861878,current_legal_observation,provisional_not_selected
market_plan.STRAWBERRY.h12.known_demand,conditional_market_paths,14,0.0,19.0,0.8846685082872928,current_legal_observation,provisional_not_selected
market_plan.STRAWBERRY.h12.demand_only_inventory,conditional_market_paths,385,0.0,9999.0,0.9779005524861878,current_legal_observation,provisional_not_selected
market_plan.STRAWBERRY.h12.demand_only_price,conditional_market_paths,188,0.0,327.0,0.9779005524861878,current_legal_observation,provisional_not_selected
market_plan.STRAWBERRY.h12.quiet_revenue,conditional_market_paths,309,0.0,1321.0,0.3314917127071823,current_legal_observation,provisional_not_selected
market_plan.STRAWBERRY.h12.rival_stress_revenue,conditional_market_paths,318,0.0,1321.0,0.3314917127071823,current_legal_observation,provisional_not_selected
market_plan.STRAWBERRY.h12.rival_penalty,conditional_market_paths,27,0.0,68.0,0.11671270718232044,current_legal_observation,provisional_not_selected
market_plan.STRAWBERRY.h12.quiet_holding_premium,conditional_market_paths,39,0.0,68.0,0.32734806629834257,current_legal_observation,provisional_not_selected
market_plan.STRAWBERRY.h24.available,conditional_market_paths,2,0.0,1.0,0.9613259668508287,current_legal_observation,provisional_not_selected
market_plan.STRAWBERRY.h24.known_demand,conditional_market_paths,8,0.0,37.0,0.9613259668508287,current_legal_observation,provisional_not_selected
market_plan.STRAWBERRY.h24.demand_only_inventory,conditional_market_paths,386,0.0,9999.0,0.9613259668508287,current_legal_observation,provisional_not_selected
market_plan.STRAWBERRY.h24.demand_only_price,conditional_market_paths,189,0.0,327.0,0.9613259668508287,current_legal_observation,provisional_not_selected
market_plan.STRAWBERRY.h24.quiet_revenue,conditional_market_paths,282,0.0,1334.0,0.3149171270718232,current_legal_observation,provisional_not_selected
market_plan.STRAWBERRY.h24.rival_stress_revenue,conditional_market_paths,295,0.0,1334.0,0.3149171270718232,current_legal_observation,provisional_not_selected
market_plan.STRAWBERRY.h24.rival_penalty,conditional_market_paths,25,0.0,41.0,0.10842541436464088,current_legal_observation,provisional_not_selected
market_plan.STRAWBERRY.h24.quiet_holding_premium,conditional_market_paths,55,0.0,97.0,0.3149171270718232,current_legal_observation,provisional_not_selected
market_plan.MELON.own_ready_units,post_decision_inventory,1,0.0,0.0,0.0,current_legal_observation,coverage_gap_constant
market_plan.MELON.rival_ready_units,post_decision_inventory,30,0.0,150.0,0.1298342541436464,current_legal_observation,provisional_not_selected
market_plan.MELON.shed_units,post_decision_inventory,1,0.0,0.0,0.0,current_legal_observation,coverage_gap_constant
market_plan.MELON.carried_units,post_decision_inventory,1,0.0,0.0,0.0,current_legal_observation,coverage_gap_constant
market_plan.MELON.conditional_quantity,post_decision_inventory,1,0.0,0.0,0.0,current_legal_observation,coverage_gap_constant
market_plan.MELON.rival_earliest_delivery,post_decision_inventory,10,1.0,719.0,1.0,current_legal_observation,provisional_not_selected
market_plan.MELON.immediate_revenue,post_decision_inventory,1,0.0,0.0,0.0,current_legal_observation,coverage_gap_constant
market_plan.MELON.h4.available,conditional_market_paths,2,0.0,1.0,0.988950276243094,current_legal_observation,provisional_not_selected
market_plan.MELON.h4.known_demand,conditional_market_paths,2,0.0,1.0,0.16574585635359115,current_legal_observation,provisional_not_selected
market_plan.MELON.h4.demand_only_inventory,conditional_market_paths,48,0.0,10158.0,0.988950276243094,current_legal_observation,provisional_not_selected
market_plan.MELON.h4.demand_only_price,conditional_market_paths,37,0.0,280.0,0.988950276243094,current_legal_observation,provisional_not_selected
market_plan.MELON.h4.quiet_revenue,conditional_market_paths,1,0.0,0.0,0.0,current_legal_observation,coverage_gap_constant
market_plan.MELON.h4.rival_stress_revenue,conditional_market_paths,1,0.0,0.0,0.0,current_legal_observation,coverage_gap_constant
market_plan.MELON.h4.rival_penalty,conditional_market_paths,1,0.0,0.0,0.0,current_legal_observation,coverage_gap_constant
market_plan.MELON.h4.quiet_holding_premium,conditional_market_paths,1,0.0,0.0,0.0,current_legal_observation,coverage_gap_constant
market_plan.MELON.h12.available,conditional_market_paths,2,0.0,1.0,0.9779005524861878,current_legal_observation,provisional_not_selected
market_plan.MELON.h12.known_demand,conditional_market_paths,2,0.0,1.0,0.4861878453038674,current_legal_observation,provisional_not_selected
market_plan.MELON.h12.demand_only_inventory,conditional_market_paths,50,0.0,10158.0,0.9779005524861878,current_legal_observation,provisional_not_selected
market_plan.MELON.h12.demand_only_price,conditional_market_paths,39,0.0,280.0,0.9779005524861878,current_legal_observation,provisional_not_selected
market_plan.MELON.h12.quiet_revenue,conditional_market_paths,1,0.0,0.0,0.0,current_legal_observation,coverage_gap_constant
market_plan.MELON.h12.rival_stress_revenue,conditional_market_paths,1,0.0,0.0,0.0,current_legal_observation,coverage_gap_constant
market_plan.MELON.h12.rival_penalty,conditional_market_paths,1,0.0,0.0,0.0,current_legal_observation,coverage_gap_constant
market_plan.MELON.h12.quiet_holding_premium,conditional_market_paths,1,0.0,0.0,0.0,current_legal_observation,coverage_gap_constant
market_plan.MELON.h24.available,conditional_market_paths,2,0.0,1.0,0.9613259668508287,current_legal_observation,provisional_not_selected
market_plan.MELON.h24.known_demand,conditional_market_paths,2,0.0,1.0,0.9613259668508287,current_legal_observation,provisional_not_selected
market_plan.MELON.h24.demand_only_inventory,conditional_market_paths,47,0.0,10157.0,0.9613259668508287,current_legal_observation,provisional_not_selected
market_plan.MELON.h24.demand_only_price,conditional_market_paths,36,0.0,280.0,0.9613259668508287,current_legal_observation,provisional_not_selected
market_plan.MELON.h24.quiet_revenue,conditional_market_paths,1,0.0,0.0,0.0,current_legal_observation,coverage_gap_constant
market_plan.MELON.h24.rival_stress_revenue,conditional_market_paths,1,0.0,0.0,0.0,current_legal_observation,coverage_gap_constant
market_plan.MELON.h24.rival_penalty,conditional_market_paths,1,0.0,0.0,0.0,current_legal_observation,coverage_gap_constant
market_plan.MELON.h24.quiet_holding_premium,conditional_market_paths,1,0.0,0.0,0.0,current_legal_observation,coverage_gap_constant
market_plan.EGG.own_ready_units,post_decision_inventory,6,0.0,8.0,0.30985267034990793,current_legal_observation,provisional_not_selected
market_plan.EGG.rival_ready_units,post_decision_inventory,5,0.0,8.0,0.15400552486187846,current_legal_observation,provisional_not_selected
market_plan.EGG.shed_units,post_decision_inventory,6,0.0,8.0,0.11256906077348067,current_legal_observation,provisional_not_selected
market_plan.EGG.carried_units,post_decision_inventory,6,0.0,8.0,0.5897790055248618,current_legal_observation,provisional_not_selected
market_plan.EGG.conditional_quantity,post_decision_inventory,10,0.0,12.0,0.8547421731123389,current_legal_observation,provisional_not_selected
market_plan.EGG.rival_earliest_delivery,post_decision_inventory,6,1.0,719.0,1.0,current_legal_observation,provisional_not_selected
market_plan.EGG.immediate_revenue,post_decision_inventory,197,0.0,586.0,0.8547421731123389,current_legal_observation,provisional_not_selected
market_plan.EGG.h4.available,conditional_market_paths,2,0.0,1.0,0.988950276243094,current_legal_observation,provisional_not_selected
market_plan.EGG.h4.known_demand,conditional_market_paths,6,0.0,5.0,0.6685082872928176,current_legal_observation,provisional_not_selected
market_plan.EGG.h4.demand_only_inventory,conditional_market_paths,315,0.0,10084.0,0.988950276243094,current_legal_observation,provisional_not_selected
market_plan.EGG.h4.demand_only_price,conditional_market_paths,27,0.0,67.0,0.988950276243094,current_legal_observation,provisional_not_selected
market_plan.EGG.h4.quiet_revenue,conditional_market_paths,204,0.0,589.0,0.8485267034990792,current_legal_observation,provisional_not_selected
market_plan.EGG.h4.rival_stress_revenue,conditional_market_paths,197,0.0,589.0,0.8485267034990792,current_legal_observation,provisional_not_selected
market_plan.EGG.h4.rival_penalty,conditional_market_paths,8,0.0,11.0,0.06560773480662983,current_legal_observation,provisional_not_selected
market_plan.EGG.h4.quiet_holding_premium,conditional_market_paths,10,0.0,10.0,0.24378453038674033,current_legal_observation,provisional_not_selected
market_plan.EGG.h12.available,conditional_market_paths,2,0.0,1.0,0.9779005524861878,current_legal_observation,provisional_not_selected
market_plan.EGG.h12.known_demand,conditional_market_paths,10,0.0,13.0,0.7859116022099447,current_legal_observation,provisional_not_selected
market_plan.EGG.h12.demand_only_inventory,conditional_market_paths,298,0.0,10082.0,0.9779005524861878,current_legal_observation,provisional_not_selected
market_plan.EGG.h12.demand_only_price,conditional_market_paths,27,0.0,67.0,0.9779005524861878,current_legal_observation,provisional_not_selected
market_plan.EGG.h12.quiet_revenue,conditional_market_paths,199,0.0,589.0,0.8418508287292817,current_legal_observation,provisional_not_selected
market_plan.EGG.h12.rival_stress_revenue,conditional_market_paths,190,0.0,589.0,0.8418508287292817,current_legal_observation,provisional_not_selected
market_plan.EGG.h12.rival_penalty,conditional_market_paths,12,0.0,24.0,0.07251381215469613,current_legal_observation,provisional_not_selected
market_plan.EGG.h12.quiet_holding_premium,conditional_market_paths,15,0.0,22.0,0.43945672191528545,current_legal_observation,provisional_not_selected
market_plan.EGG.h24.available,conditional_market_paths,2,0.0,1.0,0.9613259668508287,current_legal_observation,provisional_not_selected
market_plan.EGG.h24.known_demand,conditional_market_paths,6,0.0,25.0,0.9613259668508287,current_legal_observation,provisional_not_selected
market_plan.EGG.h24.demand_only_inventory,conditional_market_paths,304,0.0,10078.0,0.9613259668508287,current_legal_observation,provisional_not_selected
market_plan.EGG.h24.demand_only_price,conditional_market_paths,28,0.0,68.0,0.9613259668508287,current_legal_observation,provisional_not_selected
market_plan.EGG.h24.quiet_revenue,conditional_market_paths,207,0.0,589.0,0.8252762430939227,current_legal_observation,provisional_not_selected
market_plan.EGG.h24.rival_stress_revenue,conditional_market_paths,206,0.0,589.0,0.8252762430939227,current_legal_observation,provisional_not_selected
market_plan.EGG.h24.rival_penalty,conditional_market_paths,13,0.0,24.0,0.08770718232044199,current_legal_observation,provisional_not_selected
market_plan.EGG.h24.quiet_holding_premium,conditional_market_paths,24,0.0,29.0,0.6346685082872928,current_legal_observation,provisional_not_selected
market_plan.MILK.own_ready_units,post_decision_inventory,5,0.0,12.0,0.13397790055248618,current_legal_observation,provisional_not_selected
market_plan.MILK.rival_ready_units,post_decision_inventory,5,0.0,12.0,0.06767955801104972,current_legal_observation,provisional_not_selected
market_plan.MILK.shed_units,post_decision_inventory,4,0.0,12.0,0.031077348066298343,current_legal_observation,provisional_not_selected
market_plan.MILK.carried_units,post_decision_inventory,6,0.0,12.0,0.23687845303867403,current_legal_observation,provisional_not_selected
market_plan.MILK.conditional_quantity,post_decision_inventory,5,0.0,12.0,0.38743093922651933,current_legal_observation,provisional_not_selected
market_plan.MILK.rival_earliest_delivery,post_decision_inventory,4,2.0,719.0,1.0,current_legal_observation,provisional_not_selected
market_plan.MILK.immediate_revenue,post_decision_inventory,342,0.0,2668.0,0.38743093922651933,current_legal_observation,provisional_not_selected
market_plan.MILK.h4.available,conditional_market_paths,2,0.0,1.0,0.988950276243094,current_legal_observation,provisional_not_selected
market_plan.MILK.h4.known_demand,conditional_market_paths,7,0.0,6.0,0.7921270718232044,current_legal_observation,provisional_not_selected
market_plan.MILK.h4.demand_only_inventory,conditional_market_paths,383,0.0,10056.0,0.988950276243094,current_legal_observation,provisional_not_selected
market_plan.MILK.h4.demand_only_price,conditional_market_paths,225,0.0,363.0,0.988950276243094,current_legal_observation,provisional_not_selected
market_plan.MILK.h4.quiet_revenue,conditional_market_paths,327,0.0,2682.0,0.38743093922651933,current_legal_observation,provisional_not_selected
market_plan.MILK.h4.rival_stress_revenue,conditional_market_paths,336,0.0,2682.0,0.38743093922651933,current_legal_observation,provisional_not_selected
market_plan.MILK.h4.rival_penalty,conditional_market_paths,40,0.0,374.0,0.06767955801104972,current_legal_observation,provisional_not_selected
market_plan.MILK.h4.quiet_holding_premium,conditional_market_paths,36,0.0,62.0,0.3632596685082873,current_legal_observation,provisional_not_selected
market_plan.MILK.h12.available,conditional_market_paths,2,0.0,1.0,0.9779005524861878,current_legal_observation,provisional_not_selected
market_plan.MILK.h12.known_demand,conditional_market_paths,12,0.0,16.0,0.8598066298342542,current_legal_observation,provisional_not_selected
market_plan.MILK.h12.demand_only_inventory,conditional_market_paths,375,0.0,10054.0,0.9779005524861878,current_legal_observation,provisional_not_selected
market_plan.MILK.h12.demand_only_price,conditional_market_paths,224,0.0,363.0,0.9779005524861878,current_legal_observation,provisional_not_selected
market_plan.MILK.h12.quiet_revenue,conditional_market_paths,339,0.0,2710.0,0.38743093922651933,current_legal_observation,provisional_not_selected
market_plan.MILK.h12.rival_stress_revenue,conditional_market_paths,341,0.0,2710.0,0.38743093922651933,current_legal_observation,provisional_not_selected
market_plan.MILK.h12.rival_penalty,conditional_market_paths,40,0.0,374.0,0.06767955801104972,current_legal_observation,provisional_not_selected
market_plan.MILK.h12.quiet_holding_premium,conditional_market_paths,70,0.0,118.0,0.3729281767955801,current_legal_observation,provisional_not_selected
market_plan.MILK.h24.available,conditional_market_paths,2,0.0,1.0,0.9613259668508287,current_legal_observation,provisional_not_selected
market_plan.MILK.h24.known_demand,conditional_market_paths,7,0.0,31.0,0.9613259668508287,current_legal_observation,provisional_not_selected
market_plan.MILK.h24.demand_only_inventory,conditional_market_paths,376,0.0,10053.0,0.9613259668508287,current_legal_observation,provisional_not_selected
market_plan.MILK.h24.demand_only_price,conditional_market_paths,218,0.0,364.0,0.9613259668508287,current_legal_observation,provisional_not_selected
market_plan.MILK.h24.quiet_revenue,conditional_market_paths,343,0.0,2758.0,0.3867403314917127,current_legal_observation,provisional_not_selected
market_plan.MILK.h24.rival_stress_revenue,conditional_market_paths,350,0.0,2758.0,0.3867403314917127,current_legal_observation,provisional_not_selected
market_plan.MILK.h24.rival_penalty,conditional_market_paths,46,0.0,380.0,0.06767955801104972,current_legal_observation,provisional_not_selected
market_plan.MILK.h24.quiet_holding_premium,conditional_market_paths,95,0.0,215.0,0.3867403314917127,current_legal_observation,provisional_not_selected
market_plan.WOOL.own_ready_units,post_decision_inventory,5,0.0,6.0,0.19313996316758747,current_legal_observation,provisional_not_selected
market_plan.WOOL.rival_ready_units,post_decision_inventory,5,0.0,6.0,0.09668508287292818,current_legal_observation,provisional_not_selected
market_plan.WOOL.shed_units,post_decision_inventory,5,0.0,6.0,0.03798342541436464,current_legal_observation,provisional_not_selected
market_plan.WOOL.carried_units,post_decision_inventory,5,0.0,6.0,0.2578268876611418,current_legal_observation,provisional_not_selected
market_plan.WOOL.conditional_quantity,post_decision_inventory,8,0.0,10.0,0.46892265193370164,current_legal_observation,provisional_not_selected
market_plan.WOOL.rival_earliest_delivery,post_decision_inventory,5,2.0,719.0,1.0,current_legal_observation,provisional_not_selected
market_plan.WOOL.immediate_revenue,post_decision_inventory,159,0.0,2038.0,0.46892265193370164,current_legal_observation,provisional_not_selected
market_plan.WOOL.h4.available,conditional_market_paths,2,0.0,1.0,0.988950276243094,current_legal_observation,provisional_not_selected
market_plan.WOOL.h4.known_demand,conditional_market_paths,6,0.0,5.0,0.513121546961326,current_legal_observation,provisional_not_selected
market_plan.WOOL.h4.demand_only_inventory,conditional_market_paths,252,0.0,10059.0,0.988950276243094,current_legal_observation,provisional_not_selected
market_plan.WOOL.h4.demand_only_price,conditional_market_paths,90,0.0,247.0,0.988950276243094,current_legal_observation,provisional_not_selected
market_plan.WOOL.h4.quiet_revenue,conditional_market_paths,157,0.0,2054.0,0.46708103130755063,current_legal_observation,provisional_not_selected
market_plan.WOOL.h4.rival_stress_revenue,conditional_market_paths,165,0.0,2054.0,0.46708103130755063,current_legal_observation,provisional_not_selected
market_plan.WOOL.h4.rival_penalty,conditional_market_paths,34,0.0,159.0,0.06146408839779006,current_legal_observation,provisional_not_selected
market_plan.WOOL.h4.quiet_holding_premium,conditional_market_paths,43,0.0,64.0,0.2094843462246777,current_legal_observation,provisional_not_selected
market_plan.WOOL.h12.available,conditional_market_paths,2,0.0,1.0,0.9779005524861878,current_legal_observation,provisional_not_selected
market_plan.WOOL.h12.known_demand,conditional_market_paths,6,0.0,13.0,0.6926795580110497,current_legal_observation,provisional_not_selected
market_plan.WOOL.h12.demand_only_inventory,conditional_market_paths,240,0.0,10059.0,0.9779005524861878,current_legal_observation,provisional_not_selected
market_plan.WOOL.h12.demand_only_price,conditional_market_paths,83,0.0,247.0,0.9779005524861878,current_legal_observation,provisional_not_selected
market_plan.WOOL.h12.quiet_revenue,conditional_market_paths,156,0.0,2054.0,0.4652394106813996,current_legal_observation,provisional_not_selected
market_plan.WOOL.h12.rival_stress_revenue,conditional_market_paths,167,0.0,2054.0,0.4652394106813996,current_legal_observation,provisional_not_selected
market_plan.WOOL.h12.rival_penalty,conditional_market_paths,37,0.0,159.0,0.07596685082872928,current_legal_observation,provisional_not_selected
market_plan.WOOL.h12.quiet_holding_premium,conditional_market_paths,68,0.0,152.0,0.31054327808471455,current_legal_observation,provisional_not_selected
market_plan.WOOL.h24.available,conditional_market_paths,2,0.0,1.0,0.9613259668508287,current_legal_observation,provisional_not_selected
market_plan.WOOL.h24.known_demand,conditional_market_paths,4,0.0,25.0,0.9613259668508287,current_legal_observation,provisional_not_selected
market_plan.WOOL.h24.demand_only_inventory,conditional_market_paths,248,0.0,10058.0,0.9613259668508287,current_legal_observation,provisional_not_selected
market_plan.WOOL.h24.demand_only_price,conditional_market_paths,82,0.0,247.0,0.9613259668508287,current_legal_observation,provisional_not_selected
market_plan.WOOL.h24.quiet_revenue,conditional_market_paths,152,0.0,2054.0,0.457182320441989,current_legal_observation,provisional_not_selected
market_plan.WOOL.h24.rival_stress_revenue,conditional_market_paths,164,0.0,2054.0,0.457182320441989,current_legal_observation,provisional_not_selected
market_plan.WOOL.h24.rival_penalty,conditional_market_paths,37,0.0,159.0,0.06560773480662983,current_legal_observation,provisional_not_selected
market_plan.WOOL.h24.quiet_holding_premium,conditional_market_paths,85,0.0,289.0,0.43577348066298344,current_legal_observation,provisional_not_selected
market_plan.FERTILIZER.own_ready_units,post_decision_inventory,1,0.0,0.0,0.0,current_legal_observation,coverage_gap_constant
market_plan.FERTILIZER.rival_ready_units,post_decision_inventory,1,0.0,0.0,0.0,current_legal_observation,coverage_gap_constant
market_plan.FERTILIZER.shed_units,post_decision_inventory,8,0.0,7.0,0.2969613259668508,current_legal_observation,provisional_not_selected
market_plan.FERTILIZER.carried_units,post_decision_inventory,8,0.0,7.0,0.6611418047882136,current_legal_observation,provisional_not_selected
market_plan.FERTILIZER.conditional_quantity,post_decision_inventory,8,0.0,7.0,0.8793738489871087,current_legal_observation,provisional_not_selected
market_plan.FERTILIZER.rival_earliest_delivery,post_decision_inventory,1,719.0,719.0,1.0,current_legal_observation,coverage_gap_constant
market_plan.FERTILIZER.immediate_revenue,post_decision_inventory,333,0.0,641.0,0.8793738489871087,current_legal_observation,provisional_not_selected
market_plan.FERTILIZER.h4.available,conditional_market_paths,2,0.0,1.0,0.988950276243094,current_legal_observation,provisional_not_selected
market_plan.FERTILIZER.h4.known_demand,conditional_market_paths,1,0.0,0.0,0.0,current_legal_observation,coverage_gap_constant
market_plan.FERTILIZER.h4.demand_only_inventory,conditional_market_paths,173,0.0,10250.0,0.988950276243094,current_legal_observation,provisional_not_selected
market_plan.FERTILIZER.h4.demand_only_price,conditional_market_paths,52,0.0,100.0,0.988950276243094,current_legal_observation,provisional_not_selected
market_plan.FERTILIZER.h4.quiet_revenue,conditional_market_paths,330,0.0,641.0,0.8701657458563536,current_legal_observation,provisional_not_selected
market_plan.FERTILIZER.h4.rival_stress_revenue,conditional_market_paths,330,0.0,641.0,0.8701657458563536,current_legal_observation,provisional_not_selected
market_plan.FERTILIZER.h4.rival_penalty,conditional_market_paths,1,0.0,0.0,0.0,current_legal_observation,coverage_gap_constant
market_plan.FERTILIZER.h4.quiet_holding_premium,conditional_market_paths,1,0.0,0.0,0.0,current_legal_observation,coverage_gap_constant
market_plan.FERTILIZER.h12.available,conditional_market_paths,2,0.0,1.0,0.9779005524861878,current_legal_observation,provisional_not_selected
market_plan.FERTILIZER.h12.known_demand,conditional_market_paths,1,0.0,0.0,0.0,current_legal_observation,coverage_gap_constant
market_plan.FERTILIZER.h12.demand_only_inventory,conditional_market_paths,168,0.0,10248.0,0.9779005524861878,current_legal_observation,provisional_not_selected
market_plan.FERTILIZER.h12.demand_only_price,conditional_market_paths,52,0.0,100.0,0.9779005524861878,current_legal_observation,provisional_not_selected
market_plan.FERTILIZER.h12.quiet_revenue,conditional_market_paths,327,0.0,641.0,0.8623388581952118,current_legal_observation,provisional_not_selected
market_plan.FERTILIZER.h12.rival_stress_revenue,conditional_market_paths,327,0.0,641.0,0.8623388581952118,current_legal_observation,provisional_not_selected
market_plan.FERTILIZER.h12.rival_penalty,conditional_market_paths,1,0.0,0.0,0.0,current_legal_observation,coverage_gap_constant
market_plan.FERTILIZER.h12.quiet_holding_premium,conditional_market_paths,1,0.0,0.0,0.0,current_legal_observation,coverage_gap_constant
market_plan.FERTILIZER.h24.available,conditional_market_paths,2,0.0,1.0,0.9613259668508287,current_legal_observation,provisional_not_selected
market_plan.FERTILIZER.h24.known_demand,conditional_market_paths,1,0.0,0.0,0.0,current_legal_observation,coverage_gap_constant
market_plan.FERTILIZER.h24.demand_only_inventory,conditional_market_paths,157,0.0,10240.0,0.9613259668508287,current_legal_observation,provisional_not_selected
market_plan.FERTILIZER.h24.demand_only_price,conditional_market_paths,50,0.0,100.0,0.9613259668508287,current_legal_observation,provisional_not_selected
market_plan.FERTILIZER.h24.quiet_revenue,conditional_market_paths,317,0.0,641.0,0.8522099447513812,current_legal_observation,provisional_not_selected
market_plan.FERTILIZER.h24.rival_stress_revenue,conditional_market_paths,317,0.0,641.0,0.8522099447513812,current_legal_observation,provisional_not_selected
market_plan.FERTILIZER.h24.rival_penalty,conditional_market_paths,1,0.0,0.0,0.0,current_legal_observation,coverage_gap_constant
market_plan.FERTILIZER.h24.quiet_holding_premium,conditional_market_paths,1,0.0,0.0,0.0,current_legal_observation,coverage_gap_constant
market_worker.0.present,delivery_opportunity_cost,1,1.0,1.0,1.0,current_legal_observation,coverage_gap_constant
market_worker.0.carried_units,delivery_opportunity_cost,23,0.0,22.0,0.7976519337016574,current_legal_observation,provisional_not_selected
market_worker.0.delivery_actions,delivery_opportunity_cost,7,1.0,7.0,1.0,current_legal_observation,provisional_not_selected
market_worker.0.delivery_slack,delivery_opportunity_cost,26,-4.0,23.0,0.9571823204419889,current_legal_observation,provisional_not_selected
market_worker.0.liquidation_revenue,delivery_opportunity_cost,574,0.0,2909.0,0.7976519337016574,current_legal_observation,provisional_not_selected
market_worker.0.quiet_night_revenue,delivery_opportunity_cost,429,0.0,2275.0,0.7803867403314917,current_legal_observation,provisional_not_selected
market_worker.0.rival_stress_night_revenue,delivery_opportunity_cost,449,0.0,2275.0,0.7803867403314917,current_legal_observation,provisional_not_selected
market_worker.0.night_sale_available,delivery_opportunity_cost,2,0.0,1.0,0.9613259668508287,current_legal_observation,provisional_not_selected
market_worker.0.overflow_after_sell_all,delivery_opportunity_cost,1,0.0,0.0,0.0,current_legal_observation,coverage_gap_constant
market_worker.1.present,delivery_opportunity_cost,2,0.0,1.0,0.8232044198895028,current_legal_observation,provisional_not_selected
market_worker.1.carried_units,delivery_opportunity_cost,20,0.0,20.0,0.7928176795580111,current_legal_observation,provisional_not_selected
market_worker.1.delivery_actions,delivery_opportunity_cost,8,0.0,7.0,0.8232044198895028,current_legal_observation,provisional_not_selected
market_worker.1.delivery_slack,delivery_opportunity_cost,22,-4.0,19.0,0.7598987108655617,current_legal_observation,provisional_not_selected
market_worker.1.liquidation_revenue,delivery_opportunity_cost,523,0.0,2602.0,0.787292817679558,current_legal_observation,provisional_not_selected
market_worker.1.quiet_night_revenue,delivery_opportunity_cost,437,0.0,2608.0,0.7776243093922652,current_legal_observation,provisional_not_selected
market_worker.1.rival_stress_night_revenue,delivery_opportunity_cost,440,0.0,2608.0,0.7776243093922652,current_legal_observation,provisional_not_selected
market_worker.1.night_sale_available,delivery_opportunity_cost,2,0.0,1.0,0.8011049723756906,current_legal_observation,provisional_not_selected
market_worker.1.overflow_after_sell_all,delivery_opportunity_cost,1,0.0,0.0,0.0,current_legal_observation,coverage_gap_constant
market_worker.2.present,delivery_opportunity_cost,2,0.0,1.0,0.8232044198895028,current_legal_observation,provisional_not_selected
market_worker.2.carried_units,delivery_opportunity_cost,14,0.0,13.0,0.8029465930018416,current_legal_observation,provisional_not_selected
market_worker.2.delivery_actions,delivery_opportunity_cost,8,0.0,7.0,0.8232044198895028,current_legal_observation,provisional_not_selected
market_worker.2.delivery_slack,delivery_opportunity_cost,24,-5.0,19.0,0.7813075506445673,current_legal_observation,provisional_not_selected
market_worker.2.liquidation_revenue,delivery_opportunity_cost,377,0.0,1741.0,0.7974217311233885,current_legal_observation,provisional_not_selected
market_worker.2.quiet_night_revenue,delivery_opportunity_cost,324,0.0,1742.0,0.7824585635359116,current_legal_observation,provisional_not_selected
market_worker.2.rival_stress_night_revenue,delivery_opportunity_cost,327,0.0,1742.0,0.7824585635359116,current_legal_observation,provisional_not_selected
market_worker.2.night_sale_available,delivery_opportunity_cost,2,0.0,1.0,0.8011049723756906,current_legal_observation,provisional_not_selected
market_worker.2.overflow_after_sell_all,delivery_opportunity_cost,1,0.0,0.0,0.0,current_legal_observation,coverage_gap_constant
market_worker.3.present,delivery_opportunity_cost,2,0.0,1.0,0.8232044198895028,current_legal_observation,provisional_not_selected
market_worker.3.carried_units,delivery_opportunity_cost,16,0.0,15.0,0.7005064456721916,current_legal_observation,provisional_not_selected
market_worker.3.delivery_actions,delivery_opportunity_cost,9,0.0,8.0,0.8232044198895028,current_legal_observation,provisional_not_selected
market_worker.3.delivery_slack,delivery_opportunity_cost,24,-6.0,19.0,0.768646408839779,current_legal_observation,provisional_not_selected
market_worker.3.liquidation_revenue,delivery_opportunity_cost,406,0.0,1893.0,0.7005064456721916,current_legal_observation,provisional_not_selected
market_worker.3.quiet_night_revenue,delivery_opportunity_cost,342,0.0,1895.0,0.6830110497237569,current_legal_observation,provisional_not_selected
market_worker.3.rival_stress_night_revenue,delivery_opportunity_cost,344,0.0,1895.0,0.6830110497237569,current_legal_observation,provisional_not_selected
market_worker.3.night_sale_available,delivery_opportunity_cost,2,0.0,1.0,0.8011049723756906,current_legal_observation,provisional_not_selected
market_worker.3.overflow_after_sell_all,delivery_opportunity_cost,1,0.0,0.0,0.0,current_legal_observation,coverage_gap_constant
market_history.WHEAT.last.available,causal_supply_bounds,2,0.0,1.0,0.994475138121547,current_and_past_legal_observations,provisional_not_selected
market_history.WHEAT.last.trade_net,causal_supply_bounds,15,-6.0,10.0,0.24171270718232044,current_and_past_legal_observations,provisional_not_selected
market_history.WHEAT.last.known_demand,causal_supply_bounds,1,0.0,0.0,0.0,current_and_past_legal_observations,coverage_gap_constant
market_history.WHEAT.last.quote_change,causal_supply_bounds,3,-1.0,1.0,0.025552486187845305,current_and_past_legal_observations,provisional_not_selected
market_history.WHEAT.last.sale_supported,causal_supply_bounds,1,0.0,0.0,0.0,current_and_past_legal_observations,coverage_gap_constant
market_history.WHEAT.last.sales_lower,causal_supply_bounds,1,0.0,0.0,0.0,current_and_past_legal_observations,coverage_gap_constant
market_history.WHEAT.last.sales_upper,causal_supply_bounds,1,0.0,0.0,0.0,current_and_past_legal_observations,coverage_gap_constant
market_history.WHEAT.last.sales_identified,causal_supply_bounds,1,0.0,0.0,0.0,current_and_past_legal_observations,coverage_gap_constant
market_history.WHEAT.last.floor_censored,causal_supply_bounds,1,0.0,0.0,0.0,current_and_past_legal_observations,coverage_gap_constant
market_history.WHEAT.last.harvest_upper,causal_supply_bounds,1,0.0,0.0,0.0,current_and_past_legal_observations,coverage_gap_constant
market_history.WHEAT.last.stock_upper,causal_supply_bounds,1,0.0,0.0,0.0,current_and_past_legal_observations,coverage_gap_constant
market_history.WHEAT.w4.observed,multiscale_market_history,2,0.0,4.0,0.994475138121547,current_and_past_legal_observations,provisional_not_selected
market_history.WHEAT.w4.trade_sum,multiscale_market_history,24,-12.0,20.0,0.5598526703499079,current_and_past_legal_observations,provisional_not_selected
market_history.WHEAT.w4.trade_std,multiscale_market_history,42,0.0,8.660254037844387,0.5598526703499079,current_and_past_legal_observations,provisional_not_selected
market_history.WHEAT.w4.quote_change_sum,multiscale_market_history,4,-1.0,2.0,0.15584714548802947,current_and_past_legal_observations,provisional_not_selected
market_history.WHEAT.w4.sales_lower_sum,multiscale_market_history,1,0.0,0.0,0.0,current_and_past_legal_observations,coverage_gap_constant
market_history.WHEAT.w4.sales_upper_sum,multiscale_market_history,1,0.0,0.0,0.0,current_and_past_legal_observations,coverage_gap_constant
market_history.WHEAT.w4.harvest_upper_sum,multiscale_market_history,1,0.0,0.0,0.0,current_and_past_legal_observations,coverage_gap_constant
market_history.WHEAT.w4.identified_fraction,multiscale_market_history,1,0.0,0.0,0.0,current_and_past_legal_observations,coverage_gap_constant
market_history.WHEAT.w12.observed,multiscale_market_history,4,0.0,12.0,0.994475138121547,current_and_past_legal_observations,provisional_not_selected
market_history.WHEAT.w12.trade_sum,multiscale_market_history,42,-26.0,36.0,0.8142265193370166,current_and_past_legal_observations,provisional_not_selected
market_history.WHEAT.w12.trade_std,multiscale_market_history,168,0.0,6.4031242374328485,0.8922651933701657,current_and_past_legal_observations,provisional_not_selected
market_history.WHEAT.w12.quote_change_sum,multiscale_market_history,7,-1.0,5.0,0.4143646408839779,current_and_past_legal_observations,provisional_not_selected
market_history.WHEAT.w12.sales_lower_sum,multiscale_market_history,1,0.0,0.0,0.0,current_and_past_legal_observations,coverage_gap_constant
market_history.WHEAT.w12.sales_upper_sum,multiscale_market_history,1,0.0,0.0,0.0,current_and_past_legal_observations,coverage_gap_constant
market_history.WHEAT.w12.harvest_upper_sum,multiscale_market_history,1,0.0,0.0,0.0,current_and_past_legal_observations,coverage_gap_constant
market_history.WHEAT.w12.identified_fraction,multiscale_market_history,1,0.0,0.0,0.0,current_and_past_legal_observations,coverage_gap_constant
market_history.WHEAT.w24.observed,multiscale_market_history,7,0.0,24.0,0.994475138121547,current_and_past_legal_observations,provisional_not_selected
market_history.WHEAT.w24.trade_sum,multiscale_market_history,55,-30.0,48.0,0.9233425414364641,current_and_past_legal_observations,provisional_not_selected
market_history.WHEAT.w24.trade_std,multiscale_market_history,228,0.0,5.030462757595523,0.994475138121547,current_and_past_legal_observations,provisional_not_selected
market_history.WHEAT.w24.quote_change_sum,multiscale_market_history,8,-1.0,6.0,0.7638121546961326,current_and_past_legal_observations,provisional_not_selected
market_history.WHEAT.w24.sales_lower_sum,multiscale_market_history,1,0.0,0.0,0.0,current_and_past_legal_observations,coverage_gap_constant
market_history.WHEAT.w24.sales_upper_sum,multiscale_market_history,1,0.0,0.0,0.0,current_and_past_legal_observations,coverage_gap_constant
market_history.WHEAT.w24.harvest_upper_sum,multiscale_market_history,1,0.0,0.0,0.0,current_and_past_legal_observations,coverage_gap_constant
market_history.WHEAT.w24.identified_fraction,multiscale_market_history,1,0.0,0.0,0.0,current_and_past_legal_observations,coverage_gap_constant
market_history.WHEAT.sale_seen,rival_sale_recency,1,0.0,0.0,0.0,current_and_past_legal_observations,coverage_gap_constant
market_history.WHEAT.sale_age,rival_sale_recency,1,0.0,0.0,0.0,current_and_past_legal_observations,coverage_gap_constant
market_history.CARROT.last.available,causal_supply_bounds,2,0.0,1.0,0.994475138121547,current_and_past_legal_observations,provisional_not_selected
market_history.CARROT.last.trade_net,causal_supply_bounds,1,0.0,0.0,0.0,current_and_past_legal_observations,coverage_gap_constant
market_history.CARROT.last.known_demand,causal_supply_bounds,1,0.0,0.0,0.0,current_and_past_legal_observations,coverage_gap_constant
market_history.CARROT.last.quote_change,causal_supply_bounds,1,0.0,0.0,0.0,current_and_past_legal_observations,coverage_gap_constant
market_history.CARROT.last.sale_supported,causal_supply_bounds,1,1.0,1.0,1.0,current_and_past_legal_observations,coverage_gap_constant
market_history.CARROT.last.sales_lower,causal_supply_bounds,1,0.0,0.0,0.0,current_and_past_legal_observations,coverage_gap_constant
market_history.CARROT.last.sales_upper,causal_supply_bounds,1,0.0,0.0,0.0,current_and_past_legal_observations,coverage_gap_constant
market_history.CARROT.last.sales_identified,causal_supply_bounds,2,0.0,1.0,0.994475138121547,current_and_past_legal_observations,provisional_not_selected
market_history.CARROT.last.floor_censored,causal_supply_bounds,1,0.0,0.0,0.0,current_and_past_legal_observations,coverage_gap_constant
market_history.CARROT.last.harvest_upper,causal_supply_bounds,1,0.0,0.0,0.0,current_and_past_legal_observations,coverage_gap_constant
market_history.CARROT.last.stock_upper,causal_supply_bounds,1,0.0,0.0,0.0,current_and_past_legal_observations,coverage_gap_constant
market_history.CARROT.w4.observed,multiscale_market_history,2,0.0,4.0,0.994475138121547,current_and_past_legal_observations,provisional_not_selected
market_history.CARROT.w4.trade_sum,multiscale_market_history,1,0.0,0.0,0.0,current_and_past_legal_observations,coverage_gap_constant
market_history.CARROT.w4.trade_std,multiscale_market_history,1,0.0,0.0,0.0,current_and_past_legal_observations,coverage_gap_constant
market_history.CARROT.w4.quote_change_sum,multiscale_market_history,8,0.0,7.0,0.11049723756906077,current_and_past_legal_observations,provisional_not_selected
market_history.CARROT.w4.sales_lower_sum,multiscale_market_history,1,0.0,0.0,0.0,current_and_past_legal_observations,coverage_gap_constant
market_history.CARROT.w4.sales_upper_sum,multiscale_market_history,1,0.0,0.0,0.0,current_and_past_legal_observations,coverage_gap_constant
market_history.CARROT.w4.harvest_upper_sum,multiscale_market_history,1,0.0,0.0,0.0,current_and_past_legal_observations,coverage_gap_constant
market_history.CARROT.w4.identified_fraction,multiscale_market_history,2,0.0,1.0,0.994475138121547,current_and_past_legal_observations,provisional_not_selected
market_history.CARROT.w12.observed,multiscale_market_history,4,0.0,12.0,0.994475138121547,current_and_past_legal_observations,provisional_not_selected
market_history.CARROT.w12.trade_sum,multiscale_market_history,1,0.0,0.0,0.0,current_and_past_legal_observations,coverage_gap_constant
market_history.CARROT.w12.trade_std,multiscale_market_history,1,0.0,0.0,0.0,current_and_past_legal_observations,coverage_gap_constant
market_history.CARROT.w12.quote_change_sum,multiscale_market_history,20,0.0,20.0,0.25828729281767954,current_and_past_legal_observations,provisional_not_selected
market_history.CARROT.w12.sales_lower_sum,multiscale_market_history,1,0.0,0.0,0.0,current_and_past_legal_observations,coverage_gap_constant
market_history.CARROT.w12.sales_upper_sum,multiscale_market_history,1,0.0,0.0,0.0,current_and_past_legal_observations,coverage_gap_constant
market_history.CARROT.w12.harvest_upper_sum,multiscale_market_history,1,0.0,0.0,0.0,current_and_past_legal_observations,coverage_gap_constant
market_history.CARROT.w12.identified_fraction,multiscale_market_history,2,0.0,1.0,0.994475138121547,current_and_past_legal_observations,provisional_not_selected
market_history.CARROT.w24.observed,multiscale_market_history,7,0.0,24.0,0.994475138121547,current_and_past_legal_observations,provisional_not_selected
market_history.CARROT.w24.trade_sum,multiscale_market_history,1,0.0,0.0,0.0,current_and_past_legal_observations,coverage_gap_constant
market_history.CARROT.w24.trade_std,multiscale_market_history,1,0.0,0.0,0.0,current_and_past_legal_observations,coverage_gap_constant
market_history.CARROT.w24.quote_change_sum,multiscale_market_history,36,0.0,39.0,0.4053867403314917,current_and_past_legal_observations,provisional_not_selected
market_history.CARROT.w24.sales_lower_sum,multiscale_market_history,1,0.0,0.0,0.0,current_and_past_legal_observations,coverage_gap_constant
market_history.CARROT.w24.sales_upper_sum,multiscale_market_history,1,0.0,0.0,0.0,current_and_past_legal_observations,coverage_gap_constant
market_history.CARROT.w24.harvest_upper_sum,multiscale_market_history,1,0.0,0.0,0.0,current_and_past_legal_observations,coverage_gap_constant
market_history.CARROT.w24.identified_fraction,multiscale_market_history,2,0.0,1.0,0.994475138121547,current_and_past_legal_observations,provisional_not_selected
market_history.CARROT.sale_seen,rival_sale_recency,1,0.0,0.0,0.0,current_and_past_legal_observations,coverage_gap_constant
market_history.CARROT.sale_age,rival_sale_recency,1,0.0,0.0,0.0,current_and_past_legal_observations,coverage_gap_constant
market_history.TOMATO.last.available,causal_supply_bounds,2,0.0,1.0,0.994475138121547,current_and_past_legal_observations,provisional_not_selected
market_history.TOMATO.last.trade_net,causal_supply_bounds,3,0.0,4.0,0.0055248618784530384,current_and_past_legal_observations,provisional_not_selected
market_history.TOMATO.last.known_demand,causal_supply_bounds,1,0.0,0.0,0.0,current_and_past_legal_observations,coverage_gap_constant
market_history.TOMATO.last.quote_change,causal_supply_bounds,4,-4.0,0.0,0.003453038674033149,current_and_past_legal_observations,provisional_not_selected
market_history.TOMATO.last.sale_supported,causal_supply_bounds,1,1.0,1.0,1.0,current_and_past_legal_observations,coverage_gap_constant
market_history.TOMATO.last.sales_lower,causal_supply_bounds,2,0.0,2.0,0.003453038674033149,current_and_past_legal_observations,provisional_not_selected
market_history.TOMATO.last.sales_upper,causal_supply_bounds,2,0.0,2.0,0.003453038674033149,current_and_past_legal_observations,provisional_not_selected
market_history.TOMATO.last.sales_identified,causal_supply_bounds,2,0.0,1.0,0.994475138121547,current_and_past_legal_observations,provisional_not_selected
market_history.TOMATO.last.floor_censored,causal_supply_bounds,1,0.0,0.0,0.0,current_and_past_legal_observations,coverage_gap_constant
market_history.TOMATO.last.harvest_upper,causal_supply_bounds,3,0.0,2.0,0.017955801104972375,current_and_past_legal_observations,provisional_not_selected
market_history.TOMATO.last.stock_upper,causal_supply_bounds,7,0.0,6.0,0.08908839779005524,current_and_past_legal_observations,provisional_not_selected
market_history.TOMATO.w4.observed,multiscale_market_history,2,0.0,4.0,0.994475138121547,current_and_past_legal_observations,provisional_not_selected
market_history.TOMATO.w4.trade_sum,multiscale_market_history,9,0.0,12.0,0.06975138121546962,current_and_past_legal_observations,provisional_not_selected
market_history.TOMATO.w4.trade_std,multiscale_market_history,9,0.0,5.196152422706632,0.06975138121546962,current_and_past_legal_observations,provisional_not_selected
market_history.TOMATO.w4.quote_change_sum,multiscale_market_history,20,-7.0,14.0,0.2941988950276243,current_and_past_legal_observations,provisional_not_selected
market_history.TOMATO.w4.sales_lower_sum,multiscale_market_history,7,0.0,6.0,0.03522099447513812,current_and_past_legal_observations,provisional_not_selected
market_history.TOMATO.w4.sales_upper_sum,multiscale_market_history,7,0.0,6.0,0.03522099447513812,current_and_past_legal_observations,provisional_not_selected
market_history.TOMATO.w4.harvest_upper_sum,multiscale_market_history,6,0.0,6.0,0.049723756906077346,current_and_past_legal_observations,provisional_not_selected
market_history.TOMATO.w4.identified_fraction,multiscale_market_history,2,0.0,1.0,0.994475138121547,current_and_past_legal_observations,provisional_not_selected
market_history.TOMATO.w12.observed,multiscale_market_history,4,0.0,12.0,0.994475138121547,current_and_past_legal_observations,provisional_not_selected
market_history.TOMATO.w12.trade_sum,multiscale_market_history,9,0.0,12.0,0.19544198895027623,current_and_past_legal_observations,provisional_not_selected
market_history.TOMATO.w12.trade_std,multiscale_market_history,15,0.0,3.3166247903554,0.19544198895027623,current_and_past_legal_observations,provisional_not_selected
market_history.TOMATO.w12.quote_change_sum,multiscale_market_history,40,-7.0,38.0,0.5483425414364641,current_and_past_legal_observations,provisional_not_selected
market_history.TOMATO.w12.sales_lower_sum,multiscale_market_history,7,0.0,6.0,0.10013812154696132,current_and_past_legal_observations,provisional_not_selected
market_history.TOMATO.w12.sales_upper_sum,multiscale_market_history,7,0.0,6.0,0.10013812154696132,current_and_past_legal_observations,provisional_not_selected
market_history.TOMATO.w12.harvest_upper_sum,multiscale_market_history,7,0.0,6.0,0.12154696132596685,current_and_past_legal_observations,provisional_not_selected
market_history.TOMATO.w12.identified_fraction,multiscale_market_history,2,0.0,1.0,0.994475138121547,current_and_past_legal_observations,provisional_not_selected
market_history.TOMATO.w24.observed,multiscale_market_history,7,0.0,24.0,0.994475138121547,current_and_past_legal_observations,provisional_not_selected
market_history.TOMATO.w24.trade_sum,multiscale_market_history,11,0.0,16.0,0.3729281767955801,current_and_past_legal_observations,provisional_not_selected
market_history.TOMATO.w24.trade_std,multiscale_market_history,18,0.0,2.494438257849294,0.3729281767955801,current_and_past_legal_observations,provisional_not_selected
market_history.TOMATO.w24.quote_change_sum,multiscale_market_history,66,-7.0,75.0,0.6857734806629834,current_and_past_legal_observations,provisional_not_selected
market_history.TOMATO.w24.sales_lower_sum,multiscale_market_history,9,0.0,8.0,0.1919889502762431,current_and_past_legal_observations,provisional_not_selected
market_history.TOMATO.w24.sales_upper_sum,multiscale_market_history,9,0.0,8.0,0.1919889502762431,current_and_past_legal_observations,provisional_not_selected
market_history.TOMATO.w24.harvest_upper_sum,multiscale_market_history,8,0.0,8.0,0.19544198895027623,current_and_past_legal_observations,provisional_not_selected
market_history.TOMATO.w24.identified_fraction,multiscale_market_history,2,0.0,1.0,0.994475138121547,current_and_past_legal_observations,provisional_not_selected
market_history.TOMATO.sale_seen,rival_sale_recency,2,0.0,1.0,0.34806629834254144,current_and_past_legal_observations,provisional_not_selected
market_history.TOMATO.sale_age,rival_sale_recency,99,0.0,260.0,0.34806629834254144,current_and_past_legal_observations,provisional_not_selected
market_history.STRAWBERRY.last.available,causal_supply_bounds,2,0.0,1.0,0.994475138121547,current_and_past_legal_observations,provisional_not_selected
market_history.STRAWBERRY.last.trade_net,causal_supply_bounds,3,0.0,4.0,0.010128913443830571,current_and_past_legal_observations,provisional_not_selected
market_history.STRAWBERRY.last.known_demand,causal_supply_bounds,1,0.0,0.0,0.0,current_and_past_legal_observations,coverage_gap_constant
market_history.STRAWBERRY.last.quote_change,causal_supply_bounds,4,-3.0,0.0,0.008517495395948435,current_and_past_legal_observations,provisional_not_selected
market_history.STRAWBERRY.last.sale_supported,causal_supply_bounds,1,1.0,1.0,1.0,current_and_past_legal_observations,coverage_gap_constant
market_history.STRAWBERRY.last.sales_lower,causal_supply_bounds,2,0.0,2.0,0.003453038674033149,current_and_past_legal_observations,provisional_not_selected
market_history.STRAWBERRY.last.sales_upper,causal_supply_bounds,2,0.0,2.0,0.003453038674033149,current_and_past_legal_observations,provisional_not_selected
market_history.STRAWBERRY.last.sales_identified,causal_supply_bounds,2,0.0,1.0,0.994475138121547,current_and_past_legal_observations,provisional_not_selected
market_history.STRAWBERRY.last.floor_censored,causal_supply_bounds,1,0.0,0.0,0.0,current_and_past_legal_observations,coverage_gap_constant
market_history.STRAWBERRY.last.harvest_upper,causal_supply_bounds,2,0.0,2.0,0.007596685082872928,current_and_past_legal_observations,provisional_not_selected
market_history.STRAWBERRY.last.stock_upper,causal_supply_bounds,3,0.0,4.0,0.08632596685082873,current_and_past_legal_observations,provisional_not_selected
market_history.STRAWBERRY.w4.observed,multiscale_market_history,2,0.0,4.0,0.994475138121547,current_and_past_legal_observations,provisional_not_selected
market_history.STRAWBERRY.w4.trade_sum,multiscale_market_history,4,0.0,8.0,0.06353591160220995,current_and_past_legal_observations,provisional_not_selected
market_history.STRAWBERRY.w4.trade_std,multiscale_market_history,6,0.0,3.4641016151377544,0.06353591160220995,current_and_past_legal_observations,provisional_not_selected
market_history.STRAWBERRY.w4.quote_change_sum,multiscale_market_history,14,-14.0,8.0,0.7235267034990792,current_and_past_legal_observations,provisional_not_selected
market_history.STRAWBERRY.w4.sales_lower_sum,multiscale_market_history,3,0.0,4.0,0.031767955801104975,current_and_past_legal_observations,provisional_not_selected
market_history.STRAWBERRY.w4.sales_upper_sum,multiscale_market_history,3,0.0,4.0,0.031767955801104975,current_and_past_legal_observations,provisional_not_selected
market_history.STRAWBERRY.w4.harvest_upper_sum,multiscale_market_history,3,0.0,4.0,0.03867403314917127,current_and_past_legal_observations,provisional_not_selected
market_history.STRAWBERRY.w4.identified_fraction,multiscale_market_history,2,0.0,1.0,0.994475138121547,current_and_past_legal_observations,provisional_not_selected
market_history.STRAWBERRY.w12.observed,multiscale_market_history,4,0.0,12.0,0.994475138121547,current_and_past_legal_observations,provisional_not_selected
market_history.STRAWBERRY.w12.trade_sum,multiscale_market_history,5,0.0,8.0,0.1682780847145488,current_and_past_legal_observations,provisional_not_selected
market_history.STRAWBERRY.w12.trade_std,multiscale_market_history,7,0.0,2.2110831935702664,0.1682780847145488,current_and_past_legal_observations,provisional_not_selected
market_history.STRAWBERRY.w12.quote_change_sum,multiscale_market_history,18,-11.0,9.0,0.8683241252302025,current_and_past_legal_observations,provisional_not_selected
market_history.STRAWBERRY.w12.sales_lower_sum,multiscale_market_history,3,0.0,4.0,0.08425414364640885,current_and_past_legal_observations,provisional_not_selected
market_history.STRAWBERRY.w12.sales_upper_sum,multiscale_market_history,3,0.0,4.0,0.08425414364640885,current_and_past_legal_observations,provisional_not_selected
market_history.STRAWBERRY.w12.harvest_upper_sum,multiscale_market_history,3,0.0,4.0,0.09875690607734806,current_and_past_legal_observations,provisional_not_selected
market_history.STRAWBERRY.w12.identified_fraction,multiscale_market_history,2,0.0,1.0,0.994475138121547,current_and_past_legal_observations,provisional_not_selected
market_history.STRAWBERRY.w24.observed,multiscale_market_history,7,0.0,24.0,0.994475138121547,current_and_past_legal_observations,provisional_not_selected
market_history.STRAWBERRY.w24.trade_sum,multiscale_market_history,6,0.0,12.0,0.31307550644567217,current_and_past_legal_observations,provisional_not_selected
market_history.STRAWBERRY.w24.trade_std,multiscale_market_history,10,0.0,1.7559422921421233,0.31307550644567217,current_and_past_legal_observations,provisional_not_selected
market_history.STRAWBERRY.w24.quote_change_sum,multiscale_market_history,19,-11.0,12.0,0.9848066298342542,current_and_past_legal_observations,provisional_not_selected
market_history.STRAWBERRY.w24.sales_lower_sum,multiscale_market_history,4,0.0,6.0,0.1574585635359116,current_and_past_legal_observations,provisional_not_selected
market_history.STRAWBERRY.w24.sales_upper_sum,multiscale_market_history,4,0.0,6.0,0.1574585635359116,current_and_past_legal_observations,provisional_not_selected
market_history.STRAWBERRY.w24.harvest_upper_sum,multiscale_market_history,4,0.0,6.0,0.1671270718232044,current_and_past_legal_observations,provisional_not_selected
market_history.STRAWBERRY.w24.identified_fraction,multiscale_market_history,2,0.0,1.0,0.994475138121547,current_and_past_legal_observations,provisional_not_selected
market_history.STRAWBERRY.sale_seen,rival_sale_recency,2,0.0,1.0,0.3149171270718232,current_and_past_legal_observations,provisional_not_selected
market_history.STRAWBERRY.sale_age,rival_sale_recency,140,0.0,238.0,0.3149171270718232,current_and_past_legal_observations,provisional_not_selected
market_history.MELON.last.available,causal_supply_bounds,2,0.0,1.0,0.994475138121547,current_and_past_legal_observations,provisional_not_selected
market_history.MELON.last.trade_net,causal_supply_bounds,2,0.0,18.0,0.0027624309392265192,current_and_past_legal_observations,provisional_not_selected
market_history.MELON.last.known_demand,causal_supply_bounds,1,0.0,0.0,0.0,current_and_past_legal_observations,coverage_gap_constant
market_history.MELON.last.quote_change,causal_supply_bounds,2,-33.0,0.0,0.0027624309392265192,current_and_past_legal_observations,provisional_not_selected
market_history.MELON.last.sale_supported,causal_supply_bounds,1,1.0,1.0,1.0,current_and_past_legal_observations,coverage_gap_constant
market_history.MELON.last.sales_lower,causal_supply_bounds,2,0.0,18.0,0.0027624309392265192,current_and_past_legal_observations,provisional_not_selected
market_history.MELON.last.sales_upper,causal_supply_bounds,4,0.0,72.0,0.016574585635359115,current_and_past_legal_observations,provisional_not_selected
market_history.MELON.last.sales_identified,causal_supply_bounds,2,0.0,1.0,0.9806629834254144,current_and_past_legal_observations,provisional_not_selected
market_history.MELON.last.floor_censored,causal_supply_bounds,2,0.0,1.0,0.013812154696132596,current_and_past_legal_observations,provisional_not_selected
market_history.MELON.last.harvest_upper,causal_supply_bounds,3,0.0,12.0,0.019337016574585635,current_and_past_legal_observations,provisional_not_selected
market_history.MELON.last.stock_upper,causal_supply_bounds,14,0.0,102.0,0.1298342541436464,current_and_past_legal_observations,provisional_not_selected
market_history.MELON.w4.observed,multiscale_market_history,2,0.0,4.0,0.994475138121547,current_and_past_legal_observations,provisional_not_selected
market_history.MELON.w4.trade_sum,multiscale_market_history,7,0.0,100.0,0.016574585635359115,current_and_past_legal_observations,provisional_not_selected
market_history.MELON.w4.trade_std,multiscale_market_history,7,0.0,43.30127018922193,0.016574585635359115,current_and_past_legal_observations,provisional_not_selected
market_history.MELON.w4.quote_change_sum,multiscale_market_history,12,-134.0,6.0,0.1408839779005525,current_and_past_legal_observations,provisional_not_selected
market_history.MELON.w4.sales_lower_sum,multiscale_market_history,7,0.0,100.0,0.016574585635359115,current_and_past_legal_observations,provisional_not_selected
market_history.MELON.w4.sales_upper_sum,multiscale_market_history,10,0.0,288.0,0.03038674033149171,current_and_past_legal_observations,provisional_not_selected
market_history.MELON.w4.harvest_upper_sum,multiscale_market_history,8,0.0,30.0,0.049723756906077346,current_and_past_legal_observations,provisional_not_selected
market_history.MELON.w4.identified_fraction,multiscale_market_history,4,0.0,1.0,0.9834254143646409,current_and_past_legal_observations,provisional_not_selected
market_history.MELON.w12.observed,multiscale_market_history,4,0.0,12.0,0.994475138121547,current_and_past_legal_observations,provisional_not_selected
market_history.MELON.w12.trade_sum,multiscale_market_history,8,0.0,100.0,0.04419889502762431,current_and_past_legal_observations,provisional_not_selected
market_history.MELON.w12.trade_std,multiscale_market_history,8,0.0,27.638539919628336,0.04419889502762431,current_and_past_legal_observations,provisional_not_selected
market_history.MELON.w12.quote_change_sum,multiscale_market_history,14,-167.0,6.0,0.40607734806629836,current_and_past_legal_observations,provisional_not_selected
market_history.MELON.w12.sales_lower_sum,multiscale_market_history,8,0.0,100.0,0.04419889502762431,current_and_past_legal_observations,provisional_not_selected
market_history.MELON.w12.sales_upper_sum,multiscale_market_history,14,0.0,864.0,0.055248618784530384,current_and_past_legal_observations,provisional_not_selected
market_history.MELON.w12.harvest_upper_sum,multiscale_market_history,15,0.0,72.0,0.07458563535911603,current_and_past_legal_observations,provisional_not_selected
market_history.MELON.w12.identified_fraction,multiscale_market_history,8,0.0,1.0,0.9917127071823204,current_and_past_legal_observations,provisional_not_selected
market_history.MELON.w24.observed,multiscale_market_history,7,0.0,24.0,0.994475138121547,current_and_past_legal_observations,provisional_not_selected
market_history.MELON.w24.trade_sum,multiscale_market_history,9,0.0,100.0,0.07458563535911603,current_and_past_legal_observations,provisional_not_selected
market_history.MELON.w24.trade_std,multiscale_market_history,9,0.0,19.98263134713633,0.07458563535911603,current_and_past_legal_observations,provisional_not_selected
market_history.MELON.w24.quote_change_sum,multiscale_market_history,13,-167.0,6.0,0.787292817679558,current_and_past_legal_observations,provisional_not_selected
market_history.MELON.w24.sales_lower_sum,multiscale_market_history,9,0.0,100.0,0.07458563535911603,current_and_past_legal_observations,provisional_not_selected
market_history.MELON.w24.sales_upper_sum,multiscale_market_history,15,0.0,1153.0,0.0856353591160221,current_and_past_legal_observations,provisional_not_selected
market_history.MELON.w24.harvest_upper_sum,multiscale_market_history,20,0.0,126.0,0.09116022099447514,current_and_past_legal_observations,provisional_not_selected
market_history.MELON.w24.identified_fraction,multiscale_market_history,10,0.0,1.0,0.994475138121547,current_and_past_legal_observations,provisional_not_selected
market_history.MELON.sale_seen,rival_sale_recency,2,0.0,1.0,0.281767955801105,current_and_past_legal_observations,provisional_not_selected
market_history.MELON.sale_age,rival_sale_recency,89,0.0,260.0,0.281767955801105,current_and_past_legal_observations,provisional_not_selected
market_history.EGG.last.available,causal_supply_bounds,2,0.0,1.0,0.994475138121547,current_and_past_legal_observations,provisional_not_selected
market_history.EGG.last.trade_net,causal_supply_bounds,6,0.0,8.0,0.024631675874769797,current_and_past_legal_observations,provisional_not_selected
market_history.EGG.last.known_demand,causal_supply_bounds,1,0.0,0.0,0.0,current_and_past_legal_observations,coverage_gap_constant
market_history.EGG.last.quote_change,causal_supply_bounds,3,-2.0,0.0,0.005985267034990792,current_and_past_legal_observations,provisional_not_selected
market_history.EGG.last.sale_supported,causal_supply_bounds,1,1.0,1.0,1.0,current_and_past_legal_observations,coverage_gap_constant
market_history.EGG.last.sales_lower,causal_supply_bounds,4,0.0,4.0,0.008977900552486187,current_and_past_legal_observations,provisional_not_selected
market_history.EGG.last.sales_upper,causal_supply_bounds,4,0.0,4.0,0.008977900552486187,current_and_past_legal_observations,provisional_not_selected
market_history.EGG.last.sales_identified,causal_supply_bounds,2,0.0,1.0,0.994475138121547,current_and_past_legal_observations,provisional_not_selected
market_history.EGG.last.floor_censored,causal_supply_bounds,1,0.0,0.0,0.0,current_and_past_legal_observations,coverage_gap_constant
market_history.EGG.last.harvest_upper,causal_supply_bounds,3,0.0,2.0,0.031077348066298343,current_and_past_legal_observations,provisional_not_selected
market_history.EGG.last.stock_upper,causal_supply_bounds,6,0.0,8.0,0.36187845303867405,current_and_past_legal_observations,provisional_not_selected
market_history.EGG.w4.observed,multiscale_market_history,2,0.0,4.0,0.994475138121547,current_and_past_legal_observations,provisional_not_selected
market_history.EGG.w4.trade_sum,multiscale_market_history,8,0.0,8.0,0.2253683241252302,current_and_past_legal_observations,provisional_not_selected
market_history.EGG.w4.trade_std,multiscale_market_history,10,0.0,3.4641016151377544,0.2253683241252302,current_and_past_legal_observations,provisional_not_selected
market_history.EGG.w4.quote_change_sum,multiscale_market_history,6,-3.0,2.0,0.12177716390423572,current_and_past_legal_observations,provisional_not_selected
market_history.EGG.w4.sales_lower_sum,multiscale_market_history,5,0.0,4.0,0.1111878453038674,current_and_past_legal_observations,provisional_not_selected
market_history.EGG.w4.sales_upper_sum,multiscale_market_history,5,0.0,4.0,0.1111878453038674,current_and_past_legal_observations,provisional_not_selected
market_history.EGG.w4.harvest_upper_sum,multiscale_market_history,5,0.0,4.0,0.09461325966850828,current_and_past_legal_observations,provisional_not_selected
market_history.EGG.w4.identified_fraction,multiscale_market_history,2,0.0,1.0,0.994475138121547,current_and_past_legal_observations,provisional_not_selected
market_history.EGG.w12.observed,multiscale_market_history,4,0.0,12.0,0.994475138121547,current_and_past_legal_observations,provisional_not_selected
market_history.EGG.w12.trade_sum,multiscale_market_history,11,0.0,16.0,0.5658379373848987,current_and_past_legal_observations,provisional_not_selected
market_history.EGG.w12.trade_std,multiscale_market_history,23,0.0,2.9814239699997196,0.5658379373848987,current_and_past_legal_observations,provisional_not_selected
market_history.EGG.w12.quote_change_sum,multiscale_market_history,7,-4.0,3.0,0.23733885819521178,current_and_past_legal_observations,provisional_not_selected
market_history.EGG.w12.sales_lower_sum,multiscale_market_history,8,0.0,8.0,0.281767955801105,current_and_past_legal_observations,provisional_not_selected
market_history.EGG.w12.sales_upper_sum,multiscale_market_history,8,0.0,8.0,0.281767955801105,current_and_past_legal_observations,provisional_not_selected
market_history.EGG.w12.harvest_upper_sum,multiscale_market_history,6,0.0,8.0,0.24447513812154695,current_and_past_legal_observations,provisional_not_selected
market_history.EGG.w12.identified_fraction,multiscale_market_history,2,0.0,1.0,0.994475138121547,current_and_past_legal_observations,provisional_not_selected
market_history.EGG.w24.observed,multiscale_market_history,7,0.0,24.0,0.994475138121547,current_and_past_legal_observations,provisional_not_selected
market_history.EGG.w24.trade_sum,multiscale_market_history,13,0.0,16.0,0.8261970534069981,current_and_past_legal_observations,provisional_not_selected
market_history.EGG.w24.trade_std,multiscale_market_history,30,0.0,2.2110831935702664,0.8261970534069981,current_and_past_legal_observations,provisional_not_selected
market_history.EGG.w24.quote_change_sum,multiscale_market_history,9,-4.0,4.0,0.406767955801105,current_and_past_legal_observations,provisional_not_selected
market_history.EGG.w24.sales_lower_sum,multiscale_market_history,8,0.0,8.0,0.4143646408839779,current_and_past_legal_observations,provisional_not_selected
market_history.EGG.w24.sales_upper_sum,multiscale_market_history,8,0.0,8.0,0.4143646408839779,current_and_past_legal_observations,provisional_not_selected
market_history.EGG.w24.harvest_upper_sum,multiscale_market_history,8,0.0,8.0,0.430939226519337,current_and_past_legal_observations,provisional_not_selected
market_history.EGG.w24.identified_fraction,multiscale_market_history,2,0.0,1.0,0.994475138121547,current_and_past_legal_observations,provisional_not_selected
market_history.EGG.sale_seen,rival_sale_recency,2,0.0,1.0,0.4171270718232044,current_and_past_legal_observations,provisional_not_selected
market_history.EGG.sale_age,rival_sale_recency,27,0.0,27.0,0.4171270718232044,current_and_past_legal_observations,provisional_not_selected
market_history.MILK.last.available,causal_supply_bounds,2,0.0,1.0,0.994475138121547,current_and_past_legal_observations,provisional_not_selected
market_history.MILK.last.trade_net,causal_supply_bounds,4,0.0,12.0,0.023480662983425413,current_and_past_legal_observations,provisional_not_selected
market_history.MILK.last.known_demand,causal_supply_bounds,1,0.0,0.0,0.0,current_and_past_legal_observations,coverage_gap_constant
market_history.MILK.last.quote_change,causal_supply_bounds,9,-25.0,0.0,0.022790055248618785,current_and_past_legal_observations,provisional_not_selected
market_history.MILK.last.sale_supported,causal_supply_bounds,1,1.0,1.0,1.0,current_and_past_legal_observations,coverage_gap_constant
market_history.MILK.last.sales_lower,causal_supply_bounds,3,0.0,6.0,0.010359116022099447,current_and_past_legal_observations,provisional_not_selected
market_history.MILK.last.sales_upper,causal_supply_bounds,3,0.0,6.0,0.010359116022099447,current_and_past_legal_observations,provisional_not_selected
market_history.MILK.last.sales_identified,causal_supply_bounds,2,0.0,1.0,0.994475138121547,current_and_past_legal_observations,provisional_not_selected
market_history.MILK.last.floor_censored,causal_supply_bounds,1,0.0,0.0,0.0,current_and_past_legal_observations,coverage_gap_constant
market_history.MILK.last.harvest_upper,causal_supply_bounds,3,0.0,6.0,0.022790055248618785,current_and_past_legal_observations,provisional_not_selected
market_history.MILK.last.stock_upper,causal_supply_bounds,6,0.0,12.0,0.14019337016574585,current_and_past_legal_observations,provisional_not_selected
market_history.MILK.w4.observed,multiscale_market_history,2,0.0,4.0,0.994475138121547,current_and_past_legal_observations,provisional_not_selected
market_history.MILK.w4.trade_sum,multiscale_market_history,6,0.0,24.0,0.09599447513812155,current_and_past_legal_observations,provisional_not_selected
market_history.MILK.w4.trade_std,multiscale_market_history,8,0.0,10.392304845413264,0.09599447513812155,current_and_past_legal_observations,provisional_not_selected
market_history.MILK.w4.quote_change_sum,multiscale_market_history,30,-53.0,12.0,0.7424033149171271,current_and_past_legal_observations,provisional_not_selected
market_history.MILK.w4.sales_lower_sum,multiscale_market_history,5,0.0,12.0,0.04696132596685083,current_and_past_legal_observations,provisional_not_selected
market_history.MILK.w4.sales_upper_sum,multiscale_market_history,5,0.0,12.0,0.04696132596685083,current_and_past_legal_observations,provisional_not_selected
market_history.MILK.w4.harvest_upper_sum,multiscale_market_history,5,0.0,12.0,0.03867403314917127,current_and_past_legal_observations,provisional_not_selected
market_history.MILK.w4.identified_fraction,multiscale_market_history,2,0.0,1.0,0.994475138121547,current_and_past_legal_observations,provisional_not_selected
market_history.MILK.w12.observed,multiscale_market_history,4,0.0,12.0,0.994475138121547,current_and_past_legal_observations,provisional_not_selected
market_history.MILK.w12.trade_sum,multiscale_market_history,6,0.0,24.0,0.2451657458563536,current_and_past_legal_observations,provisional_not_selected
market_history.MILK.w12.trade_std,multiscale_market_history,8,0.0,6.6332495807108,0.2451657458563536,current_and_past_legal_observations,provisional_not_selected
market_history.MILK.w12.quote_change_sum,multiscale_market_history,46,-53.0,23.0,0.8487569060773481,current_and_past_legal_observations,provisional_not_selected
market_history.MILK.w12.sales_lower_sum,multiscale_market_history,5,0.0,12.0,0.12154696132596685,current_and_past_legal_observations,provisional_not_selected
market_history.MILK.w12.sales_upper_sum,multiscale_market_history,5,0.0,12.0,0.12154696132596685,current_and_past_legal_observations,provisional_not_selected
market_history.MILK.w12.harvest_upper_sum,multiscale_market_history,6,0.0,12.0,0.09944751381215469,current_and_past_legal_observations,provisional_not_selected
market_history.MILK.w12.identified_fraction,multiscale_market_history,2,0.0,1.0,0.994475138121547,current_and_past_legal_observations,provisional_not_selected
market_history.MILK.w24.observed,multiscale_market_history,7,0.0,24.0,0.994475138121547,current_and_past_legal_observations,provisional_not_selected
market_history.MILK.w24.trade_sum,multiscale_market_history,6,0.0,24.0,0.4302486187845304,current_and_past_legal_observations,provisional_not_selected
market_history.MILK.w24.trade_std,multiscale_market_history,9,0.0,4.795831523312719,0.4302486187845304,current_and_past_legal_observations,provisional_not_selected
market_history.MILK.w24.quote_change_sum,multiscale_market_history,49,-55.0,36.0,0.9779005524861878,current_and_past_legal_observations,provisional_not_selected
market_history.MILK.w24.sales_lower_sum,multiscale_market_history,5,0.0,12.0,0.2154696132596685,current_and_past_legal_observations,provisional_not_selected
market_history.MILK.w24.sales_upper_sum,multiscale_market_history,5,0.0,12.0,0.2154696132596685,current_and_past_legal_observations,provisional_not_selected
market_history.MILK.w24.harvest_upper_sum,multiscale_market_history,6,0.0,12.0,0.19060773480662985,current_and_past_legal_observations,provisional_not_selected
market_history.MILK.w24.identified_fraction,multiscale_market_history,2,0.0,1.0,0.994475138121547,current_and_past_legal_observations,provisional_not_selected
market_history.MILK.sale_seen,rival_sale_recency,2,0.0,1.0,0.35428176795580113,current_and_past_legal_observations,provisional_not_selected
market_history.MILK.sale_age,rival_sale_recency,50,0.0,50.0,0.35428176795580113,current_and_past_legal_observations,provisional_not_selected
market_history.WOOL.last.available,causal_supply_bounds,2,0.0,1.0,0.994475138121547,current_and_past_legal_observations,provisional_not_selected
market_history.WOOL.last.trade_net,causal_supply_bounds,4,0.0,12.0,0.014042357274401474,current_and_past_legal_observations,provisional_not_selected
market_history.WOOL.last.known_demand,causal_supply_bounds,1,0.0,0.0,0.0,current_and_past_legal_observations,coverage_gap_constant
market_history.WOOL.last.quote_change,causal_supply_bounds,7,-27.0,0.0,0.012430939226519336,current_and_past_legal_observations,provisional_not_selected
market_history.WOOL.last.sale_supported,causal_supply_bounds,1,1.0,1.0,1.0,current_and_past_legal_observations,coverage_gap_constant
market_history.WOOL.last.sales_lower,causal_supply_bounds,4,0.0,6.0,0.008977900552486187,current_and_past_legal_observations,provisional_not_selected
market_history.WOOL.last.sales_upper,causal_supply_bounds,5,0.0,6.0,0.013121546961325966,current_and_past_legal_observations,provisional_not_selected
market_history.WOOL.last.sales_identified,causal_supply_bounds,2,0.0,1.0,0.9903314917127072,current_and_past_legal_observations,provisional_not_selected
market_history.WOOL.last.floor_censored,causal_supply_bounds,2,0.0,1.0,0.004143646408839779,current_and_past_legal_observations,provisional_not_selected
market_history.WOOL.last.harvest_upper,causal_supply_bounds,3,0.0,6.0,0.006215469613259668,current_and_past_legal_observations,provisional_not_selected
market_history.WOOL.last.stock_upper,causal_supply_bounds,8,0.0,9.0,0.16160220994475138,current_and_past_legal_observations,provisional_not_selected
market_history.WOOL.w4.observed,multiscale_market_history,2,0.0,4.0,0.994475138121547,current_and_past_legal_observations,provisional_not_selected
market_history.WOOL.w4.trade_sum,multiscale_market_history,6,0.0,12.0,0.08379373848987108,current_and_past_legal_observations,provisional_not_selected
market_history.WOOL.w4.trade_std,multiscale_market_history,6,0.0,5.196152422706632,0.08379373848987108,current_and_past_legal_observations,provisional_not_selected
market_history.WOOL.w4.quote_change_sum,multiscale_market_history,37,-45.0,16.0,0.2930478821362799,current_and_past_legal_observations,provisional_not_selected
market_history.WOOL.w4.sales_lower_sum,multiscale_market_history,5,0.0,6.0,0.04005524861878453,current_and_past_legal_observations,provisional_not_selected
market_history.WOOL.w4.sales_upper_sum,multiscale_market_history,7,0.0,12.0,0.04558011049723757,current_and_past_legal_observations,provisional_not_selected
market_history.WOOL.w4.harvest_upper_sum,multiscale_market_history,5,0.0,6.0,0.04143646408839779,current_and_past_legal_observations,provisional_not_selected
market_history.WOOL.w4.identified_fraction,multiscale_market_history,3,0.0,1.0,0.9903314917127072,current_and_past_legal_observations,provisional_not_selected
market_history.WOOL.w12.observed,multiscale_market_history,4,0.0,12.0,0.994475138121547,current_and_past_legal_observations,provisional_not_selected
market_history.WOOL.w12.trade_sum,multiscale_market_history,7,0.0,16.0,0.2509208103130755,current_and_past_legal_observations,provisional_not_selected
market_history.WOOL.w12.trade_std,multiscale_market_history,8,0.0,3.3166247903554,0.2509208103130755,current_and_past_legal_observations,provisional_not_selected
market_history.WOOL.w12.quote_change_sum,multiscale_market_history,55,-45.0,38.0,0.5612338858195212,current_and_past_legal_observations,provisional_not_selected
market_history.WOOL.w12.sales_lower_sum,multiscale_market_history,6,0.0,8.0,0.12154696132596685,current_and_past_legal_observations,provisional_not_selected
market_history.WOOL.w12.sales_upper_sum,multiscale_market_history,12,0.0,36.0,0.1298342541436464,current_and_past_legal_observations,provisional_not_selected
market_history.WOOL.w12.harvest_upper_sum,multiscale_market_history,5,0.0,6.0,0.12430939226519337,current_and_past_legal_observations,provisional_not_selected
market_history.WOOL.w12.identified_fraction,multiscale_market_history,7,0.0,1.0,0.9917127071823204,current_and_past_legal_observations,provisional_not_selected
market_history.WOOL.w24.observed,multiscale_market_history,7,0.0,24.0,0.994475138121547,current_and_past_legal_observations,provisional_not_selected
market_history.WOOL.w24.trade_sum,multiscale_market_history,9,0.0,20.0,0.47260589318600366,current_and_past_legal_observations,provisional_not_selected
market_history.WOOL.w24.trade_std,multiscale_market_history,10,0.0,2.823512391016236,0.47260589318600366,current_and_past_legal_observations,provisional_not_selected
market_history.WOOL.w24.quote_change_sum,multiscale_market_history,68,-79.0,67.0,0.8602670349907919,current_and_past_legal_observations,provisional_not_selected
market_history.WOOL.w24.sales_lower_sum,multiscale_market_history,8,0.0,10.0,0.22513812154696133,current_and_past_legal_observations,provisional_not_selected
market_history.WOOL.w24.sales_upper_sum,multiscale_market_history,19,0.0,72.0,0.23756906077348067,current_and_past_legal_observations,provisional_not_selected
market_history.WOOL.w24.harvest_upper_sum,multiscale_market_history,9,0.0,10.0,0.23066298342541436,current_and_past_legal_observations,provisional_not_selected
market_history.WOOL.w24.identified_fraction,multiscale_market_history,13,0.0,1.0,0.9937845303867403,current_and_past_legal_observations,provisional_not_selected
market_history.WOOL.sale_seen,rival_sale_recency,2,0.0,1.0,0.39502762430939226,current_and_past_legal_observations,provisional_not_selected
market_history.WOOL.sale_age,rival_sale_recency,74,0.0,96.0,0.39502762430939226,current_and_past_legal_observations,provisional_not_selected
market_history.FERTILIZER.last.available,causal_supply_bounds,2,0.0,1.0,0.994475138121547,current_and_past_legal_observations,provisional_not_selected
market_history.FERTILIZER.last.trade_net,causal_supply_bounds,6,0.0,6.0,0.06606813996316759,current_and_past_legal_observations,provisional_not_selected
market_history.FERTILIZER.last.known_demand,causal_supply_bounds,1,0.0,0.0,0.0,current_and_past_legal_observations,coverage_gap_constant
market_history.FERTILIZER.last.quote_change,causal_supply_bounds,2,-1.0,0.0,0.017955801104972375,current_and_past_legal_observations,provisional_not_selected
market_history.FERTILIZER.last.sale_supported,causal_supply_bounds,1,0.0,0.0,0.0,current_and_past_legal_observations,coverage_gap_constant
market_history.FERTILIZER.last.sales_lower,causal_supply_bounds,1,0.0,0.0,0.0,current_and_past_legal_observations,coverage_gap_constant
market_history.FERTILIZER.last.sales_upper,causal_supply_bounds,1,0.0,0.0,0.0,current_and_past_legal_observations,coverage_gap_constant
market_history.FERTILIZER.last.sales_identified,causal_supply_bounds,1,0.0,0.0,0.0,current_and_past_legal_observations,coverage_gap_constant
market_history.FERTILIZER.last.floor_censored,causal_supply_bounds,1,0.0,0.0,0.0,current_and_past_legal_observations,coverage_gap_constant
market_history.FERTILIZER.last.harvest_upper,causal_supply_bounds,1,0.0,0.0,0.0,current_and_past_legal_observations,coverage_gap_constant
market_history.FERTILIZER.last.stock_upper,causal_supply_bounds,1,0.0,0.0,0.0,current_and_past_legal_observations,coverage_gap_constant
market_history.FERTILIZER.w4.observed,multiscale_market_history,2,0.0,4.0,0.994475138121547,current_and_past_legal_observations,provisional_not_selected
market_history.FERTILIZER.w4.trade_sum,multiscale_market_history,10,0.0,12.0,0.3404696132596685,current_and_past_legal_observations,provisional_not_selected
market_history.FERTILIZER.w4.trade_std,multiscale_market_history,17,0.0,5.196152422706632,0.3404696132596685,current_and_past_legal_observations,provisional_not_selected
market_history.FERTILIZER.w4.quote_change_sum,multiscale_market_history,4,-3.0,0.0,0.18462246777163904,current_and_past_legal_observations,provisional_not_selected
market_history.FERTILIZER.w4.sales_lower_sum,multiscale_market_history,1,0.0,0.0,0.0,current_and_past_legal_observations,coverage_gap_constant
market_history.FERTILIZER.w4.sales_upper_sum,multiscale_market_history,1,0.0,0.0,0.0,current_and_past_legal_observations,coverage_gap_constant
market_history.FERTILIZER.w4.harvest_upper_sum,multiscale_market_history,1,0.0,0.0,0.0,current_and_past_legal_observations,coverage_gap_constant
market_history.FERTILIZER.w4.identified_fraction,multiscale_market_history,1,0.0,0.0,0.0,current_and_past_legal_observations,coverage_gap_constant
market_history.FERTILIZER.w12.observed,multiscale_market_history,4,0.0,12.0,0.994475138121547,current_and_past_legal_observations,provisional_not_selected
market_history.FERTILIZER.w12.trade_sum,multiscale_market_history,13,0.0,13.0,0.7228360957642725,current_and_past_legal_observations,provisional_not_selected
market_history.FERTILIZER.w12.trade_std,multiscale_market_history,48,0.0,3.3166247903554,0.7228360957642725,current_and_past_legal_observations,provisional_not_selected
market_history.FERTILIZER.w12.quote_change_sum,multiscale_market_history,4,-3.0,0.0,0.5025322283609577,current_and_past_legal_observations,provisional_not_selected
market_history.FERTILIZER.w12.sales_lower_sum,multiscale_market_history,1,0.0,0.0,0.0,current_and_past_legal_observations,coverage_gap_constant
market_history.FERTILIZER.w12.sales_upper_sum,multiscale_market_history,1,0.0,0.0,0.0,current_and_past_legal_observations,coverage_gap_constant
market_history.FERTILIZER.w12.harvest_upper_sum,multiscale_market_history,1,0.0,0.0,0.0,current_and_past_legal_observations,coverage_gap_constant
market_history.FERTILIZER.w12.identified_fraction,multiscale_market_history,1,0.0,0.0,0.0,current_and_past_legal_observations,coverage_gap_constant
market_history.FERTILIZER.w24.observed,multiscale_market_history,7,0.0,24.0,0.994475138121547,current_and_past_legal_observations,provisional_not_selected
market_history.FERTILIZER.w24.trade_sum,multiscale_market_history,20,0.0,20.0,0.9378453038674033,current_and_past_legal_observations,provisional_not_selected
market_history.FERTILIZER.w24.trade_std,multiscale_market_history,107,0.0,2.5110865288865605,0.9378453038674033,current_and_past_legal_observations,provisional_not_selected
market_history.FERTILIZER.w24.quote_change_sum,multiscale_market_history,5,-4.0,0.0,0.8519797421731123,current_and_past_legal_observations,provisional_not_selected
market_history.FERTILIZER.w24.sales_lower_sum,multiscale_market_history,1,0.0,0.0,0.0,current_and_past_legal_observations,coverage_gap_constant
market_history.FERTILIZER.w24.sales_upper_sum,multiscale_market_history,1,0.0,0.0,0.0,current_and_past_legal_observations,coverage_gap_constant
market_history.FERTILIZER.w24.harvest_upper_sum,multiscale_market_history,1,0.0,0.0,0.0,current_and_past_legal_observations,coverage_gap_constant
market_history.FERTILIZER.w24.identified_fraction,multiscale_market_history,1,0.0,0.0,0.0,current_and_past_legal_observations,coverage_gap_constant
market_history.FERTILIZER.sale_seen,rival_sale_recency,1,0.0,0.0,0.0,current_and_past_legal_observations,coverage_gap_constant
market_history.FERTILIZER.sale_age,rival_sale_recency,1,0.0,0.0,0.0,current_and_past_legal_observations,coverage_gap_constant
livestock.own.COW.present,livestock_production_timing,3,0.0,2.0,0.988950276243094,current_legal_observation,provisional_not_selected
livestock.own.COW.feed_due,livestock_production_timing,3,0.0,2.0,0.3878913443830571,current_legal_observation,provisional_not_selected
livestock.own.COW.escape_without_feed,livestock_production_timing,3,0.0,2.0,0.04120626151012891,current_legal_observation,provisional_not_selected
livestock.own.COW.stored_units_at_escape_risk,livestock_production_timing,1,0.0,0.0,0.0,current_legal_observation,coverage_gap_constant
livestock.own.COW.replacement_coins_at_escape_risk,livestock_production_timing,3,0.0,800.0,0.04120626151012891,current_legal_observation,provisional_not_selected
livestock.own.COW.production_next_refresh,livestock_production_timing,2,0.0,2.0,0.40331491712707185,current_legal_observation,provisional_not_selected
livestock.own.COW.next_production_actions,livestock_production_timing,48,2.0,719.0,1.0,current_legal_observation,provisional_not_selected
livestock.own.COW.care_conversion_actions,livestock_production_timing,42,28.0,719.0,1.0,current_legal_observation,provisional_not_selected
livestock.own.COW.care_conversion_before_terminal,livestock_production_timing,3,0.0,2.0,0.8839779005524862,current_legal_observation,provisional_not_selected
livestock.own.COW.care_bonus_with_collection,livestock_production_timing,3,0.0,2.0,0.518646408839779,current_legal_observation,provisional_not_selected
livestock.own.COW.care_bonus_without_collection,livestock_production_timing,3,0.0,2.0,0.5075966850828729,current_legal_observation,provisional_not_selected
livestock.own.COW.care_bonus_current_quote_value,livestock_production_timing,280,0.0,688.0,0.518646408839779,current_legal_observation,provisional_not_selected
livestock.own.COW.held_units,livestock_production_timing,5,0.0,12.0,0.13397790055248618,current_legal_observation,provisional_not_selected
livestock.own.COW.banked_care,livestock_production_timing,7,0.0,10.0,0.8950276243093923,current_legal_observation,provisional_not_selected
livestock.own.COW.care_bank_room,livestock_production_timing,7,0.0,10.0,0.9226519337016574,current_legal_observation,provisional_not_selected
livestock.own.COW.next_refresh_units_without_feed,livestock_production_timing,9,0.0,12.0,0.5096685082872928,current_legal_observation,provisional_not_selected
livestock.own.COW.next_refresh_units_with_feed,livestock_production_timing,6,0.0,12.0,0.537292817679558,current_legal_observation,provisional_not_selected
livestock.own.COW.next_refresh_units_saved_by_feed,livestock_production_timing,6,0.0,10.0,0.15101289134438306,current_legal_observation,provisional_not_selected
livestock.own.COW.bonus_lost_on_unfed_production,livestock_production_timing,6,0.0,10.0,0.12154696132596685,current_legal_observation,provisional_not_selected
livestock.own.COW.next_production_overflow_without_collection,livestock_production_timing,1,0.0,0.0,0.0,current_legal_observation,coverage_gap_constant
livestock.own.COW.manure_available,livestock_production_timing,3,0.0,2.0,0.7382596685082873,current_legal_observation,provisional_not_selected
livestock.own.COW.uncollected_manure_slot_at_refresh,livestock_production_timing,3,0.0,2.0,0.7382596685082873,current_legal_observation,provisional_not_selected
livestock.own.COW.daily_feed_current_buy_cost,livestock_production_timing,31,0.0,110.0,0.988950276243094,current_legal_observation,provisional_not_selected
livestock.own.COW.worker_route_sum,livestock_service_routing,8,0.0,7.0,0.9242633517495396,current_legal_observation,provisional_not_selected
livestock.own.COW.worker_route_max,livestock_service_routing,5,0.0,4.0,0.9242633517495396,current_legal_observation,provisional_not_selected
livestock.own.COW.feed_route_deadline_failures,livestock_service_routing,2,0.0,1.0,0.002992633517495396,current_legal_observation,provisional_not_selected
livestock.own.GOOSE.present,livestock_production_timing,3,0.0,2.0,0.994475138121547,current_legal_observation,provisional_not_selected
livestock.own.GOOSE.feed_due,livestock_production_timing,3,0.0,2.0,0.3867403314917127,current_legal_observation,provisional_not_selected
livestock.own.GOOSE.escape_without_feed,livestock_production_timing,2,0.0,1.0,0.006906077348066298,current_legal_observation,provisional_not_selected
livestock.own.GOOSE.stored_units_at_escape_risk,livestock_production_timing,2,0.0,1.0,0.006906077348066298,current_legal_observation,provisional_not_selected
livestock.own.GOOSE.replacement_coins_at_escape_risk,livestock_production_timing,2,0.0,300.0,0.006906077348066298,current_legal_observation,provisional_not_selected
livestock.own.GOOSE.production_next_refresh,livestock_production_timing,2,0.0,2.0,0.9005524861878453,current_legal_observation,provisional_not_selected
livestock.own.GOOSE.next_production_actions,livestock_production_timing,25,2.0,719.0,1.0,current_legal_observation,provisional_not_selected
livestock.own.GOOSE.care_conversion_actions,livestock_production_timing,19,26.0,719.0,1.0,current_legal_observation,provisional_not_selected
livestock.own.GOOSE.care_conversion_before_terminal,livestock_production_timing,3,0.0,2.0,0.9226519337016574,current_legal_observation,provisional_not_selected
livestock.own.GOOSE.care_bonus_with_collection,livestock_production_timing,3,0.0,2.0,0.5883977900552486,current_legal_observation,provisional_not_selected
livestock.own.GOOSE.care_bonus_without_collection,livestock_production_timing,3,0.0,2.0,0.5828729281767956,current_legal_observation,provisional_not_selected
livestock.own.GOOSE.care_bonus_current_quote_value,livestock_production_timing,48,0.0,130.0,0.5883977900552486,current_legal_observation,provisional_not_selected
livestock.own.GOOSE.held_units,livestock_production_timing,6,0.0,8.0,0.30985267034990793,current_legal_observation,provisional_not_selected
livestock.own.GOOSE.banked_care,livestock_production_timing,5,0.0,6.0,0.9240331491712708,current_legal_observation,provisional_not_selected
livestock.own.GOOSE.care_bank_room,livestock_production_timing,5,0.0,6.0,0.994475138121547,current_legal_observation,provisional_not_selected
livestock.own.GOOSE.next_refresh_units_without_feed,livestock_production_timing,8,0.0,8.0,0.9005524861878453,current_legal_observation,provisional_not_selected
livestock.own.GOOSE.next_refresh_units_with_feed,livestock_production_timing,8,0.0,8.0,0.9005524861878453,current_legal_observation,provisional_not_selected
livestock.own.GOOSE.next_refresh_units_saved_by_feed,livestock_production_timing,5,0.0,6.0,0.2803867403314917,current_legal_observation,provisional_not_selected
livestock.own.GOOSE.bonus_lost_on_unfed_production,livestock_production_timing,5,0.0,6.0,0.2893646408839779,current_legal_observation,provisional_not_selected
livestock.own.GOOSE.next_production_overflow_without_collection,livestock_production_timing,3,0.0,4.0,0.011049723756906077,current_legal_observation,provisional_not_selected
livestock.own.GOOSE.manure_available,livestock_production_timing,3,0.0,2.0,0.690377532228361,current_legal_observation,provisional_not_selected
livestock.own.GOOSE.uncollected_manure_slot_at_refresh,livestock_production_timing,3,0.0,2.0,0.690377532228361,current_legal_observation,provisional_not_selected
livestock.own.GOOSE.daily_feed_current_buy_cost,livestock_production_timing,31,0.0,110.0,0.994475138121547,current_legal_observation,provisional_not_selected
livestock.own.GOOSE.worker_route_sum,livestock_service_routing,9,0.0,8.0,0.9058471454880295,current_legal_observation,provisional_not_selected
livestock.own.GOOSE.worker_route_max,livestock_service_routing,6,0.0,5.0,0.9058471454880295,current_legal_observation,provisional_not_selected
livestock.own.GOOSE.feed_route_deadline_failures,livestock_service_routing,2,0.0,1.0,0.0050644567219152855,current_legal_observation,provisional_not_selected
livestock.own.SHEEP.present,livestock_production_timing,3,0.0,2.0,0.988950276243094,current_legal_observation,provisional_not_selected
livestock.own.SHEEP.feed_due,livestock_production_timing,3,0.0,2.0,0.5006906077348067,current_legal_observation,provisional_not_selected
livestock.own.SHEEP.escape_without_feed,livestock_production_timing,2,0.0,1.0,0.02440147329650092,current_legal_observation,provisional_not_selected
livestock.own.SHEEP.stored_units_at_escape_risk,livestock_production_timing,1,0.0,0.0,0.0,current_legal_observation,coverage_gap_constant
livestock.own.SHEEP.replacement_coins_at_escape_risk,livestock_production_timing,2,0.0,500.0,0.02440147329650092,current_legal_observation,provisional_not_selected
livestock.own.SHEEP.production_next_refresh,livestock_production_timing,2,0.0,1.0,0.5359116022099447,current_legal_observation,provisional_not_selected
livestock.own.SHEEP.next_production_actions,livestock_production_timing,36,2.0,719.0,1.0,current_legal_observation,provisional_not_selected
livestock.own.SHEEP.care_conversion_actions,livestock_production_timing,31,26.0,719.0,1.0,current_legal_observation,provisional_not_selected
livestock.own.SHEEP.care_conversion_before_terminal,livestock_production_timing,3,0.0,2.0,0.9005524861878453,current_legal_observation,provisional_not_selected
livestock.own.SHEEP.care_bonus_with_collection,livestock_production_timing,3,0.0,2.0,0.5158839779005525,current_legal_observation,provisional_not_selected
livestock.own.SHEEP.care_bonus_without_collection,livestock_production_timing,3,0.0,2.0,0.5062154696132597,current_legal_observation,provisional_not_selected
livestock.own.SHEEP.care_bonus_current_quote_value,livestock_production_timing,122,0.0,490.0,0.5158839779005525,current_legal_observation,provisional_not_selected
livestock.own.SHEEP.held_units,livestock_production_timing,5,0.0,6.0,0.19313996316758747,current_legal_observation,provisional_not_selected
livestock.own.SHEEP.banked_care,livestock_production_timing,8,0.0,7.0,0.9074585635359116,current_legal_observation,provisional_not_selected
livestock.own.SHEEP.care_bank_room,livestock_production_timing,11,0.0,10.0,0.988950276243094,current_legal_observation,provisional_not_selected
livestock.own.SHEEP.next_refresh_units_without_feed,livestock_production_timing,10,0.0,10.0,0.6367403314917127,current_legal_observation,provisional_not_selected
livestock.own.SHEEP.next_refresh_units_with_feed,livestock_production_timing,10,0.0,10.0,0.6367403314917127,current_legal_observation,provisional_not_selected
livestock.own.SHEEP.next_refresh_units_saved_by_feed,livestock_production_timing,5,0.0,5.0,0.19337016574585636,current_legal_observation,provisional_not_selected
livestock.own.SHEEP.bonus_lost_on_unfed_production,livestock_production_timing,5,0.0,5.0,0.19337016574585636,current_legal_observation,provisional_not_selected
livestock.own.SHEEP.next_production_overflow_without_collection,livestock_production_timing,1,0.0,0.0,0.0,current_legal_observation,coverage_gap_constant
livestock.own.SHEEP.manure_available,livestock_production_timing,3,0.0,2.0,0.6293738489871087,current_legal_observation,provisional_not_selected
livestock.own.SHEEP.uncollected_manure_slot_at_refresh,livestock_production_timing,3,0.0,2.0,0.6293738489871087,current_legal_observation,provisional_not_selected
livestock.own.SHEEP.daily_feed_current_buy_cost,livestock_production_timing,32,0.0,110.0,0.988950276243094,current_legal_observation,provisional_not_selected
livestock.own.SHEEP.worker_route_sum,livestock_service_routing,8,0.0,9.0,0.9141344383057091,current_legal_observation,provisional_not_selected
livestock.own.SHEEP.worker_route_max,livestock_service_routing,6,0.0,5.0,0.9141344383057091,current_legal_observation,provisional_not_selected
livestock.own.SHEEP.feed_route_deadline_failures,livestock_service_routing,2,0.0,1.0,0.003453038674033149,current_legal_observation,provisional_not_selected
livestock.opponent.COW.present,livestock_production_timing,3,0.0,2.0,0.494475138121547,current_legal_observation,provisional_not_selected
livestock.opponent.COW.feed_due,livestock_production_timing,3,0.0,2.0,0.1871546961325967,current_legal_observation,provisional_not_selected
livestock.opponent.COW.escape_without_feed,livestock_production_timing,3,0.0,2.0,0.011740331491712707,current_legal_observation,provisional_not_selected
livestock.opponent.COW.stored_units_at_escape_risk,livestock_production_timing,1,0.0,0.0,0.0,current_legal_observation,coverage_gap_constant
livestock.opponent.COW.replacement_coins_at_escape_risk,livestock_production_timing,3,0.0,800.0,0.011740331491712707,current_legal_observation,provisional_not_selected
livestock.opponent.COW.production_next_refresh,livestock_production_timing,2,0.0,2.0,0.20165745856353592,current_legal_observation,provisional_not_selected
livestock.opponent.COW.next_production_actions,livestock_production_timing,48,2.0,719.0,1.0,current_legal_observation,provisional_not_selected
livestock.opponent.COW.care_conversion_actions,livestock_production_timing,42,28.0,719.0,1.0,current_legal_observation,provisional_not_selected
livestock.opponent.COW.care_conversion_before_terminal,livestock_production_timing,3,0.0,2.0,0.4419889502762431,current_legal_observation,provisional_not_selected
livestock.opponent.COW.care_bonus_with_collection,livestock_production_timing,3,0.0,2.0,0.2755524861878453,current_legal_observation,provisional_not_selected
livestock.opponent.COW.care_bonus_without_collection,livestock_production_timing,3,0.0,2.0,0.27002762430939226,current_legal_observation,provisional_not_selected
livestock.opponent.COW.care_bonus_current_quote_value,livestock_production_timing,173,0.0,528.0,0.2755524861878453,current_legal_observation,provisional_not_selected
livestock.opponent.COW.held_units,livestock_production_timing,5,0.0,12.0,0.06767955801104972,current_legal_observation,provisional_not_selected
livestock.opponent.COW.banked_care,livestock_production_timing,7,0.0,10.0,0.44751381215469616,current_legal_observation,provisional_not_selected
livestock.opponent.COW.care_bank_room,livestock_production_timing,7,0.0,10.0,0.4613259668508287,current_legal_observation,provisional_not_selected
livestock.opponent.COW.next_refresh_units_without_feed,livestock_production_timing,9,0.0,12.0,0.26657458563535913,current_legal_observation,provisional_not_selected
livestock.opponent.COW.next_refresh_units_with_feed,livestock_production_timing,6,0.0,12.0,0.26933701657458564,current_legal_observation,provisional_not_selected
livestock.opponent.COW.next_refresh_units_saved_by_feed,livestock_production_timing,6,0.0,10.0,0.06629834254143646,current_legal_observation,provisional_not_selected
livestock.opponent.COW.bonus_lost_on_unfed_production,livestock_production_timing,6,0.0,10.0,0.06077348066298342,current_legal_observation,provisional_not_selected
livestock.opponent.COW.next_production_overflow_without_collection,livestock_production_timing,1,0.0,0.0,0.0,current_legal_observation,coverage_gap_constant
livestock.opponent.COW.manure_available,livestock_production_timing,3,0.0,2.0,0.375,current_legal_observation,provisional_not_selected
livestock.opponent.COW.uncollected_manure_slot_at_refresh,livestock_production_timing,3,0.0,2.0,0.375,current_legal_observation,provisional_not_selected
livestock.opponent.COW.daily_feed_current_buy_cost,livestock_production_timing,28,0.0,110.0,0.494475138121547,current_legal_observation,provisional_not_selected
livestock.opponent.COW.worker_route_sum,livestock_service_routing,7,0.0,6.0,0.4585635359116022,current_legal_observation,provisional_not_selected
livestock.opponent.COW.worker_route_max,livestock_service_routing,4,0.0,3.0,0.4585635359116022,current_legal_observation,provisional_not_selected
livestock.opponent.COW.feed_route_deadline_failures,livestock_service_routing,1,0.0,0.0,0.0,current_legal_observation,coverage_gap_constant
livestock.opponent.GOOSE.present,livestock_production_timing,3,0.0,2.0,0.4972375690607735,current_legal_observation,provisional_not_selected
livestock.opponent.GOOSE.feed_due,livestock_production_timing,3,0.0,2.0,0.19613259668508287,current_legal_observation,provisional_not_selected
livestock.opponent.GOOSE.escape_without_feed,livestock_production_timing,2,0.0,1.0,0.004143646408839779,current_legal_observation,provisional_not_selected
livestock.opponent.GOOSE.stored_units_at_escape_risk,livestock_production_timing,2,0.0,1.0,0.004143646408839779,current_legal_observation,provisional_not_selected
livestock.opponent.GOOSE.replacement_coins_at_escape_risk,livestock_production_timing,2,0.0,300.0,0.004143646408839779,current_legal_observation,provisional_not_selected
livestock.opponent.GOOSE.production_next_refresh,livestock_production_timing,2,0.0,2.0,0.45027624309392267,current_legal_observation,provisional_not_selected
livestock.opponent.GOOSE.next_production_actions,livestock_production_timing,25,2.0,719.0,1.0,current_legal_observation,provisional_not_selected
livestock.opponent.GOOSE.care_conversion_actions,livestock_production_timing,19,26.0,719.0,1.0,current_legal_observation,provisional_not_selected
livestock.opponent.GOOSE.care_conversion_before_terminal,livestock_production_timing,3,0.0,2.0,0.4613259668508287,current_legal_observation,provisional_not_selected
livestock.opponent.GOOSE.care_bonus_with_collection,livestock_production_timing,3,0.0,2.0,0.2969613259668508,current_legal_observation,provisional_not_selected
livestock.opponent.GOOSE.care_bonus_without_collection,livestock_production_timing,3,0.0,2.0,0.2941988950276243,current_legal_observation,provisional_not_selected
livestock.opponent.GOOSE.care_bonus_current_quote_value,livestock_production_timing,47,0.0,130.0,0.2969613259668508,current_legal_observation,provisional_not_selected
livestock.opponent.GOOSE.held_units,livestock_production_timing,5,0.0,8.0,0.15400552486187846,current_legal_observation,provisional_not_selected
livestock.opponent.GOOSE.banked_care,livestock_production_timing,5,0.0,6.0,0.46408839779005523,current_legal_observation,provisional_not_selected
livestock.opponent.GOOSE.care_bank_room,livestock_production_timing,5,0.0,6.0,0.4972375690607735,current_legal_observation,provisional_not_selected
livestock.opponent.GOOSE.next_refresh_units_without_feed,livestock_production_timing,8,0.0,8.0,0.45027624309392267,current_legal_observation,provisional_not_selected
livestock.opponent.GOOSE.next_refresh_units_with_feed,livestock_production_timing,8,0.0,8.0,0.45027624309392267,current_legal_observation,provisional_not_selected
livestock.opponent.GOOSE.next_refresh_units_saved_by_feed,livestock_production_timing,5,0.0,6.0,0.14019337016574585,current_legal_observation,provisional_not_selected
livestock.opponent.GOOSE.bonus_lost_on_unfed_production,livestock_production_timing,5,0.0,6.0,0.14502762430939226,current_legal_observation,provisional_not_selected
livestock.opponent.GOOSE.next_production_overflow_without_collection,livestock_production_timing,3,0.0,4.0,0.0055248618784530384,current_legal_observation,provisional_not_selected
livestock.opponent.GOOSE.manure_available,livestock_production_timing,3,0.0,2.0,0.35151933701657456,current_legal_observation,provisional_not_selected
livestock.opponent.GOOSE.uncollected_manure_slot_at_refresh,livestock_production_timing,3,0.0,2.0,0.35151933701657456,current_legal_observation,provisional_not_selected
livestock.opponent.GOOSE.daily_feed_current_buy_cost,livestock_production_timing,29,0.0,110.0,0.4972375690607735,current_legal_observation,provisional_not_selected
livestock.opponent.GOOSE.worker_route_sum,livestock_service_routing,8,0.0,7.0,0.45027624309392267,current_legal_observation,provisional_not_selected
livestock.opponent.GOOSE.worker_route_max,livestock_service_routing,5,0.0,4.0,0.45027624309392267,current_legal_observation,provisional_not_selected
livestock.opponent.GOOSE.feed_route_deadline_failures,livestock_service_routing,2,0.0,1.0,0.0027624309392265192,current_legal_observation,provisional_not_selected
livestock.opponent.SHEEP.present,livestock_production_timing,3,0.0,2.0,0.494475138121547,current_legal_observation,provisional_not_selected
livestock.opponent.SHEEP.feed_due,livestock_production_timing,3,0.0,2.0,0.24654696132596685,current_legal_observation,provisional_not_selected
livestock.opponent.SHEEP.escape_without_feed,livestock_production_timing,2,0.0,1.0,0.006906077348066298,current_legal_observation,provisional_not_selected
livestock.opponent.SHEEP.stored_units_at_escape_risk,livestock_production_timing,1,0.0,0.0,0.0,current_legal_observation,coverage_gap_constant
livestock.opponent.SHEEP.replacement_coins_at_escape_risk,livestock_production_timing,2,0.0,500.0,0.006906077348066298,current_legal_observation,provisional_not_selected
livestock.opponent.SHEEP.production_next_refresh,livestock_production_timing,2,0.0,1.0,0.26795580110497236,current_legal_observation,provisional_not_selected
livestock.opponent.SHEEP.next_production_actions,livestock_production_timing,36,2.0,719.0,1.0,current_legal_observation,provisional_not_selected
livestock.opponent.SHEEP.care_conversion_actions,livestock_production_timing,30,28.0,719.0,1.0,current_legal_observation,provisional_not_selected
livestock.opponent.SHEEP.care_conversion_before_terminal,livestock_production_timing,3,0.0,2.0,0.4585635359116022,current_legal_observation,provisional_not_selected
livestock.opponent.SHEEP.care_bonus_with_collection,livestock_production_timing,3,0.0,2.0,0.25828729281767954,current_legal_observation,provisional_not_selected
livestock.opponent.SHEEP.care_bonus_without_collection,livestock_production_timing,3,0.0,2.0,0.24861878453038674,current_legal_observation,provisional_not_selected
livestock.opponent.SHEEP.care_bonus_current_quote_value,livestock_production_timing,95,0.0,490.0,0.25828729281767954,current_legal_observation,provisional_not_selected
livestock.opponent.SHEEP.held_units,livestock_production_timing,5,0.0,6.0,0.09668508287292818,current_legal_observation,provisional_not_selected
livestock.opponent.SHEEP.banked_care,livestock_production_timing,8,0.0,7.0,0.4599447513812155,current_legal_observation,provisional_not_selected
livestock.opponent.SHEEP.care_bank_room,livestock_production_timing,11,0.0,10.0,0.494475138121547,current_legal_observation,provisional_not_selected
livestock.opponent.SHEEP.next_refresh_units_without_feed,livestock_production_timing,10,0.0,10.0,0.3100828729281768,current_legal_observation,provisional_not_selected
livestock.opponent.SHEEP.next_refresh_units_with_feed,livestock_production_timing,10,0.0,10.0,0.3100828729281768,current_legal_observation,provisional_not_selected
livestock.opponent.SHEEP.next_refresh_units_saved_by_feed,livestock_production_timing,5,0.0,5.0,0.09599447513812155,current_legal_observation,provisional_not_selected
livestock.opponent.SHEEP.bonus_lost_on_unfed_production,livestock_production_timing,5,0.0,5.0,0.09599447513812155,current_legal_observation,provisional_not_selected
livestock.opponent.SHEEP.next_production_overflow_without_collection,livestock_production_timing,1,0.0,0.0,0.0,current_legal_observation,coverage_gap_constant
livestock.opponent.SHEEP.manure_available,livestock_production_timing,3,0.0,2.0,0.31077348066298344,current_legal_observation,provisional_not_selected
livestock.opponent.SHEEP.uncollected_manure_slot_at_refresh,livestock_production_timing,3,0.0,2.0,0.31077348066298344,current_legal_observation,provisional_not_selected
livestock.opponent.SHEEP.daily_feed_current_buy_cost,livestock_production_timing,30,0.0,110.0,0.494475138121547,current_legal_observation,provisional_not_selected
livestock.opponent.SHEEP.worker_route_sum,livestock_service_routing,7,0.0,7.0,0.45234806629834257,current_legal_observation,provisional_not_selected
livestock.opponent.SHEEP.worker_route_max,livestock_service_routing,5,0.0,4.0,0.45234806629834257,current_legal_observation,provisional_not_selected
livestock.opponent.SHEEP.feed_route_deadline_failures,livestock_service_routing,2,0.0,1.0,0.0013812154696132596,current_legal_observation,provisional_not_selected
livestock.resources.wheat_total,feed_inventory_and_capital,20,0.0,20.0,0.9852670349907919,current_legal_observation,provisional_not_selected
livestock.resources.wheat_in_shed,feed_inventory_and_capital,19,0.0,20.0,0.7790055248618785,current_legal_observation,provisional_not_selected
livestock.resources.wheat_carried,feed_inventory_and_capital,21,0.0,20.0,0.8121546961325967,current_legal_observation,provisional_not_selected
livestock.resources.feed_due,feed_inventory_and_capital,7,0.0,6.0,0.5718232044198895,current_legal_observation,provisional_not_selected
livestock.resources.escape_emergencies,feed_inventory_and_capital,4,0.0,3.0,0.05639963167587477,current_legal_observation,provisional_not_selected
livestock.resources.one_day_feed_deficit,feed_inventory_and_capital,6,0.0,6.0,0.017265193370165747,current_legal_observation,provisional_not_selected
livestock.resources.two_day_feed_deficit,feed_inventory_and_capital,11,0.0,12.0,0.03222836095764273,current_legal_observation,provisional_not_selected
livestock.resources.feed_covered_days,feed_inventory_and_capital,21,0.0,3.3333333333333335,0.9852670349907919,current_legal_observation,provisional_not_selected
livestock.resources.one_day_feed_buy_cost,feed_inventory_and_capital,23,0.0,324.0,0.017265193370165747,current_legal_observation,provisional_not_selected
livestock.resources.feed_route_unavailable,feed_inventory_and_capital,2,0.0,6.0,0.009208103130755065,current_legal_observation,provisional_not_selected
livestock.resources.feed_route_late,feed_inventory_and_capital,7,0.0,6.0,0.026243093922651933,current_legal_observation,provisional_not_selected
livestock.resources.manure_total,feed_inventory_and_capital,8,0.0,7.0,0.8793738489871087,current_legal_observation,provisional_not_selected
livestock.resources.manure_in_shed,feed_inventory_and_capital,8,0.0,7.0,0.2969613259668508,current_legal_observation,provisional_not_selected
livestock.resources.manure_collectable,feed_inventory_and_capital,7,0.0,6.0,0.8089318600368324,current_legal_observation,provisional_not_selected
livestock.resources.animal_stock_unplaced,feed_inventory_and_capital,4,0.0,3.0,0.027624309392265192,current_legal_observation,provisional_not_selected
livestock.resources.product_stock_used,feed_inventory_and_capital,40,0.0,41.0,0.9919429097605893,current_legal_observation,provisional_not_selected
livestock.resources.cash_buying_supported,feed_inventory_and_capital,1,1.0,1.0,1.0,current_legal_observation,coverage_gap_constant
livestock.resources.prior_cash_bound_features_supported,feed_inventory_and_capital,1,0.0,0.0,0.0,current_legal_observation,coverage_gap_constant
livestock.fertilizer.CARROT.baseline_harvest_units,fertilizer_counterfactual_value,1,0.0,0.0,0.0,current_legal_observation,coverage_gap_constant
livestock.fertilizer.CARROT.treated_harvest_units,fertilizer_counterfactual_value,1,0.0,0.0,0.0,current_legal_observation,coverage_gap_constant
livestock.fertilizer.CARROT.bankable_extra_units,fertilizer_counterfactual_value,1,0.0,0.0,0.0,current_legal_observation,coverage_gap_constant
livestock.fertilizer.CARROT.current_quote_revenue_gain,fertilizer_counterfactual_value,1,0.0,0.0,0.0,current_legal_observation,coverage_gap_constant
livestock.fertilizer.CARROT.fertilizer_sale_opportunity,fertilizer_counterfactual_value,1,0.0,0.0,0.0,current_legal_observation,coverage_gap_constant
livestock.fertilizer.CARROT.extra_scenario_work,fertilizer_counterfactual_value,1,0.0,0.0,0.0,current_legal_observation,coverage_gap_constant
livestock.fertilizer.CARROT.net_scenario_value,fertilizer_counterfactual_value,1,0.0,0.0,0.0,current_legal_observation,coverage_gap_constant
livestock.fertilizer.CARROT.first_harvest_action_gain,fertilizer_counterfactual_value,1,0.0,0.0,0.0,current_legal_observation,coverage_gap_constant
livestock.fertilizer.CARROT.present,fertilizer_counterfactual_value,1,0.0,0.0,0.0,current_legal_observation,coverage_gap_constant
livestock.fertilizer.CARROT.positive_value_plants,fertilizer_counterfactual_value,1,0.0,0.0,0.0,current_legal_observation,coverage_gap_constant
livestock.fertilizer.CARROT.best_net_scenario_value,fertilizer_counterfactual_value,1,0.0,0.0,0.0,current_legal_observation,coverage_gap_constant
livestock.fertilizer.CARROT.ingredient_reachable,fertilizer_counterfactual_value,1,0.0,0.0,0.0,current_legal_observation,coverage_gap_constant
livestock.fertilizer.MELON.baseline_harvest_units,fertilizer_counterfactual_value,1,0.0,0.0,0.0,current_legal_observation,coverage_gap_constant
livestock.fertilizer.MELON.treated_harvest_units,fertilizer_counterfactual_value,1,0.0,0.0,0.0,current_legal_observation,coverage_gap_constant
livestock.fertilizer.MELON.bankable_extra_units,fertilizer_counterfactual_value,1,0.0,0.0,0.0,current_legal_observation,coverage_gap_constant
livestock.fertilizer.MELON.current_quote_revenue_gain,fertilizer_counterfactual_value,1,0.0,0.0,0.0,current_legal_observation,coverage_gap_constant
livestock.fertilizer.MELON.fertilizer_sale_opportunity,fertilizer_counterfactual_value,1,0.0,0.0,0.0,current_legal_observation,coverage_gap_constant
livestock.fertilizer.MELON.extra_scenario_work,fertilizer_counterfactual_value,1,0.0,0.0,0.0,current_legal_observation,coverage_gap_constant
livestock.fertilizer.MELON.net_scenario_value,fertilizer_counterfactual_value,1,0.0,0.0,0.0,current_legal_observation,coverage_gap_constant
livestock.fertilizer.MELON.first_harvest_action_gain,fertilizer_counterfactual_value,1,0.0,0.0,0.0,current_legal_observation,coverage_gap_constant
livestock.fertilizer.MELON.present,fertilizer_counterfactual_value,1,0.0,0.0,0.0,current_legal_observation,coverage_gap_constant
livestock.fertilizer.MELON.positive_value_plants,fertilizer_counterfactual_value,1,0.0,0.0,0.0,current_legal_observation,coverage_gap_constant
livestock.fertilizer.MELON.best_net_scenario_value,fertilizer_counterfactual_value,1,0.0,0.0,0.0,current_legal_observation,coverage_gap_constant
livestock.fertilizer.MELON.ingredient_reachable,fertilizer_counterfactual_value,1,0.0,0.0,0.0,current_legal_observation,coverage_gap_constant
livestock.fertilizer.STRAWBERRY.baseline_harvest_units,fertilizer_counterfactual_value,18,0.0,17.0,0.7951197053406999,current_legal_observation,provisional_not_selected
livestock.fertilizer.STRAWBERRY.treated_harvest_units,fertilizer_counterfactual_value,18,0.0,18.0,0.7944290976058932,current_legal_observation,provisional_not_selected
livestock.fertilizer.STRAWBERRY.bankable_extra_units,fertilizer_counterfactual_value,6,-4.0,3.0,0.3303406998158379,current_legal_observation,provisional_not_selected
livestock.fertilizer.STRAWBERRY.current_quote_revenue_gain,fertilizer_counterfactual_value,198,-1126.0,610.0,0.3303406998158379,current_legal_observation,provisional_not_selected
livestock.fertilizer.STRAWBERRY.fertilizer_sale_opportunity,fertilizer_counterfactual_value,102,0.0,300.0,0.9723756906077348,current_legal_observation,provisional_not_selected
livestock.fertilizer.STRAWBERRY.extra_scenario_work,fertilizer_counterfactual_value,4,0.0,3.0,0.9705340699815838,current_legal_observation,provisional_not_selected
livestock.fertilizer.STRAWBERRY.net_scenario_value,fertilizer_counterfactual_value,328,-1369.0,442.0,0.9696132596685083,current_legal_observation,provisional_not_selected
livestock.fertilizer.STRAWBERRY.first_harvest_action_gain,fertilizer_counterfactual_value,3,-2.0,0.0,0.23158379373848986,current_legal_observation,provisional_not_selected
livestock.fertilizer.STRAWBERRY.present,fertilizer_counterfactual_value,4,0.0,3.0,0.9723756906077348,current_legal_observation,provisional_not_selected
livestock.fertilizer.STRAWBERRY.positive_value_plants,fertilizer_counterfactual_value,4,0.0,3.0,0.3287292817679558,current_legal_observation,provisional_not_selected
livestock.fertilizer.STRAWBERRY.best_net_scenario_value,fertilizer_counterfactual_value,201,-108.0,223.0,0.9723756906077348,current_legal_observation,provisional_not_selected
livestock.fertilizer.STRAWBERRY.ingredient_reachable,fertilizer_counterfactual_value,4,0.0,3.0,0.8793738489871087,current_legal_observation,provisional_not_selected
livestock.fertilizer.TOMATO.baseline_harvest_units,fertilizer_counterfactual_value,20,0.0,19.0,0.8374769797421732,current_legal_observation,provisional_not_selected
livestock.fertilizer.TOMATO.treated_harvest_units,fertilizer_counterfactual_value,23,0.0,22.0,0.8374769797421732,current_legal_observation,provisional_not_selected
livestock.fertilizer.TOMATO.bankable_extra_units,fertilizer_counterfactual_value,8,-2.0,6.0,0.4491252302025783,current_legal_observation,provisional_not_selected
livestock.fertilizer.TOMATO.current_quote_revenue_gain,fertilizer_counterfactual_value,185,-267.0,397.0,0.4491252302025783,current_legal_observation,provisional_not_selected
livestock.fertilizer.TOMATO.fertilizer_sale_opportunity,fertilizer_counterfactual_value,103,0.0,300.0,0.8743093922651933,current_legal_observation,provisional_not_selected
livestock.fertilizer.TOMATO.extra_scenario_work,fertilizer_counterfactual_value,4,0.0,3.0,0.8651012891344383,current_legal_observation,provisional_not_selected
livestock.fertilizer.TOMATO.net_scenario_value,fertilizer_counterfactual_value,271,-349.0,130.0,0.8722375690607734,current_legal_observation,provisional_not_selected
livestock.fertilizer.TOMATO.first_harvest_action_gain,fertilizer_counterfactual_value,4,-3.0,0.0,0.32021178637200737,current_legal_observation,provisional_not_selected
livestock.fertilizer.TOMATO.present,fertilizer_counterfactual_value,4,0.0,3.0,0.8743093922651933,current_legal_observation,provisional_not_selected
livestock.fertilizer.TOMATO.positive_value_plants,fertilizer_counterfactual_value,3,0.0,2.0,0.30455801104972374,current_legal_observation,provisional_not_selected
livestock.fertilizer.TOMATO.best_net_scenario_value,fertilizer_counterfactual_value,209,-349.0,163.0,0.869475138121547,current_legal_observation,provisional_not_selected
livestock.fertilizer.TOMATO.ingredient_reachable,fertilizer_counterfactual_value,4,0.0,3.0,0.796731123388582,current_legal_observation,provisional_not_selected
livestock.fertilizer.WHEAT.baseline_harvest_units,fertilizer_counterfactual_value,22,0.0,24.0,0.9576427255985267,current_legal_observation,provisional_not_selected
livestock.fertilizer.WHEAT.treated_harvest_units,fertilizer_counterfactual_value,23,0.0,24.0,0.95695211786372,current_legal_observation,provisional_not_selected
livestock.fertilizer.WHEAT.bankable_extra_units,fertilizer_counterfactual_value,9,0.0,8.0,0.8662523020257827,current_legal_observation,provisional_not_selected
livestock.fertilizer.WHEAT.current_quote_revenue_gain,fertilizer_counterfactual_value,150,0.0,368.0,0.8662523020257827,current_legal_observation,provisional_not_selected
livestock.fertilizer.WHEAT.fertilizer_sale_opportunity,fertilizer_counterfactual_value,130,0.0,400.0,0.9578729281767956,current_legal_observation,provisional_not_selected
livestock.fertilizer.WHEAT.extra_scenario_work,fertilizer_counterfactual_value,5,0.0,4.0,0.95695211786372,current_legal_observation,provisional_not_selected
livestock.fertilizer.WHEAT.net_scenario_value,fertilizer_counterfactual_value,241,-344.0,31.0,0.9571823204419889,current_legal_observation,provisional_not_selected
livestock.fertilizer.WHEAT.first_harvest_action_gain,fertilizer_counterfactual_value,4,-3.0,0.0,0.3906537753222836,current_legal_observation,provisional_not_selected
livestock.fertilizer.WHEAT.present,fertilizer_counterfactual_value,5,0.0,4.0,0.9578729281767956,current_legal_observation,provisional_not_selected
livestock.fertilizer.WHEAT.positive_value_plants,fertilizer_counterfactual_value,5,0.0,4.0,0.18853591160220995,current_legal_observation,provisional_not_selected
livestock.fertilizer.WHEAT.best_net_scenario_value,fertilizer_counterfactual_value,119,-89.0,41.0,0.9509668508287292,current_legal_observation,provisional_not_selected
livestock.fertilizer.WHEAT.ingredient_reachable,fertilizer_counterfactual_value,5,0.0,4.0,0.8674033149171271,current_legal_observation,provisional_not_selected
terminal.decisions_remaining,terminal_event_feasibility,181,1.0,719.0,1.0,current_legal_observation,provisional_not_selected
terminal.refreshes_remaining,terminal_event_feasibility,30,0.0,29.0,0.9613259668508287,current_legal_observation,provisional_not_selected
terminal.final_day,terminal_event_feasibility,2,0.0,1.0,0.03867403314917127,current_legal_observation,provisional_not_selected
terminal.next_refresh_exists,terminal_event_feasibility,2,0.0,1.0,0.9613259668508287,current_legal_observation,provisional_not_selected
terminal.CARROT.carried,terminal_stock_opportunity,1,0.0,0.0,0.0,current_legal_observation,coverage_gap_constant
terminal.CARROT.shed,terminal_stock_opportunity,1,0.0,0.0,0.0,current_legal_observation,coverage_gap_constant
terminal.CARROT.ready,terminal_stock_opportunity,1,0.0,0.0,0.0,current_legal_observation,coverage_gap_constant
terminal.CARROT.carry_sale_value,terminal_stock_opportunity,1,0.0,0.0,0.0,current_legal_observation,coverage_gap_constant
terminal.EGG.carried,terminal_stock_opportunity,6,0.0,8.0,0.5897790055248618,current_legal_observation,provisional_not_selected
terminal.EGG.shed,terminal_stock_opportunity,6,0.0,8.0,0.11256906077348067,current_legal_observation,provisional_not_selected
terminal.EGG.ready,terminal_stock_opportunity,6,0.0,8.0,0.30985267034990793,current_legal_observation,provisional_not_selected
terminal.EGG.carry_sale_value,terminal_stock_opportunity,122,0.0,408.0,0.5897790055248618,current_legal_observation,provisional_not_selected
terminal.FERTILIZER.carried,terminal_stock_opportunity,8,0.0,7.0,0.6611418047882136,current_legal_observation,provisional_not_selected
terminal.FERTILIZER.shed,terminal_stock_opportunity,8,0.0,7.0,0.2969613259668508,current_legal_observation,provisional_not_selected
terminal.FERTILIZER.ready,terminal_stock_opportunity,7,0.0,6.0,0.8089318600368324,current_legal_observation,provisional_not_selected
terminal.FERTILIZER.carry_sale_value,terminal_stock_opportunity,303,0.0,614.0,0.6611418047882136,current_legal_observation,provisional_not_selected
terminal.MELON.carried,terminal_stock_opportunity,1,0.0,0.0,0.0,current_legal_observation,coverage_gap_constant
terminal.MELON.shed,terminal_stock_opportunity,1,0.0,0.0,0.0,current_legal_observation,coverage_gap_constant
terminal.MELON.ready,terminal_stock_opportunity,1,0.0,0.0,0.0,current_legal_observation,coverage_gap_constant
terminal.MELON.carry_sale_value,terminal_stock_opportunity,1,0.0,0.0,0.0,current_legal_observation,coverage_gap_constant
terminal.MILK.carried,terminal_stock_opportunity,6,0.0,12.0,0.23687845303867403,current_legal_observation,provisional_not_selected
terminal.MILK.shed,terminal_stock_opportunity,4,0.0,12.0,0.031077348066298343,current_legal_observation,provisional_not_selected
terminal.MILK.ready,terminal_stock_opportunity,5,0.0,12.0,0.13397790055248618,current_legal_observation,provisional_not_selected
terminal.MILK.carry_sale_value,terminal_stock_opportunity,239,0.0,2668.0,0.23687845303867403,current_legal_observation,provisional_not_selected
terminal.STRAWBERRY.carried,terminal_stock_opportunity,3,0.0,4.0,0.13789134438305709,current_legal_observation,provisional_not_selected
terminal.STRAWBERRY.shed,terminal_stock_opportunity,3,0.0,4.0,0.03591160220994475,current_legal_observation,provisional_not_selected
terminal.STRAWBERRY.ready,terminal_stock_opportunity,3,0.0,4.0,0.23181399631675875,current_legal_observation,provisional_not_selected
terminal.STRAWBERRY.carry_sale_value,terminal_stock_opportunity,178,0.0,1312.0,0.13789134438305709,current_legal_observation,provisional_not_selected
terminal.TOMATO.carried,terminal_stock_opportunity,7,0.0,6.0,0.1171731123388582,current_legal_observation,provisional_not_selected
terminal.TOMATO.shed,terminal_stock_opportunity,7,0.0,6.0,0.05386740331491713,current_legal_observation,provisional_not_selected
terminal.TOMATO.ready,terminal_stock_opportunity,7,0.0,6.0,0.32136279926335176,current_legal_observation,provisional_not_selected
terminal.TOMATO.carry_sale_value,terminal_stock_opportunity,111,0.0,633.0,0.1171731123388582,current_legal_observation,provisional_not_selected
terminal.WHEAT.carried,terminal_stock_opportunity,21,0.0,20.0,0.8121546961325967,current_legal_observation,provisional_not_selected
terminal.WHEAT.shed,terminal_stock_opportunity,19,0.0,20.0,0.7790055248618785,current_legal_observation,provisional_not_selected
terminal.WHEAT.ready,terminal_stock_opportunity,20,0.0,20.0,0.880524861878453,current_legal_observation,provisional_not_selected
terminal.WHEAT.carry_sale_value,terminal_stock_opportunity,343,0.0,980.0,0.8121546961325967,current_legal_observation,provisional_not_selected
terminal.WOOL.carried,terminal_stock_opportunity,5,0.0,6.0,0.2578268876611418,current_legal_observation,provisional_not_selected
terminal.WOOL.shed,terminal_stock_opportunity,5,0.0,6.0,0.03798342541436464,current_legal_observation,provisional_not_selected
terminal.WOOL.ready,terminal_stock_opportunity,5,0.0,6.0,0.19313996316758747,current_legal_observation,provisional_not_selected
terminal.WOOL.carry_sale_value,terminal_stock_opportunity,98,0.0,1434.0,0.2578268876611418,current_legal_observation,provisional_not_selected
terminal.COW.unfed_without_refresh,terminal_event_feasibility,3,0.0,2.0,0.029465930018416207,current_legal_observation,provisional_not_selected
terminal.COW.bank_without_conversion,terminal_event_feasibility,1,0.0,0.0,0.0,current_legal_observation,coverage_gap_constant
terminal.COW.stored_units,terminal_event_feasibility,5,0.0,12.0,0.13397790055248618,current_legal_observation,provisional_not_selected
terminal.GOOSE.unfed_without_refresh,terminal_event_feasibility,2,0.0,2.0,0.03867403314917127,current_legal_observation,provisional_not_selected
terminal.GOOSE.bank_without_conversion,terminal_event_feasibility,1,0.0,0.0,0.0,current_legal_observation,coverage_gap_constant
terminal.GOOSE.stored_units,terminal_event_feasibility,6,0.0,8.0,0.30985267034990793,current_legal_observation,provisional_not_selected
terminal.SHEEP.unfed_without_refresh,terminal_event_feasibility,3,0.0,2.0,0.03867403314917127,current_legal_observation,provisional_not_selected
terminal.SHEEP.bank_without_conversion,terminal_event_feasibility,1,0.0,0.0,0.0,current_legal_observation,coverage_gap_constant
terminal.SHEEP.stored_units,terminal_event_feasibility,5,0.0,6.0,0.19313996316758747,current_legal_observation,provisional_not_selected
terminal.routes_generated,joint_liquidation_routes,54,0.0,1004.0,0.03867403314917127,current_legal_observation,provisional_not_selected
terminal.routes_feasible,joint_liquidation_routes,86,0.0,1003.0,0.03683241252302026,current_legal_observation,provisional_not_selected
terminal.routes_retained,joint_liquidation_routes,18,0.0,32.0,0.03683241252302026,current_legal_observation,provisional_not_selected
terminal.resources,joint_liquidation_routes,15,0.0,14.0,0.034990791896869246,current_legal_observation,provisional_not_selected
terminal.room,joint_liquidation_routes,10,0.0,100.0,0.03867403314917127,current_legal_observation,provisional_not_selected
terminal.budget,joint_liquidation_routes,8,0.0,23.0,0.03867403314917127,current_legal_observation,provisional_not_selected
terminal.assignment_leaves,joint_liquidation_routes,42,0.0,396.0,0.03867403314917127,current_legal_observation,provisional_not_selected
terminal.joint_utility,joint_liquidation_routes,138,0.0,2901.0,0.03683241252302026,current_legal_observation,provisional_not_selected
terminal.joint_work,joint_liquidation_routes,24,0.0,26.0,0.03683241252302026,current_legal_observation,provisional_not_selected
terminal.joint_units,joint_liquidation_routes,24,0.0,23.0,0.03683241252302026,current_legal_observation,provisional_not_selected
terminal.worker0.present,joint_liquidation_routes,1,1.0,1.0,1.0,current_legal_observation,coverage_gap_constant
terminal.worker0.menu_size,joint_liquidation_routes,9,0.0,8.0,0.031767955801104975,current_legal_observation,provisional_not_selected
terminal.worker0.best_value,joint_liquidation_routes,111,0.0,2909.0,0.031767955801104975,current_legal_observation,provisional_not_selected
terminal.worker0.best_utility,joint_liquidation_routes,117,0.0,2901.0,0.0315377532228361,current_legal_observation,provisional_not_selected
terminal.worker0.minimum_route_actions,joint_liquidation_routes,13,0.0,12.0,0.031767955801104975,current_legal_observation,provisional_not_selected
terminal.worker1.present,joint_liquidation_routes,2,0.0,1.0,0.8232044198895028,current_legal_observation,provisional_not_selected
terminal.worker1.menu_size,joint_liquidation_routes,8,0.0,8.0,0.01496316758747698,current_legal_observation,provisional_not_selected
terminal.worker1.best_value,joint_liquidation_routes,56,0.0,1643.0,0.01496316758747698,current_legal_observation,provisional_not_selected
terminal.worker1.best_utility,joint_liquidation_routes,62,0.0,1555.0,0.014732965009208104,current_legal_observation,provisional_not_selected
terminal.worker1.minimum_route_actions,joint_liquidation_routes,12,0.0,12.0,0.01496316758747698,current_legal_observation,provisional_not_selected
terminal.worker2.present,joint_liquidation_routes,2,0.0,1.0,0.8232044198895028,current_legal_observation,provisional_not_selected
terminal.worker2.menu_size,joint_liquidation_routes,8,0.0,8.0,0.017265193370165747,current_legal_observation,provisional_not_selected
terminal.worker2.best_value,joint_liquidation_routes,70,0.0,1687.0,0.017265193370165747,current_legal_observation,provisional_not_selected
terminal.worker2.best_utility,joint_liquidation_routes,73,0.0,1599.0,0.017265193370165747,current_legal_observation,provisional_not_selected
terminal.worker2.minimum_route_actions,joint_liquidation_routes,11,0.0,11.0,0.017265193370165747,current_legal_observation,provisional_not_selected
terminal.worker3.present,joint_liquidation_routes,2,0.0,1.0,0.8232044198895028,current_legal_observation,provisional_not_selected
terminal.worker3.menu_size,joint_liquidation_routes,9,0.0,8.0,0.017495395948434623,current_legal_observation,provisional_not_selected
terminal.worker3.best_value,joint_liquidation_routes,69,0.0,1643.0,0.017495395948434623,current_legal_observation,provisional_not_selected
terminal.worker3.best_utility,joint_liquidation_routes,73,0.0,1547.0,0.017495395948434623,current_legal_observation,provisional_not_selected
terminal.worker3.minimum_route_actions,joint_liquidation_routes,10,0.0,12.0,0.017495395948434623,current_legal_observation,provisional_not_selected
