first,second,spearman
time.day,time.decisions_remaining,-0.999457991660016
time.day,time.season_fraction,0.999457991660016
time.day,delivery.unit0.delivery_terminal_slack,-0.9993781178547313
time.day,terminal.decisions_remaining,-0.999457991660016
time.day,terminal.refreshes_remaining,-1.0
time.hour,time.hours_until_refresh,-1.0
time.decisions_remaining,time.season_fraction,-1.0
time.decisions_remaining,delivery.unit0.delivery_terminal_slack,0.9999818061475696
time.decisions_remaining,terminal.decisions_remaining,1.0
time.decisions_remaining,terminal.refreshes_remaining,0.999457991660016
time.season_fraction,delivery.unit0.delivery_terminal_slack,-0.9999818061475696
time.season_fraction,terminal.decisions_remaining,-1.0
time.season_fraction,terminal.refreshes_remaining,-0.999457991660016
logistics.shed_used,logistics.shed_free,-1.0
logistics.shed_used,storage.free_before_market,-1.0
logistics.shed_free,storage.free_before_market,1.0
logistics.carried_total,storage.carry_fraction_of_capacity,1.0
demand.YARN_STORE.instances,demand.WOOL.current_daily_units,1.0
market.WHEAT.price,market.WHEAT.normalized_price,1.0
market.WHEAT.price,market.WHEAT.normalized_supply,-0.9991696191500588
market.WHEAT.price,market.WHEAT.sell_5_revenue,0.9997265637256894
market.WHEAT.price,market.WHEAT.sell_20_revenue,0.9992378092738397
market.WHEAT.price,pressure.WHEAT.visible_rival_supply_stress_price,0.9991916695492623
market.WHEAT.price,market_plan.WHEAT.h4.demand_only_inventory,-0.99869619540836
market.WHEAT.price,market_plan.WHEAT.h12.demand_only_inventory,-0.9981793621611516
market.WHEAT.price,market_plan.WHEAT.h24.demand_only_inventory,-0.9973694978891193
market.WHEAT.price,livestock.own.COW.daily_feed_current_buy_cost,0.9995267448506217
market.WHEAT.price,livestock.own.GOOSE.daily_feed_current_buy_cost,0.9995383993507542
market.WHEAT.price,livestock.own.SHEEP.daily_feed_current_buy_cost,0.9983267560874893
market.WHEAT.normalized_price,market.WHEAT.normalized_supply,-0.9991696191500588
market.WHEAT.normalized_price,market.WHEAT.sell_5_revenue,0.9997265637256894
market.WHEAT.normalized_price,market.WHEAT.sell_20_revenue,0.9992378092738397
market.WHEAT.normalized_price,pressure.WHEAT.visible_rival_supply_stress_price,0.9991916695492623
market.WHEAT.normalized_price,market_plan.WHEAT.h4.demand_only_inventory,-0.99869619540836
market.WHEAT.normalized_price,market_plan.WHEAT.h12.demand_only_inventory,-0.9981793621611516
market.WHEAT.normalized_price,market_plan.WHEAT.h24.demand_only_inventory,-0.9973694978891193
market.WHEAT.normalized_price,livestock.own.COW.daily_feed_current_buy_cost,0.9995267448506217
market.WHEAT.normalized_price,livestock.own.GOOSE.daily_feed_current_buy_cost,0.9995383993507542
market.WHEAT.normalized_price,livestock.own.SHEEP.daily_feed_current_buy_cost,0.9983267560874893
market.WHEAT.normalized_supply,market.WHEAT.sell_5_revenue,-0.9994429030938671
market.WHEAT.normalized_supply,market.WHEAT.sell_20_revenue,-0.999931757862695
market.WHEAT.normalized_supply,pressure.WHEAT.visible_rival_supply_stress_price,-0.9989704024274781
market.WHEAT.normalized_supply,market_plan.WHEAT.h4.demand_only_inventory,0.9995245682282681
market.WHEAT.normalized_supply,market_plan.WHEAT.h12.demand_only_inventory,0.9989959786462485
market.WHEAT.normalized_supply,market_plan.WHEAT.h24.demand_only_inventory,0.9981689968768093
market.WHEAT.normalized_supply,livestock.own.COW.daily_feed_current_buy_cost,-0.9991135087975513
market.WHEAT.normalized_supply,livestock.own.GOOSE.daily_feed_current_buy_cost,-0.9991244591212498
market.WHEAT.normalized_supply,livestock.own.SHEEP.daily_feed_current_buy_cost,-0.9979900027612363
market.WHEAT.sell_5_revenue,market.WHEAT.sell_20_revenue,0.999511111868401
market.WHEAT.sell_5_revenue,pressure.WHEAT.visible_rival_supply_stress_price,0.9992360830944881
market.WHEAT.sell_5_revenue,market_plan.WHEAT.h4.demand_only_inventory,-0.9989554162023666
market.WHEAT.sell_5_revenue,market_plan.WHEAT.h12.demand_only_inventory,-0.9984243547961543
market.WHEAT.sell_5_revenue,market_plan.WHEAT.h24.demand_only_inventory,-0.9976309792794628
market.WHEAT.sell_5_revenue,livestock.own.COW.daily_feed_current_buy_cost,0.9993276760405371
market.WHEAT.sell_5_revenue,livestock.own.GOOSE.daily_feed_current_buy_cost,0.9993387576779007
market.WHEAT.sell_5_revenue,livestock.own.SHEEP.daily_feed_current_buy_cost,0.9982004246205414
market.WHEAT.sell_20_revenue,pressure.WHEAT.visible_rival_supply_stress_price,0.9990385789553564
market.WHEAT.sell_20_revenue,market_plan.WHEAT.h4.demand_only_inventory,-0.9994331779487708
market.WHEAT.sell_20_revenue,market_plan.WHEAT.h12.demand_only_inventory,-0.9988860290680384
market.WHEAT.sell_20_revenue,market_plan.WHEAT.h24.demand_only_inventory,-0.9980524118504209
market.WHEAT.sell_20_revenue,livestock.own.COW.daily_feed_current_buy_cost,0.9991245464935501
market.WHEAT.sell_20_revenue,livestock.own.GOOSE.daily_feed_current_buy_cost,0.9991354973220002
market.WHEAT.sell_20_revenue,livestock.own.SHEEP.daily_feed_current_buy_cost,0.9980009742395637
inventory.WHEAT.shed,market_plan.WHEAT.shed_units,1.0
inventory.WHEAT.shed,livestock.resources.wheat_in_shed,1.0
inventory.WHEAT.shed,terminal.WHEAT.shed,1.0
inventory.WHEAT.carried,market_plan.WHEAT.carried_units,1.0
inventory.WHEAT.carried,livestock.resources.wheat_carried,1.0
inventory.WHEAT.carried,terminal.WHEAT.carried,1.0
market.CARROT.price,market.CARROT.normalized_price,1.0
market.CARROT.price,pressure.CARROT.visible_rival_supply_stress_price,1.0
market.CARROT.normalized_price,pressure.CARROT.visible_rival_supply_stress_price,1.0
market.CARROT.normalized_supply,market.CARROT.sell_5_revenue,-0.997440632029286
market.CARROT.normalized_supply,market.CARROT.sell_20_revenue,-1.0
market.CARROT.normalized_supply,market_plan.CARROT.h4.demand_only_inventory,0.9962907043610806
market.CARROT.sell_5_revenue,market.CARROT.sell_20_revenue,0.997440632029286
market.CARROT.sell_20_revenue,market_plan.CARROT.h4.demand_only_inventory,-0.9962907043610806
market.TOMATO.price,market.TOMATO.normalized_price,1.0
market.TOMATO.price,market.TOMATO.normalized_supply,-0.9970925276107167
market.TOMATO.price,market.TOMATO.sell_5_revenue,0.9971442136925177
market.TOMATO.price,market.TOMATO.sell_20_revenue,0.9970925276107167
market.TOMATO.price,pressure.TOMATO.visible_rival_supply_stress_price,0.998080747047838
market.TOMATO.normalized_price,market.TOMATO.normalized_supply,-0.9970925276107167
market.TOMATO.normalized_price,market.TOMATO.sell_5_revenue,0.9971442136925177
market.TOMATO.normalized_price,market.TOMATO.sell_20_revenue,0.9970925276107167
market.TOMATO.normalized_price,pressure.TOMATO.visible_rival_supply_stress_price,0.998080747047838
market.TOMATO.normalized_supply,market.TOMATO.sell_5_revenue,-0.9999481658910603
market.TOMATO.normalized_supply,market.TOMATO.sell_20_revenue,-1.0
market.TOMATO.normalized_supply,pressure.TOMATO.visible_rival_supply_stress_price,-0.9955685031689044
market.TOMATO.normalized_supply,market_plan.TOMATO.h4.demand_only_inventory,0.9961960243240706
market.TOMATO.sell_5_revenue,market.TOMATO.sell_20_revenue,0.9999481658910603
market.TOMATO.sell_5_revenue,pressure.TOMATO.visible_rival_supply_stress_price,0.9955787318455896
market.TOMATO.sell_5_revenue,market_plan.TOMATO.h4.demand_only_inventory,-0.996134683321298
market.TOMATO.sell_20_revenue,pressure.TOMATO.visible_rival_supply_stress_price,0.9955685031689044
market.TOMATO.sell_20_revenue,market_plan.TOMATO.h4.demand_only_inventory,-0.9961960243240706
inventory.TOMATO.shed,inventory.TOMATO.immediate_sale_value,0.9998133853356529
inventory.TOMATO.shed,market_plan.TOMATO.shed_units,1.0
inventory.TOMATO.shed,terminal.TOMATO.shed,1.0
inventory.TOMATO.carried,market_plan.TOMATO.carried_units,1.0
inventory.TOMATO.carried,terminal.TOMATO.carried,1.0
inventory.TOMATO.carried,terminal.TOMATO.carry_sale_value,0.9984193524516756
inventory.TOMATO.immediate_sale_value,market_plan.TOMATO.shed_units,0.9998133853356529
inventory.TOMATO.immediate_sale_value,terminal.TOMATO.shed,0.9998133853356529
market.STRAWBERRY.price,market.STRAWBERRY.normalized_price,1.0
market.STRAWBERRY.price,market.STRAWBERRY.normalized_supply,-0.9999884580307692
market.STRAWBERRY.price,market.STRAWBERRY.sell_5_revenue,0.9999884580307692
market.STRAWBERRY.price,market.STRAWBERRY.sell_20_revenue,0.9999884580307692
market.STRAWBERRY.price,pressure.STRAWBERRY.visible_rival_supply_stress_price,0.9991205231167696
market.STRAWBERRY.price,market_plan.STRAWBERRY.h4.demand_only_inventory,-0.9972010142823707
market.STRAWBERRY.normalized_price,market.STRAWBERRY.normalized_supply,-0.9999884580307692
market.STRAWBERRY.normalized_price,market.STRAWBERRY.sell_5_revenue,0.9999884580307692
market.STRAWBERRY.normalized_price,market.STRAWBERRY.sell_20_revenue,0.9999884580307692
market.STRAWBERRY.normalized_price,pressure.STRAWBERRY.visible_rival_supply_stress_price,0.9991205231167696
market.STRAWBERRY.normalized_price,market_plan.STRAWBERRY.h4.demand_only_inventory,-0.9972010142823707
market.STRAWBERRY.normalized_supply,market.STRAWBERRY.sell_5_revenue,-1.0
market.STRAWBERRY.normalized_supply,market.STRAWBERRY.sell_20_revenue,-1.0
market.STRAWBERRY.normalized_supply,pressure.STRAWBERRY.visible_rival_supply_stress_price,-0.9991140723352686
market.STRAWBERRY.normalized_supply,market_plan.STRAWBERRY.h4.demand_only_inventory,0.9972172630525369
market.STRAWBERRY.sell_5_revenue,market.STRAWBERRY.sell_20_revenue,1.0
market.STRAWBERRY.sell_5_revenue,pressure.STRAWBERRY.visible_rival_supply_stress_price,0.9991140723352686
market.STRAWBERRY.sell_5_revenue,market_plan.STRAWBERRY.h4.demand_only_inventory,-0.9972172630525369
market.STRAWBERRY.sell_20_revenue,pressure.STRAWBERRY.visible_rival_supply_stress_price,0.9991140723352686
market.STRAWBERRY.sell_20_revenue,market_plan.STRAWBERRY.h4.demand_only_inventory,-0.9972172630525369
inventory.STRAWBERRY.shed,inventory.STRAWBERRY.immediate_sale_value,0.9999243790781389
inventory.STRAWBERRY.shed,market_plan.STRAWBERRY.shed_units,1.0
inventory.STRAWBERRY.shed,terminal.STRAWBERRY.shed,1.0
inventory.STRAWBERRY.carried,market_plan.STRAWBERRY.carried_units,1.0
inventory.STRAWBERRY.carried,terminal.STRAWBERRY.carried,1.0
inventory.STRAWBERRY.carried,terminal.STRAWBERRY.carry_sale_value,0.9989095684807735
inventory.STRAWBERRY.immediate_sale_value,market_plan.STRAWBERRY.shed_units,0.9999243790781389
inventory.STRAWBERRY.immediate_sale_value,terminal.STRAWBERRY.shed,0.9999243790781389
market.MELON.price,market.MELON.normalized_price,1.0
market.MELON.price,market.MELON.normalized_supply,-0.9996718919139875
market.MELON.price,market.MELON.sell_5_revenue,0.9996718919139875
market.MELON.price,market.MELON.sell_20_revenue,0.9996718919139875
market.MELON.normalized_price,market.MELON.normalized_supply,-0.9996718919139875
market.MELON.normalized_price,market.MELON.sell_5_revenue,0.9996718919139875
market.MELON.normalized_price,market.MELON.sell_20_revenue,0.9996718919139875
market.MELON.normalized_supply,market.MELON.sell_5_revenue,-1.0
market.MELON.normalized_supply,market.MELON.sell_20_revenue,-1.0
market.MELON.sell_5_revenue,market.MELON.sell_20_revenue,1.0
market.EGG.price,market.EGG.normalized_price,1.0
market.EGG.price,market.EGG.sell_5_revenue,0.9953100390653505
market.EGG.price,pressure.EGG.visible_rival_supply_stress_price,0.9987354461586118
market.EGG.normalized_price,market.EGG.sell_5_revenue,0.9953100390653505
market.EGG.normalized_price,pressure.EGG.visible_rival_supply_stress_price,0.9987354461586118
market.EGG.normalized_supply,market.EGG.sell_5_revenue,-0.9989976639300502
market.EGG.normalized_supply,market.EGG.sell_20_revenue,-0.9999530267042585
market.EGG.sell_5_revenue,market.EGG.sell_20_revenue,0.9990445923471455
inventory.EGG.shed,inventory.EGG.immediate_sale_value,0.9994271731607378
inventory.EGG.shed,market_plan.EGG.shed_units,1.0
inventory.EGG.shed,terminal.EGG.shed,1.0
inventory.EGG.carried,market_plan.EGG.carried_units,1.0
inventory.EGG.carried,terminal.EGG.carried,1.0
inventory.EGG.immediate_sale_value,market_plan.EGG.shed_units,0.9994271731607378
inventory.EGG.immediate_sale_value,terminal.EGG.shed,0.9994271731607378
market.MILK.price,market.MILK.normalized_price,1.0
market.MILK.price,market.MILK.normalized_supply,-0.9999931519034366
market.MILK.price,market.MILK.sell_5_revenue,0.9999931519034366
market.MILK.price,market.MILK.sell_20_revenue,0.9999931519034366
market.MILK.price,pressure.MILK.visible_rival_supply_stress_price,0.9983067635825523
market.MILK.normalized_price,market.MILK.normalized_supply,-0.9999931519034366
market.MILK.normalized_price,market.MILK.sell_5_revenue,0.9999931519034366
market.MILK.normalized_price,market.MILK.sell_20_revenue,0.9999931519034366
market.MILK.normalized_price,pressure.MILK.visible_rival_supply_stress_price,0.9983067635825523
market.MILK.normalized_supply,market.MILK.sell_5_revenue,-1.0
market.MILK.normalized_supply,market.MILK.sell_20_revenue,-1.0
market.MILK.normalized_supply,pressure.MILK.visible_rival_supply_stress_price,-0.9983010952861853
market.MILK.sell_5_revenue,market.MILK.sell_20_revenue,1.0
market.MILK.sell_5_revenue,pressure.MILK.visible_rival_supply_stress_price,0.9983010952861853
market.MILK.sell_20_revenue,pressure.MILK.visible_rival_supply_stress_price,0.9983010952861853
inventory.MILK.shed,inventory.MILK.immediate_sale_value,0.9998994389724137
inventory.MILK.shed,market_plan.MILK.shed_units,1.0
inventory.MILK.shed,terminal.MILK.shed,1.0
inventory.MILK.carried,market_plan.MILK.carried_units,1.0
inventory.MILK.carried,terminal.MILK.carried,1.0
inventory.MILK.immediate_sale_value,market_plan.MILK.shed_units,0.9998994389724137
inventory.MILK.immediate_sale_value,terminal.MILK.shed,0.9998994389724137
market.WOOL.price,market.WOOL.normalized_price,1.0
market.WOOL.price,market.WOOL.normalized_supply,-0.9998220382181093
market.WOOL.price,market.WOOL.sell_5_revenue,0.9998461002750912
market.WOOL.price,market.WOOL.sell_20_revenue,0.9998221586212963
market.WOOL.price,pressure.WOOL.visible_rival_supply_stress_price,0.9988481667959089
market.WOOL.normalized_price,market.WOOL.normalized_supply,-0.9998220382181093
market.WOOL.normalized_price,market.WOOL.sell_5_revenue,0.9998461002750912
market.WOOL.normalized_price,market.WOOL.sell_20_revenue,0.9998221586212963
market.WOOL.normalized_price,pressure.WOOL.visible_rival_supply_stress_price,0.9988481667959089
market.WOOL.normalized_supply,market.WOOL.sell_5_revenue,-0.9999759342393042
market.WOOL.normalized_supply,market.WOOL.sell_20_revenue,-0.9999998795753965
market.WOOL.normalized_supply,pressure.WOOL.visible_rival_supply_stress_price,-0.9987208603200056
market.WOOL.sell_5_revenue,market.WOOL.sell_20_revenue,0.9999760546610241
market.WOOL.sell_5_revenue,pressure.WOOL.visible_rival_supply_stress_price,0.9987448958756662
market.WOOL.sell_20_revenue,pressure.WOOL.visible_rival_supply_stress_price,0.9987209805905839
inventory.WOOL.shed,inventory.WOOL.immediate_sale_value,0.9998341843242525
inventory.WOOL.shed,market_plan.WOOL.shed_units,1.0
inventory.WOOL.shed,terminal.WOOL.shed,1.0
inventory.WOOL.carried,market_plan.WOOL.carried_units,1.0
inventory.WOOL.carried,terminal.WOOL.carried,1.0
inventory.WOOL.immediate_sale_value,market_plan.WOOL.shed_units,0.9998341843242525
inventory.WOOL.immediate_sale_value,terminal.WOOL.shed,0.9998341843242525
market.FERTILIZER.price,market.FERTILIZER.normalized_price,1.0
market.FERTILIZER.price,market.FERTILIZER.normalized_supply,-0.9996945078046612
market.FERTILIZER.price,market.FERTILIZER.sell_5_revenue,0.9996945078046612
market.FERTILIZER.price,market.FERTILIZER.sell_20_revenue,0.9996945078046612
market.FERTILIZER.price,pressure.FERTILIZER.visible_rival_supply_stress_price,1.0
market.FERTILIZER.price,market_plan.FERTILIZER.h4.demand_only_price,0.9983502503374678
market.FERTILIZER.price,market_plan.FERTILIZER.h12.demand_only_price,0.9967149132363906
market.FERTILIZER.normalized_price,market.FERTILIZER.normalized_supply,-0.9996945078046612
market.FERTILIZER.normalized_price,market.FERTILIZER.sell_5_revenue,0.9996945078046612
market.FERTILIZER.normalized_price,market.FERTILIZER.sell_20_revenue,0.9996945078046612
market.FERTILIZER.normalized_price,pressure.FERTILIZER.visible_rival_supply_stress_price,1.0
market.FERTILIZER.normalized_price,market_plan.FERTILIZER.h4.demand_only_price,0.9983502503374678
market.FERTILIZER.normalized_price,market_plan.FERTILIZER.h12.demand_only_price,0.9967149132363906
market.FERTILIZER.normalized_supply,market.FERTILIZER.sell_5_revenue,-1.0
market.FERTILIZER.normalized_supply,market.FERTILIZER.sell_20_revenue,-1.0
market.FERTILIZER.normalized_supply,pressure.FERTILIZER.visible_rival_supply_stress_price,-0.9996945078046612
market.FERTILIZER.normalized_supply,market_plan.FERTILIZER.h4.demand_only_price,-0.9980641296490446
market.FERTILIZER.normalized_supply,market_plan.FERTILIZER.h12.demand_only_price,-0.9964612005898341
market.FERTILIZER.sell_5_revenue,market.FERTILIZER.sell_20_revenue,1.0
market.FERTILIZER.sell_5_revenue,pressure.FERTILIZER.visible_rival_supply_stress_price,0.9996945078046612
market.FERTILIZER.sell_5_revenue,market_plan.FERTILIZER.h4.demand_only_price,0.9980641296490446
market.FERTILIZER.sell_5_revenue,market_plan.FERTILIZER.h12.demand_only_price,0.9964612005898341
market.FERTILIZER.sell_20_revenue,pressure.FERTILIZER.visible_rival_supply_stress_price,0.9996945078046612
market.FERTILIZER.sell_20_revenue,market_plan.FERTILIZER.h4.demand_only_price,0.9980641296490446
market.FERTILIZER.sell_20_revenue,market_plan.FERTILIZER.h12.demand_only_price,0.9964612005898341
inventory.FERTILIZER.shed,inventory.FERTILIZER.immediate_sale_value,0.9986052147655912
inventory.FERTILIZER.shed,market_plan.FERTILIZER.shed_units,1.0
inventory.FERTILIZER.shed,livestock.resources.manure_in_shed,1.0
inventory.FERTILIZER.shed,terminal.FERTILIZER.shed,1.0
inventory.FERTILIZER.carried,market_plan.FERTILIZER.carried_units,1.0
inventory.FERTILIZER.carried,terminal.FERTILIZER.carried,1.0
inventory.FERTILIZER.immediate_sale_value,market_plan.FERTILIZER.shed_units,0.9986052147655912
inventory.FERTILIZER.immediate_sale_value,livestock.resources.manure_in_shed,0.9986052147655912
inventory.FERTILIZER.immediate_sale_value,terminal.FERTILIZER.shed,0.9986052147655912
own.cash,capital.seed_spendable_cash,0.9999956442508162
own.workers,own.next_hire_cost,1.0
own.workers,delivery.unit1.active,1.0
own.workers,delivery.unit2.active,1.0
own.workers,delivery.unit3.active,1.0
own.workers,market_worker.1.present,1.0
own.workers,market_worker.2.present,1.0
own.workers,market_worker.3.present,1.0
own.workers,terminal.worker1.present,1.0
own.workers,terminal.worker2.present,1.0
own.workers,terminal.worker3.present,1.0
own.next_hire_cost,delivery.unit1.active,1.0
own.next_hire_cost,delivery.unit2.active,1.0
own.next_hire_cost,delivery.unit3.active,1.0
own.next_hire_cost,market_worker.1.present,1.0
own.next_hire_cost,market_worker.2.present,1.0
own.next_hire_cost,market_worker.3.present,1.0
own.next_hire_cost,terminal.worker1.present,1.0
own.next_hire_cost,terminal.worker2.present,1.0
own.next_hire_cost,terminal.worker3.present,1.0
own.feed_actions_due,livestock.resources.feed_due,1.0
own.shed_distance,delivery.unit0.shed_distance,1.0
own.shed_distance,market_worker.0.delivery_actions,1.0
own.crop.WHEAT.count,livestock.fertilizer.WHEAT.extra_scenario_work,0.9999913235719732
own.crop.WHEAT.count,livestock.fertilizer.WHEAT.present,1.0
own.crop.WHEAT.harvestable_units,market_plan.WHEAT.own_ready_units,1.0
own.crop.WHEAT.harvestable_units,terminal.WHEAT.ready,1.0
own.crop.TOMATO.count,livestock.fertilizer.TOMATO.present,1.0
own.crop.TOMATO.harvestable_units,market_plan.TOMATO.own_ready_units,1.0
own.crop.TOMATO.harvestable_units,livestock.fertilizer.TOMATO.first_harvest_action_gain,-0.9972147866759553
own.crop.TOMATO.harvestable_units,terminal.TOMATO.ready,1.0
own.crop.STRAWBERRY.count,livestock.fertilizer.STRAWBERRY.present,1.0
own.crop.STRAWBERRY.harvestable_units,market_plan.STRAWBERRY.own_ready_units,1.0
own.crop.STRAWBERRY.harvestable_units,livestock.fertilizer.STRAWBERRY.first_harvest_action_gain,-0.9994902553497981
own.crop.STRAWBERRY.harvestable_units,terminal.STRAWBERRY.ready,1.0
own.animal.GOOSE.count,market_history.WHEAT.w12.observed,0.9999896546194708
own.animal.GOOSE.count,market_history.CARROT.w12.observed,0.9999896546194708
own.animal.GOOSE.count,market_history.TOMATO.w12.observed,0.9999896546194708
own.animal.GOOSE.count,market_history.STRAWBERRY.w12.observed,0.9999896546194708
own.animal.GOOSE.count,market_history.MELON.w12.observed,0.9999896546194708
own.animal.GOOSE.count,market_history.EGG.w12.observed,0.9999896546194708
own.animal.GOOSE.count,market_history.MILK.w12.observed,0.9999896546194708
own.animal.GOOSE.count,market_history.WOOL.w12.observed,0.9999896546194708
own.animal.GOOSE.count,market_history.FERTILIZER.w12.observed,0.9999896546194708
own.animal.GOOSE.count,livestock.own.GOOSE.present,1.0
own.animal.GOOSE.yield_units,market_plan.EGG.own_ready_units,1.0
own.animal.GOOSE.yield_units,livestock.own.GOOSE.held_units,1.0
own.animal.GOOSE.yield_units,terminal.EGG.ready,1.0
own.animal.GOOSE.yield_units,terminal.GOOSE.stored_units,1.0
own.animal.GOOSE.feed_due,livestock.own.GOOSE.feed_due,1.0
own.animal.GOOSE.escape_risk_today,own.husbandry.GOOSE.escape_prevented_by_feed,1.0
own.animal.GOOSE.escape_risk_today,livestock.own.GOOSE.escape_without_feed,1.0
own.animal.GOOSE.escape_risk_today,livestock.own.GOOSE.stored_units_at_escape_risk,1.0
own.animal.GOOSE.escape_risk_today,livestock.own.GOOSE.replacement_coins_at_escape_risk,1.0
own.animal.GOOSE.fertilizer_available,livestock.own.GOOSE.manure_available,1.0
own.animal.GOOSE.fertilizer_available,livestock.own.GOOSE.uncollected_manure_slot_at_refresh,1.0
own.animal.GOOSE.care_bonus_banked,livestock.own.GOOSE.banked_care,1.0
own.animal.COW.count,livestock.own.COW.present,1.0
own.animal.COW.yield_units,market_plan.MILK.own_ready_units,1.0
own.animal.COW.yield_units,livestock.own.COW.held_units,1.0
own.animal.COW.yield_units,terminal.MILK.ready,1.0
own.animal.COW.yield_units,terminal.COW.stored_units,1.0
own.animal.COW.feed_due,livestock.own.COW.feed_due,1.0
own.animal.COW.escape_risk_today,own.husbandry.COW.escape_prevented_by_feed,1.0
own.animal.COW.escape_risk_today,livestock.own.COW.escape_without_feed,1.0
own.animal.COW.escape_risk_today,livestock.own.COW.replacement_coins_at_escape_risk,1.0
own.animal.COW.fertilizer_available,livestock.own.COW.manure_available,1.0
own.animal.COW.fertilizer_available,livestock.own.COW.uncollected_manure_slot_at_refresh,1.0
own.animal.COW.care_bonus_banked,livestock.own.COW.banked_care,1.0
own.animal.SHEEP.count,livestock.own.SHEEP.present,1.0
own.animal.SHEEP.yield_units,market_plan.WOOL.own_ready_units,1.0
own.animal.SHEEP.yield_units,livestock.own.SHEEP.held_units,1.0
own.animal.SHEEP.yield_units,terminal.WOOL.ready,1.0
own.animal.SHEEP.yield_units,terminal.SHEEP.stored_units,1.0
own.animal.SHEEP.feed_due,livestock.own.SHEEP.feed_due,1.0
own.animal.SHEEP.escape_risk_today,own.husbandry.SHEEP.escape_prevented_by_feed,1.0
own.animal.SHEEP.escape_risk_today,livestock.own.SHEEP.escape_without_feed,1.0
own.animal.SHEEP.escape_risk_today,livestock.own.SHEEP.replacement_coins_at_escape_risk,1.0
own.animal.SHEEP.fertilizer_available,livestock.own.SHEEP.manure_available,1.0
own.animal.SHEEP.fertilizer_available,livestock.own.SHEEP.uncollected_manure_slot_at_refresh,1.0
own.animal.SHEEP.care_bonus_banked,livestock.own.SHEEP.banked_care,1.0
opponent.workers,opponent.next_hire_cost,1.0
opponent.crop.WHEAT.harvestable_units,pressure.WHEAT.opponent_visible_ready_units,1.0
opponent.crop.WHEAT.harvestable_units,market_plan.WHEAT.rival_ready_units,1.0
opponent.crop.TOMATO.harvestable_units,pressure.TOMATO.opponent_visible_ready_units,1.0
opponent.crop.TOMATO.harvestable_units,market_plan.TOMATO.rival_ready_units,1.0
opponent.crop.STRAWBERRY.harvestable_units,pressure.STRAWBERRY.opponent_visible_ready_units,1.0
opponent.crop.STRAWBERRY.harvestable_units,market_plan.STRAWBERRY.rival_ready_units,1.0
opponent.crop.MELON.harvestable_units,pressure.MELON.opponent_visible_ready_units,1.0
opponent.crop.MELON.harvestable_units,market_plan.MELON.rival_ready_units,1.0
opponent.crop.MELON.harvestable_units,market_plan.MELON.rival_earliest_delivery,-0.996071749330733
opponent.crop.MELON.bonus_water_opportunities,opponent.timing.MELON.water_now_increment_units,1.0
opponent.animal.GOOSE.count,opponent.animal.COW.count,0.9972515398770867
opponent.animal.GOOSE.count,livestock.opponent.COW.present,0.9972515398770867
opponent.animal.GOOSE.count,livestock.opponent.GOOSE.present,1.0
opponent.animal.GOOSE.yield_units,pressure.EGG.opponent_visible_ready_units,1.0
opponent.animal.GOOSE.yield_units,market_plan.EGG.rival_ready_units,1.0
opponent.animal.GOOSE.yield_units,market_plan.EGG.rival_earliest_delivery,-0.9979077883220875
opponent.animal.GOOSE.yield_units,livestock.opponent.GOOSE.held_units,1.0
opponent.animal.GOOSE.feed_due,livestock.opponent.GOOSE.feed_due,1.0
opponent.animal.GOOSE.escape_risk_today,opponent.husbandry.GOOSE.escape_prevented_by_feed,1.0
opponent.animal.GOOSE.escape_risk_today,livestock.opponent.GOOSE.escape_without_feed,1.0
opponent.animal.GOOSE.escape_risk_today,livestock.opponent.GOOSE.stored_units_at_escape_risk,1.0
opponent.animal.GOOSE.escape_risk_today,livestock.opponent.GOOSE.replacement_coins_at_escape_risk,1.0
opponent.animal.GOOSE.fertilizer_available,livestock.opponent.GOOSE.manure_available,1.0
opponent.animal.GOOSE.fertilizer_available,livestock.opponent.GOOSE.uncollected_manure_slot_at_refresh,1.0
opponent.animal.GOOSE.care_bonus_banked,livestock.opponent.GOOSE.banked_care,1.0
opponent.animal.COW.count,livestock.opponent.COW.present,1.0
opponent.animal.COW.count,livestock.opponent.GOOSE.present,0.9972515398770867
opponent.animal.COW.yield_units,pressure.MILK.opponent_visible_ready_units,1.0
opponent.animal.COW.yield_units,market_plan.MILK.rival_ready_units,1.0
opponent.animal.COW.yield_units,market_plan.MILK.rival_earliest_delivery,-0.999307712902768
opponent.animal.COW.yield_units,market_plan.MILK.h4.rival_penalty,0.9991136642316293
opponent.animal.COW.yield_units,market_plan.MILK.h12.rival_penalty,0.9992199782284167
opponent.animal.COW.yield_units,market_plan.MILK.h24.rival_penalty,0.9992152140841122
opponent.animal.COW.yield_units,livestock.opponent.COW.held_units,1.0
opponent.animal.COW.feed_due,livestock.opponent.COW.feed_due,1.0
opponent.animal.COW.escape_risk_today,opponent.husbandry.COW.escape_prevented_by_feed,1.0
opponent.animal.COW.escape_risk_today,livestock.opponent.COW.escape_without_feed,1.0
opponent.animal.COW.escape_risk_today,livestock.opponent.COW.replacement_coins_at_escape_risk,1.0
opponent.animal.COW.fertilizer_available,livestock.opponent.COW.manure_available,1.0
opponent.animal.COW.fertilizer_available,livestock.opponent.COW.uncollected_manure_slot_at_refresh,1.0
opponent.animal.COW.care_bonus_banked,livestock.opponent.COW.banked_care,1.0
opponent.animal.SHEEP.count,livestock.opponent.SHEEP.present,1.0
opponent.animal.SHEEP.yield_units,pressure.WOOL.opponent_visible_ready_units,1.0
opponent.animal.SHEEP.yield_units,market_plan.WOOL.rival_ready_units,1.0
opponent.animal.SHEEP.yield_units,market_plan.WOOL.rival_earliest_delivery,-0.997383019190822
opponent.animal.SHEEP.yield_units,livestock.opponent.SHEEP.held_units,1.0
opponent.animal.SHEEP.feed_due,livestock.opponent.SHEEP.feed_due,1.0
opponent.animal.SHEEP.escape_risk_today,opponent.husbandry.SHEEP.escape_prevented_by_feed,1.0
opponent.animal.SHEEP.escape_risk_today,livestock.opponent.SHEEP.escape_without_feed,1.0
opponent.animal.SHEEP.escape_risk_today,livestock.opponent.SHEEP.replacement_coins_at_escape_risk,1.0
opponent.animal.SHEEP.fertilizer_available,livestock.opponent.SHEEP.manure_available,1.0
opponent.animal.SHEEP.fertilizer_available,livestock.opponent.SHEEP.uncollected_manure_slot_at_refresh,1.0
opponent.animal.SHEEP.care_bonus_banked,livestock.opponent.SHEEP.banked_care,1.0
storage.free_after_sell_all,storage.nonsellable_capacity_lock,-1.0
capital.receipt_wait_scenario_actions,own.timing.WHEAT.first_maturity_actions,0.9968345680170042
delivery.unit0.shed_distance,market_worker.0.delivery_actions,1.0
delivery.unit0.carried_units,market_worker.0.carried_units,1.0
delivery.unit0.conditional_sale_value,market_worker.0.liquidation_revenue,1.0
delivery.unit0.delivery_refresh_slack,market_worker.0.delivery_slack,0.9994582282185818
delivery.unit0.delivery_terminal_slack,terminal.decisions_remaining,0.9999818061475696
delivery.unit0.delivery_terminal_slack,terminal.refreshes_remaining,0.9993781178547313
delivery.unit1.active,delivery.unit2.active,1.0
delivery.unit1.active,delivery.unit3.active,1.0
delivery.unit1.active,market_worker.1.present,1.0
delivery.unit1.active,market_worker.2.present,1.0
delivery.unit1.active,market_worker.3.present,1.0
delivery.unit1.active,terminal.worker1.present,1.0
delivery.unit1.active,terminal.worker2.present,1.0
delivery.unit1.active,terminal.worker3.present,1.0
delivery.unit1.carried_units,market_worker.1.carried_units,1.0
delivery.unit1.conditional_sale_value,market_worker.1.liquidation_revenue,1.0
delivery.unit1.delivery_refresh_slack,market_worker.1.delivery_slack,0.9993529808442584
delivery.unit1.delivery_terminal_slack,delivery.unit2.delivery_terminal_slack,0.9996523179775307
delivery.unit1.delivery_terminal_slack,delivery.unit3.delivery_terminal_slack,0.9994804228981763
delivery.unit2.active,delivery.unit3.active,1.0
delivery.unit2.active,market_worker.1.present,1.0
delivery.unit2.active,market_worker.2.present,1.0
delivery.unit2.active,market_worker.3.present,1.0
delivery.unit2.active,terminal.worker1.present,1.0
delivery.unit2.active,terminal.worker2.present,1.0
delivery.unit2.active,terminal.worker3.present,1.0
delivery.unit2.carried_units,market_worker.2.carried_units,1.0
delivery.unit2.conditional_sale_value,market_worker.2.liquidation_revenue,1.0
delivery.unit2.delivery_refresh_slack,market_worker.2.delivery_slack,0.9994381051815993
delivery.unit2.delivery_terminal_slack,delivery.unit3.delivery_terminal_slack,0.9997010967882568
delivery.unit3.active,market_worker.1.present,1.0
delivery.unit3.active,market_worker.2.present,1.0
delivery.unit3.active,market_worker.3.present,1.0
delivery.unit3.active,terminal.worker1.present,1.0
delivery.unit3.active,terminal.worker2.present,1.0
delivery.unit3.active,terminal.worker3.present,1.0
delivery.unit3.carried_units,market_worker.3.carried_units,1.0
delivery.unit3.conditional_sale_value,market_worker.3.liquidation_revenue,1.0
delivery.unit3.delivery_refresh_slack,market_worker.3.delivery_slack,0.9995005546499135
own.timing.WHEAT.present,own.timing.WHEAT.known_decay_present,1.0
own.timing.TOMATO.known_decay_present,own.timing.TOMATO.first_decay_actions,-0.995541273749565
own.timing.STRAWBERRY.known_decay_present,own.timing.STRAWBERRY.first_decay_actions,-0.999095596279215
own.husbandry.GOOSE.escape_prevented_by_feed,livestock.own.GOOSE.escape_without_feed,1.0
own.husbandry.GOOSE.escape_prevented_by_feed,livestock.own.GOOSE.stored_units_at_escape_risk,1.0
own.husbandry.GOOSE.escape_prevented_by_feed,livestock.own.GOOSE.replacement_coins_at_escape_risk,1.0
own.husbandry.GOOSE.refresh_units_saved_by_feed,livestock.own.GOOSE.next_refresh_units_saved_by_feed,1.0
own.husbandry.GOOSE.next_production_events,livestock.own.GOOSE.production_next_refresh,1.0
own.husbandry.GOOSE.banked_bonus_at_risk_if_unfed,livestock.own.GOOSE.bonus_lost_on_unfed_production,1.0
own.husbandry.GOOSE.next_fed_production_saturation,livestock.own.GOOSE.next_production_overflow_without_collection,1.0
own.husbandry.COW.escape_prevented_by_feed,livestock.own.COW.escape_without_feed,1.0
own.husbandry.COW.escape_prevented_by_feed,livestock.own.COW.replacement_coins_at_escape_risk,1.0
own.husbandry.COW.refresh_units_saved_by_feed,livestock.own.COW.next_refresh_units_saved_by_feed,1.0
own.husbandry.COW.next_production_events,livestock.own.COW.production_next_refresh,1.0
own.husbandry.COW.banked_bonus_at_risk_if_unfed,livestock.own.COW.bonus_lost_on_unfed_production,1.0
own.husbandry.SHEEP.escape_prevented_by_feed,livestock.own.SHEEP.escape_without_feed,1.0
own.husbandry.SHEEP.escape_prevented_by_feed,livestock.own.SHEEP.replacement_coins_at_escape_risk,1.0
own.husbandry.SHEEP.refresh_units_saved_by_feed,own.husbandry.SHEEP.banked_bonus_at_risk_if_unfed,0.999940308119212
own.husbandry.SHEEP.refresh_units_saved_by_feed,livestock.own.SHEEP.next_refresh_units_saved_by_feed,1.0
own.husbandry.SHEEP.refresh_units_saved_by_feed,livestock.own.SHEEP.bonus_lost_on_unfed_production,0.999940308119212
own.husbandry.SHEEP.next_production_events,livestock.own.SHEEP.production_next_refresh,1.0
own.husbandry.SHEEP.banked_bonus_at_risk_if_unfed,livestock.own.SHEEP.next_refresh_units_saved_by_feed,0.999940308119212
own.husbandry.SHEEP.banked_bonus_at_risk_if_unfed,livestock.own.SHEEP.bonus_lost_on_unfed_production,1.0
opponent.timing.WHEAT.present,opponent.timing.WHEAT.known_decay_present,1.0
opponent.timing.TOMATO.known_decay_present,opponent.timing.TOMATO.first_decay_actions,-0.9987794258235618
opponent.timing.STRAWBERRY.known_decay_present,opponent.timing.STRAWBERRY.first_decay_actions,-0.9997820967501069
opponent.timing.MELON.present,opponent.timing.MELON.known_decay_present,1.0
opponent.timing.MELON.first_maturity_actions,opponent.timing.MELON.first_decay_actions,0.9986669544017198
opponent.husbandry.GOOSE.escape_prevented_by_feed,livestock.opponent.GOOSE.escape_without_feed,1.0
opponent.husbandry.GOOSE.escape_prevented_by_feed,livestock.opponent.GOOSE.stored_units_at_escape_risk,1.0
opponent.husbandry.GOOSE.escape_prevented_by_feed,livestock.opponent.GOOSE.replacement_coins_at_escape_risk,1.0
opponent.husbandry.GOOSE.refresh_units_saved_by_feed,livestock.opponent.GOOSE.next_refresh_units_saved_by_feed,1.0
opponent.husbandry.GOOSE.next_production_events,livestock.opponent.GOOSE.production_next_refresh,1.0
opponent.husbandry.GOOSE.banked_bonus_at_risk_if_unfed,livestock.opponent.GOOSE.bonus_lost_on_unfed_production,1.0
opponent.husbandry.GOOSE.next_fed_production_saturation,livestock.opponent.GOOSE.next_production_overflow_without_collection,1.0
opponent.husbandry.COW.escape_prevented_by_feed,livestock.opponent.COW.escape_without_feed,1.0
opponent.husbandry.COW.escape_prevented_by_feed,livestock.opponent.COW.replacement_coins_at_escape_risk,1.0
opponent.husbandry.COW.refresh_units_saved_by_feed,livestock.opponent.COW.next_refresh_units_saved_by_feed,1.0
opponent.husbandry.COW.next_production_events,livestock.opponent.COW.production_next_refresh,1.0
opponent.husbandry.COW.banked_bonus_at_risk_if_unfed,livestock.opponent.COW.bonus_lost_on_unfed_production,1.0
opponent.husbandry.SHEEP.escape_prevented_by_feed,livestock.opponent.SHEEP.escape_without_feed,1.0
opponent.husbandry.SHEEP.escape_prevented_by_feed,livestock.opponent.SHEEP.replacement_coins_at_escape_risk,1.0
opponent.husbandry.SHEEP.refresh_units_saved_by_feed,opponent.husbandry.SHEEP.banked_bonus_at_risk_if_unfed,0.9999760222472318
opponent.husbandry.SHEEP.refresh_units_saved_by_feed,livestock.opponent.SHEEP.next_refresh_units_saved_by_feed,1.0
opponent.husbandry.SHEEP.refresh_units_saved_by_feed,livestock.opponent.SHEEP.bonus_lost_on_unfed_production,0.9999760222472318
opponent.husbandry.SHEEP.next_production_events,livestock.opponent.SHEEP.production_next_refresh,1.0
opponent.husbandry.SHEEP.banked_bonus_at_risk_if_unfed,livestock.opponent.SHEEP.next_refresh_units_saved_by_feed,0.9999760222472318
opponent.husbandry.SHEEP.banked_bonus_at_risk_if_unfed,livestock.opponent.SHEEP.bonus_lost_on_unfed_production,1.0
pressure.WHEAT.own_held_and_ready_wave,market_plan.WHEAT.conditional_quantity,1.0
pressure.WHEAT.opponent_visible_ready_units,market_plan.WHEAT.rival_ready_units,1.0
pressure.WHEAT.wave_conditional_revenue,pressure.WHEAT.wave_revenue_after_rival_supply_stress,0.999866644962428
pressure.WHEAT.wave_conditional_revenue,market_plan.WHEAT.immediate_revenue,1.0
pressure.WHEAT.wave_conditional_revenue,market_plan.WHEAT.h4.quiet_revenue,0.9987422340153914
pressure.WHEAT.wave_conditional_revenue,market_plan.WHEAT.h4.rival_stress_revenue,0.9987084676870225
pressure.WHEAT.wave_conditional_revenue,market_plan.WHEAT.h12.quiet_revenue,0.9970992603784752
pressure.WHEAT.wave_conditional_revenue,market_plan.WHEAT.h12.rival_stress_revenue,0.9969940227625217
pressure.WHEAT.visible_rival_supply_stress_price,market_plan.WHEAT.h4.demand_only_inventory,-0.9985543874786795
pressure.WHEAT.visible_rival_supply_stress_price,market_plan.WHEAT.h12.demand_only_inventory,-0.9981074036066486
pressure.WHEAT.visible_rival_supply_stress_price,market_plan.WHEAT.h24.demand_only_inventory,-0.9974041211256837
pressure.WHEAT.visible_rival_supply_stress_price,livestock.own.COW.daily_feed_current_buy_cost,0.9987599255493097
pressure.WHEAT.visible_rival_supply_stress_price,livestock.own.GOOSE.daily_feed_current_buy_cost,0.9987715771489154
pressure.WHEAT.visible_rival_supply_stress_price,livestock.own.SHEEP.daily_feed_current_buy_cost,0.9981840980226735
pressure.WHEAT.wave_revenue_after_rival_supply_stress,market_plan.WHEAT.immediate_revenue,0.999866644962428
pressure.WHEAT.wave_revenue_after_rival_supply_stress,market_plan.WHEAT.h4.quiet_revenue,0.9986106829469603
pressure.WHEAT.wave_revenue_after_rival_supply_stress,market_plan.WHEAT.h4.rival_stress_revenue,0.9986407622996223
pressure.WHEAT.wave_revenue_after_rival_supply_stress,market_plan.WHEAT.h12.quiet_revenue,0.9970016701012513
pressure.WHEAT.wave_revenue_after_rival_supply_stress,market_plan.WHEAT.h12.rival_stress_revenue,0.9970677953874103
pressure.CARROT.known_demand_next_day,pressure.CARROT.wave_minus_known_day_demand,-1.0
pressure.TOMATO.own_held_and_ready_wave,market_plan.TOMATO.conditional_quantity,1.0
pressure.TOMATO.opponent_visible_ready_units,market_plan.TOMATO.rival_ready_units,1.0
pressure.TOMATO.wave_conditional_revenue,pressure.TOMATO.wave_revenue_after_rival_supply_stress,0.999920245849495
pressure.TOMATO.wave_conditional_revenue,market_plan.TOMATO.immediate_revenue,1.0
pressure.TOMATO.wave_revenue_after_rival_supply_stress,market_plan.TOMATO.immediate_revenue,0.999920245849495
pressure.STRAWBERRY.own_held_and_ready_wave,market_plan.STRAWBERRY.conditional_quantity,1.0
pressure.STRAWBERRY.opponent_visible_ready_units,market_plan.STRAWBERRY.rival_ready_units,1.0
pressure.STRAWBERRY.wave_conditional_revenue,pressure.STRAWBERRY.wave_revenue_after_rival_supply_stress,0.9999623313668246
pressure.STRAWBERRY.wave_conditional_revenue,market_plan.STRAWBERRY.immediate_revenue,1.0
pressure.STRAWBERRY.visible_rival_supply_stress_price,market_plan.STRAWBERRY.h4.demand_only_inventory,-0.9960367519144262
pressure.STRAWBERRY.wave_revenue_after_rival_supply_stress,market_plan.STRAWBERRY.immediate_revenue,0.9999623313668246
pressure.MELON.opponent_visible_ready_units,market_plan.MELON.rival_ready_units,1.0
pressure.MELON.opponent_visible_ready_units,market_plan.MELON.rival_earliest_delivery,-0.996071749330733
pressure.MELON.known_demand_next_day,pressure.MELON.wave_minus_known_day_demand,-1.0
pressure.EGG.own_held_and_ready_wave,market_plan.EGG.conditional_quantity,1.0
pressure.EGG.opponent_visible_ready_units,market_plan.EGG.rival_ready_units,1.0
pressure.EGG.opponent_visible_ready_units,market_plan.EGG.rival_earliest_delivery,-0.9979077883220875
pressure.EGG.opponent_visible_ready_units,livestock.opponent.GOOSE.held_units,1.0
pressure.EGG.wave_conditional_revenue,pressure.EGG.wave_revenue_after_rival_supply_stress,0.9999090145321995
pressure.EGG.wave_conditional_revenue,market_plan.EGG.immediate_revenue,1.0
pressure.EGG.wave_revenue_after_rival_supply_stress,market_plan.EGG.immediate_revenue,0.9999090145321995
pressure.MILK.own_held_and_ready_wave,market_plan.MILK.conditional_quantity,1.0
pressure.MILK.opponent_visible_ready_units,market_plan.MILK.rival_ready_units,1.0
pressure.MILK.opponent_visible_ready_units,market_plan.MILK.rival_earliest_delivery,-0.999307712902768
pressure.MILK.opponent_visible_ready_units,market_plan.MILK.h4.rival_penalty,0.9991136642316293
pressure.MILK.opponent_visible_ready_units,market_plan.MILK.h12.rival_penalty,0.9992199782284167
pressure.MILK.opponent_visible_ready_units,market_plan.MILK.h24.rival_penalty,0.9992152140841122
pressure.MILK.opponent_visible_ready_units,livestock.opponent.COW.held_units,1.0
pressure.MILK.wave_conditional_revenue,pressure.MILK.wave_revenue_after_rival_supply_stress,0.9999171219296432
pressure.MILK.wave_conditional_revenue,market_plan.MILK.immediate_revenue,1.0
pressure.MILK.wave_conditional_revenue,market_plan.MILK.h4.quiet_revenue,0.9999947715215967
pressure.MILK.wave_conditional_revenue,market_plan.MILK.h4.rival_stress_revenue,0.9999489405682245
pressure.MILK.wave_conditional_revenue,market_plan.MILK.h12.quiet_revenue,0.9999810735582751
pressure.MILK.wave_conditional_revenue,market_plan.MILK.h12.rival_stress_revenue,0.9999134254539974
pressure.MILK.wave_conditional_revenue,market_plan.MILK.h24.quiet_revenue,0.9990719216185837
pressure.MILK.wave_conditional_revenue,market_plan.MILK.h24.rival_stress_revenue,0.9990153087970632
pressure.MILK.wave_revenue_after_rival_supply_stress,market_plan.MILK.immediate_revenue,0.9999171219296432
pressure.MILK.wave_revenue_after_rival_supply_stress,market_plan.MILK.h4.quiet_revenue,0.9998994182239246
pressure.MILK.wave_revenue_after_rival_supply_stress,market_plan.MILK.h4.rival_stress_revenue,0.9999716315204521
pressure.MILK.wave_revenue_after_rival_supply_stress,market_plan.MILK.h12.quiet_revenue,0.9998869597458574
pressure.MILK.wave_revenue_after_rival_supply_stress,market_plan.MILK.h12.rival_stress_revenue,0.9999810491945391
pressure.MILK.wave_revenue_after_rival_supply_stress,market_plan.MILK.h24.quiet_revenue,0.9989641033217641
pressure.MILK.wave_revenue_after_rival_supply_stress,market_plan.MILK.h24.rival_stress_revenue,0.9990637103072886
pressure.WOOL.own_held_and_ready_wave,market_plan.WOOL.conditional_quantity,1.0
pressure.WOOL.opponent_visible_ready_units,market_plan.WOOL.rival_ready_units,1.0
pressure.WOOL.opponent_visible_ready_units,market_plan.WOOL.rival_earliest_delivery,-0.997383019190822
pressure.WOOL.opponent_visible_ready_units,livestock.opponent.SHEEP.held_units,1.0
pressure.WOOL.wave_conditional_revenue,pressure.WOOL.wave_revenue_after_rival_supply_stress,0.999822738545336
pressure.WOOL.wave_conditional_revenue,market_plan.WOOL.immediate_revenue,1.0
pressure.WOOL.wave_conditional_revenue,market_plan.WOOL.h4.quiet_revenue,0.995053593747455
pressure.WOOL.wave_revenue_after_rival_supply_stress,market_plan.WOOL.immediate_revenue,0.999822738545336
pressure.WOOL.wave_revenue_after_rival_supply_stress,market_plan.WOOL.h4.rival_stress_revenue,0.9950021199131823
pressure.FERTILIZER.own_held_and_ready_wave,pressure.FERTILIZER.wave_minus_known_day_demand,1.0
pressure.FERTILIZER.own_held_and_ready_wave,market_plan.FERTILIZER.conditional_quantity,1.0
pressure.FERTILIZER.own_held_and_ready_wave,livestock.resources.manure_total,1.0
pressure.FERTILIZER.wave_conditional_revenue,pressure.FERTILIZER.wave_revenue_after_rival_supply_stress,1.0
pressure.FERTILIZER.wave_conditional_revenue,market_plan.FERTILIZER.immediate_revenue,1.0
pressure.FERTILIZER.wave_conditional_revenue,market_plan.FERTILIZER.h4.quiet_revenue,0.9974661557517719
pressure.FERTILIZER.wave_conditional_revenue,market_plan.FERTILIZER.h4.rival_stress_revenue,0.9974661557517719
pressure.FERTILIZER.wave_conditional_revenue,market_plan.FERTILIZER.h12.quiet_revenue,0.9952836081010239
pressure.FERTILIZER.wave_conditional_revenue,market_plan.FERTILIZER.h12.rival_stress_revenue,0.9952836081010239
pressure.FERTILIZER.wave_minus_known_day_demand,market_plan.FERTILIZER.conditional_quantity,1.0
pressure.FERTILIZER.wave_minus_known_day_demand,livestock.resources.manure_total,1.0
pressure.FERTILIZER.visible_rival_supply_stress_price,market_plan.FERTILIZER.h4.demand_only_price,0.9983502503374678
pressure.FERTILIZER.visible_rival_supply_stress_price,market_plan.FERTILIZER.h12.demand_only_price,0.9967149132363906
pressure.FERTILIZER.wave_revenue_after_rival_supply_stress,market_plan.FERTILIZER.immediate_revenue,1.0
pressure.FERTILIZER.wave_revenue_after_rival_supply_stress,market_plan.FERTILIZER.h4.quiet_revenue,0.9974661557517719
pressure.FERTILIZER.wave_revenue_after_rival_supply_stress,market_plan.FERTILIZER.h4.rival_stress_revenue,0.9974661557517719
pressure.FERTILIZER.wave_revenue_after_rival_supply_stress,market_plan.FERTILIZER.h12.quiet_revenue,0.9952836081010239
pressure.FERTILIZER.wave_revenue_after_rival_supply_stress,market_plan.FERTILIZER.h12.rival_stress_revenue,0.9952836081010239
history.lag1.available,market_history.WHEAT.last.available,1.0
history.lag1.available,market_history.WHEAT.w4.observed,1.0
history.lag1.available,market_history.CARROT.last.available,1.0
history.lag1.available,market_history.CARROT.last.sales_identified,1.0
history.lag1.available,market_history.CARROT.w4.observed,1.0
history.lag1.available,market_history.CARROT.w4.identified_fraction,1.0
history.lag1.available,market_history.CARROT.w12.identified_fraction,1.0
history.lag1.available,market_history.CARROT.w24.identified_fraction,1.0
history.lag1.available,market_history.TOMATO.last.available,1.0
history.lag1.available,market_history.TOMATO.last.sales_identified,1.0
history.lag1.available,market_history.TOMATO.w4.observed,1.0
history.lag1.available,market_history.TOMATO.w4.identified_fraction,1.0
history.lag1.available,market_history.TOMATO.w12.identified_fraction,1.0
history.lag1.available,market_history.TOMATO.w24.identified_fraction,1.0
history.lag1.available,market_history.STRAWBERRY.last.available,1.0
history.lag1.available,market_history.STRAWBERRY.last.sales_identified,1.0
history.lag1.available,market_history.STRAWBERRY.w4.observed,1.0
history.lag1.available,market_history.STRAWBERRY.w4.identified_fraction,1.0
history.lag1.available,market_history.STRAWBERRY.w12.identified_fraction,1.0
history.lag1.available,market_history.STRAWBERRY.w24.identified_fraction,1.0
history.lag1.available,market_history.MELON.last.available,1.0
history.lag1.available,market_history.MELON.w4.observed,1.0
history.lag1.available,market_history.EGG.last.available,1.0
history.lag1.available,market_history.EGG.last.sales_identified,1.0
history.lag1.available,market_history.EGG.w4.observed,1.0
history.lag1.available,market_history.EGG.w4.identified_fraction,1.0
history.lag1.available,market_history.EGG.w12.identified_fraction,1.0
history.lag1.available,market_history.EGG.w24.identified_fraction,1.0
history.lag1.available,market_history.MILK.last.available,1.0
history.lag1.available,market_history.MILK.last.sales_identified,1.0
history.lag1.available,market_history.MILK.w4.observed,1.0
history.lag1.available,market_history.MILK.w4.identified_fraction,1.0
history.lag1.available,market_history.MILK.w12.identified_fraction,1.0
history.lag1.available,market_history.MILK.w24.identified_fraction,1.0
history.lag1.available,market_history.WOOL.last.available,1.0
history.lag1.available,market_history.WOOL.w4.observed,1.0
history.lag1.available,market_history.FERTILIZER.last.available,1.0
history.lag1.available,market_history.FERTILIZER.w4.observed,1.0
history.lag1.WHEAT.inventory_change,market_history.WHEAT.last.trade_net,1.0
history.lag1.WHEAT.price_log_change,market_history.WHEAT.last.quote_change,0.999971166913837
history.lag1.TOMATO.inventory_change,market_history.TOMATO.last.trade_net,1.0
history.lag1.TOMATO.price_log_change,market_history.TOMATO.last.quote_change,0.9999992342560898
history.lag1.STRAWBERRY.inventory_change,market_history.STRAWBERRY.last.trade_net,1.0
history.lag1.STRAWBERRY.price_log_change,market_history.STRAWBERRY.last.quote_change,0.9999952634131953
history.lag1.MELON.inventory_change,history.lag1.MELON.price_log_change,-1.0
history.lag1.MELON.inventory_change,market_history.MELON.last.trade_net,1.0
history.lag1.MELON.inventory_change,market_history.MELON.last.quote_change,-1.0
history.lag1.MELON.inventory_change,market_history.MELON.last.sales_lower,1.0
history.lag1.MELON.price_log_change,market_history.MELON.last.trade_net,-1.0
history.lag1.MELON.price_log_change,market_history.MELON.last.quote_change,1.0
history.lag1.MELON.price_log_change,market_history.MELON.last.sales_lower,-1.0
history.lag1.EGG.inventory_change,market_history.EGG.last.trade_net,1.0
history.lag1.EGG.price_log_change,market_history.EGG.last.quote_change,0.9999950112415356
history.lag1.MILK.inventory_change,market_history.MILK.last.trade_net,1.0
history.lag1.MILK.price_log_change,market_history.MILK.last.quote_change,0.9999930204452786
history.lag1.WOOL.inventory_change,market_history.WOOL.last.trade_net,1.0
history.lag1.WOOL.price_log_change,market_history.WOOL.last.quote_change,0.9999948339597012
history.lag1.FERTILIZER.inventory_change,market_history.FERTILIZER.last.trade_net,1.0
history.lag1.FERTILIZER.price_log_change,market_history.FERTILIZER.last.quote_change,0.9999454590950896
history.lag24.available,market_history.WHEAT.w24.observed,0.9998158887952731
history.lag24.available,market_history.CARROT.w24.observed,0.9998158887952731
history.lag24.available,market_history.TOMATO.w24.observed,0.9998158887952731
history.lag24.available,market_history.STRAWBERRY.w24.observed,0.9998158887952731
history.lag24.available,market_history.MELON.w24.observed,0.9998158887952731
history.lag24.available,market_history.EGG.w24.observed,0.9998158887952731
history.lag24.available,market_history.MILK.w24.observed,0.9998158887952731
history.lag24.available,market_history.WOOL.w24.observed,0.9998158887952731
history.lag24.available,market_history.FERTILIZER.w24.observed,0.9998158887952731
history.lag24.FERTILIZER.inventory_change,market_history.FERTILIZER.w24.trade_sum,1.0
market_plan.WHEAT.own_ready_units,terminal.WHEAT.ready,1.0
market_plan.WHEAT.shed_units,livestock.resources.wheat_in_shed,1.0
market_plan.WHEAT.shed_units,terminal.WHEAT.shed,1.0
market_plan.WHEAT.carried_units,livestock.resources.wheat_carried,1.0
market_plan.WHEAT.carried_units,terminal.WHEAT.carried,1.0
market_plan.WHEAT.immediate_revenue,market_plan.WHEAT.h4.quiet_revenue,0.9987422340153914
market_plan.WHEAT.immediate_revenue,market_plan.WHEAT.h4.rival_stress_revenue,0.9987084676870225
market_plan.WHEAT.immediate_revenue,market_plan.WHEAT.h12.quiet_revenue,0.9970992603784752
market_plan.WHEAT.immediate_revenue,market_plan.WHEAT.h12.rival_stress_revenue,0.9969940227625217
market_plan.WHEAT.h4.available,market_plan.CARROT.h4.available,1.0
market_plan.WHEAT.h4.available,market_plan.TOMATO.h4.available,1.0
market_plan.WHEAT.h4.available,market_plan.STRAWBERRY.h4.available,1.0
market_plan.WHEAT.h4.available,market_plan.MELON.h4.available,1.0
market_plan.WHEAT.h4.available,market_plan.EGG.h4.available,1.0
market_plan.WHEAT.h4.available,market_plan.MILK.h4.available,1.0
market_plan.WHEAT.h4.available,market_plan.WOOL.h4.available,1.0
market_plan.WHEAT.h4.available,market_plan.FERTILIZER.h4.available,1.0
market_plan.WHEAT.h4.demand_only_inventory,market_plan.WHEAT.h12.demand_only_inventory,0.9994701067711669
market_plan.WHEAT.h4.demand_only_inventory,market_plan.WHEAT.h24.demand_only_inventory,0.998629741535851
market_plan.WHEAT.h4.demand_only_inventory,livestock.own.COW.daily_feed_current_buy_cost,-0.9986570501889501
market_plan.WHEAT.h4.demand_only_inventory,livestock.own.GOOSE.daily_feed_current_buy_cost,-0.9986666060334978
market_plan.WHEAT.h4.demand_only_inventory,livestock.own.SHEEP.daily_feed_current_buy_cost,-0.9976075102334858
market_plan.WHEAT.h4.quiet_revenue,market_plan.WHEAT.h4.rival_stress_revenue,0.9999647143676771
market_plan.WHEAT.h4.quiet_revenue,market_plan.WHEAT.h12.quiet_revenue,0.9983126529619616
market_plan.WHEAT.h4.quiet_revenue,market_plan.WHEAT.h12.rival_stress_revenue,0.9982223325712793
market_plan.WHEAT.h4.rival_stress_revenue,market_plan.WHEAT.h12.quiet_revenue,0.9982844139162242
market_plan.WHEAT.h4.rival_stress_revenue,market_plan.WHEAT.h12.rival_stress_revenue,0.9982377869186598
market_plan.WHEAT.h12.available,market_plan.CARROT.h12.available,1.0
market_plan.WHEAT.h12.available,market_plan.TOMATO.h12.available,1.0
market_plan.WHEAT.h12.available,market_plan.STRAWBERRY.h12.available,1.0
market_plan.WHEAT.h12.available,market_plan.MELON.h12.available,1.0
market_plan.WHEAT.h12.available,market_plan.EGG.h12.available,1.0
market_plan.WHEAT.h12.available,market_plan.MILK.h12.available,1.0
market_plan.WHEAT.h12.available,market_plan.WOOL.h12.available,1.0
market_plan.WHEAT.h12.available,market_plan.FERTILIZER.h12.available,1.0
market_plan.WHEAT.h12.demand_only_inventory,market_plan.WHEAT.h24.demand_only_inventory,0.9991679853089263
market_plan.WHEAT.h12.demand_only_inventory,livestock.own.COW.daily_feed_current_buy_cost,-0.9980974718044889
market_plan.WHEAT.h12.demand_only_inventory,livestock.own.GOOSE.daily_feed_current_buy_cost,-0.9981040503267924
market_plan.WHEAT.h12.demand_only_inventory,livestock.own.SHEEP.daily_feed_current_buy_cost,-0.9972610567388265
market_plan.WHEAT.h12.quiet_revenue,market_plan.WHEAT.h12.rival_stress_revenue,0.9998845089178506
market_plan.WHEAT.h24.available,market_plan.CARROT.h24.available,1.0
market_plan.WHEAT.h24.available,market_plan.TOMATO.h24.available,1.0
market_plan.WHEAT.h24.available,market_plan.STRAWBERRY.h24.available,1.0
market_plan.WHEAT.h24.available,market_plan.MELON.h24.available,1.0
market_plan.WHEAT.h24.available,market_plan.MELON.h24.known_demand,1.0
market_plan.WHEAT.h24.available,market_plan.EGG.h24.available,1.0
market_plan.WHEAT.h24.available,market_plan.MILK.h24.available,1.0
market_plan.WHEAT.h24.available,market_plan.WOOL.h24.available,1.0
market_plan.WHEAT.h24.available,market_plan.FERTILIZER.h24.available,1.0
market_plan.WHEAT.h24.available,market_worker.0.night_sale_available,1.0
market_plan.WHEAT.h24.available,terminal.final_day,-1.0
market_plan.WHEAT.h24.available,terminal.next_refresh_exists,1.0
market_plan.WHEAT.h24.available,terminal.GOOSE.unfed_without_refresh,-1.0
market_plan.WHEAT.h24.available,terminal.SHEEP.unfed_without_refresh,-0.999918424777919
market_plan.WHEAT.h24.available,terminal.routes_generated,-0.9997412823336159
market_plan.WHEAT.h24.available,terminal.room,-0.9998582217229728
market_plan.WHEAT.h24.available,terminal.budget,-0.9997460801076313
market_plan.WHEAT.h24.available,terminal.assignment_leaves,-0.9997516081417404
market_plan.WHEAT.h24.demand_only_inventory,livestock.own.COW.daily_feed_current_buy_cost,-0.9971597559400495
market_plan.WHEAT.h24.demand_only_inventory,livestock.own.GOOSE.daily_feed_current_buy_cost,-0.9971703183723076
market_plan.WHEAT.h24.demand_only_inventory,livestock.own.SHEEP.daily_feed_current_buy_cost,-0.9966004439990183
market_plan.WHEAT.h24.quiet_revenue,market_plan.WHEAT.h24.rival_stress_revenue,0.9998894955510312
market_plan.CARROT.h4.available,market_plan.TOMATO.h4.available,1.0
market_plan.CARROT.h4.available,market_plan.STRAWBERRY.h4.available,1.0
market_plan.CARROT.h4.available,market_plan.MELON.h4.available,1.0
market_plan.CARROT.h4.available,market_plan.EGG.h4.available,1.0
market_plan.CARROT.h4.available,market_plan.MILK.h4.available,1.0
market_plan.CARROT.h4.available,market_plan.WOOL.h4.available,1.0
market_plan.CARROT.h4.available,market_plan.FERTILIZER.h4.available,1.0
market_plan.CARROT.h4.demand_only_inventory,market_plan.CARROT.h12.demand_only_inventory,0.9959047545394659
market_plan.CARROT.h12.available,market_plan.TOMATO.h12.available,1.0
market_plan.CARROT.h12.available,market_plan.STRAWBERRY.h12.available,1.0
market_plan.CARROT.h12.available,market_plan.MELON.h12.available,1.0
market_plan.CARROT.h12.available,market_plan.EGG.h12.available,1.0
market_plan.CARROT.h12.available,market_plan.MILK.h12.available,1.0
market_plan.CARROT.h12.available,market_plan.WOOL.h12.available,1.0
market_plan.CARROT.h12.available,market_plan.FERTILIZER.h12.available,1.0
market_plan.CARROT.h24.available,market_plan.TOMATO.h24.available,1.0
market_plan.CARROT.h24.available,market_plan.STRAWBERRY.h24.available,1.0
market_plan.CARROT.h24.available,market_plan.MELON.h24.available,1.0
market_plan.CARROT.h24.available,market_plan.MELON.h24.known_demand,1.0
market_plan.CARROT.h24.available,market_plan.EGG.h24.available,1.0
market_plan.CARROT.h24.available,market_plan.MILK.h24.available,1.0
market_plan.CARROT.h24.available,market_plan.WOOL.h24.available,1.0
market_plan.CARROT.h24.available,market_plan.FERTILIZER.h24.available,1.0
market_plan.CARROT.h24.available,market_worker.0.night_sale_available,1.0
market_plan.CARROT.h24.available,terminal.final_day,-1.0
market_plan.CARROT.h24.available,terminal.next_refresh_exists,1.0
market_plan.CARROT.h24.available,terminal.GOOSE.unfed_without_refresh,-1.0
market_plan.CARROT.h24.available,terminal.SHEEP.unfed_without_refresh,-0.999918424777919
market_plan.CARROT.h24.available,terminal.routes_generated,-0.9997412823336159
market_plan.CARROT.h24.available,terminal.room,-0.9998582217229728
market_plan.CARROT.h24.available,terminal.budget,-0.9997460801076313
market_plan.CARROT.h24.available,terminal.assignment_leaves,-0.9997516081417404
market_plan.TOMATO.own_ready_units,livestock.fertilizer.TOMATO.first_harvest_action_gain,-0.9972147866759553
market_plan.TOMATO.own_ready_units,terminal.TOMATO.ready,1.0
market_plan.TOMATO.shed_units,terminal.TOMATO.shed,1.0
market_plan.TOMATO.carried_units,terminal.TOMATO.carried,1.0
market_plan.TOMATO.carried_units,terminal.TOMATO.carry_sale_value,0.9984193524516756
market_plan.TOMATO.h4.available,market_plan.STRAWBERRY.h4.available,1.0
market_plan.TOMATO.h4.available,market_plan.MELON.h4.available,1.0
market_plan.TOMATO.h4.available,market_plan.EGG.h4.available,1.0
market_plan.TOMATO.h4.available,market_plan.MILK.h4.available,1.0
market_plan.TOMATO.h4.available,market_plan.WOOL.h4.available,1.0
market_plan.TOMATO.h4.available,market_plan.FERTILIZER.h4.available,1.0
market_plan.TOMATO.h4.demand_only_inventory,market_plan.TOMATO.h12.demand_only_inventory,0.9956760934514641
market_plan.TOMATO.h4.quiet_revenue,market_plan.TOMATO.h4.rival_stress_revenue,0.9999970221851141
market_plan.TOMATO.h12.available,market_plan.STRAWBERRY.h12.available,1.0
market_plan.TOMATO.h12.available,market_plan.MELON.h12.available,1.0
market_plan.TOMATO.h12.available,market_plan.EGG.h12.available,1.0
market_plan.TOMATO.h12.available,market_plan.MILK.h12.available,1.0
market_plan.TOMATO.h12.available,market_plan.WOOL.h12.available,1.0
market_plan.TOMATO.h12.available,market_plan.FERTILIZER.h12.available,1.0
market_plan.TOMATO.h12.quiet_revenue,market_plan.TOMATO.h12.rival_stress_revenue,0.9999431818195293
market_plan.TOMATO.h24.available,market_plan.STRAWBERRY.h24.available,1.0
market_plan.TOMATO.h24.available,market_plan.MELON.h24.available,1.0
market_plan.TOMATO.h24.available,market_plan.MELON.h24.known_demand,1.0
market_plan.TOMATO.h24.available,market_plan.EGG.h24.available,1.0
market_plan.TOMATO.h24.available,market_plan.MILK.h24.available,1.0
market_plan.TOMATO.h24.available,market_plan.WOOL.h24.available,1.0
market_plan.TOMATO.h24.available,market_plan.FERTILIZER.h24.available,1.0
market_plan.TOMATO.h24.available,market_worker.0.night_sale_available,1.0
market_plan.TOMATO.h24.available,terminal.final_day,-1.0
market_plan.TOMATO.h24.available,terminal.next_refresh_exists,1.0
market_plan.TOMATO.h24.available,terminal.GOOSE.unfed_without_refresh,-1.0
market_plan.TOMATO.h24.available,terminal.SHEEP.unfed_without_refresh,-0.999918424777919
market_plan.TOMATO.h24.available,terminal.routes_generated,-0.9997412823336159
market_plan.TOMATO.h24.available,terminal.room,-0.9998582217229728
market_plan.TOMATO.h24.available,terminal.budget,-0.9997460801076313
market_plan.TOMATO.h24.available,terminal.assignment_leaves,-0.9997516081417404
market_plan.TOMATO.h24.quiet_revenue,market_plan.TOMATO.h24.rival_stress_revenue,0.9999573618474397
market_plan.STRAWBERRY.own_ready_units,livestock.fertilizer.STRAWBERRY.first_harvest_action_gain,-0.9994902553497981
market_plan.STRAWBERRY.own_ready_units,terminal.STRAWBERRY.ready,1.0
market_plan.STRAWBERRY.shed_units,terminal.STRAWBERRY.shed,1.0
market_plan.STRAWBERRY.carried_units,terminal.STRAWBERRY.carried,1.0
market_plan.STRAWBERRY.carried_units,terminal.STRAWBERRY.carry_sale_value,0.9989095684807735
market_plan.STRAWBERRY.h4.available,market_plan.MELON.h4.available,1.0
market_plan.STRAWBERRY.h4.available,market_plan.EGG.h4.available,1.0
market_plan.STRAWBERRY.h4.available,market_plan.MILK.h4.available,1.0
market_plan.STRAWBERRY.h4.available,market_plan.WOOL.h4.available,1.0
market_plan.STRAWBERRY.h4.available,market_plan.FERTILIZER.h4.available,1.0
market_plan.STRAWBERRY.h4.demand_only_inventory,market_plan.STRAWBERRY.h12.demand_only_inventory,0.9970295347037351
market_plan.STRAWBERRY.h4.quiet_revenue,market_plan.STRAWBERRY.h4.rival_stress_revenue,0.9999998619561491
market_plan.STRAWBERRY.h12.available,market_plan.MELON.h12.available,1.0
market_plan.STRAWBERRY.h12.available,market_plan.EGG.h12.available,1.0
market_plan.STRAWBERRY.h12.available,market_plan.MILK.h12.available,1.0
market_plan.STRAWBERRY.h12.available,market_plan.WOOL.h12.available,1.0
market_plan.STRAWBERRY.h12.available,market_plan.FERTILIZER.h12.available,1.0
market_plan.STRAWBERRY.h12.demand_only_inventory,market_plan.STRAWBERRY.h24.demand_only_inventory,0.9954380807541662
market_plan.STRAWBERRY.h12.quiet_revenue,market_plan.STRAWBERRY.h12.rival_stress_revenue,0.9999738142907476
market_plan.STRAWBERRY.h24.available,market_plan.MELON.h24.available,1.0
market_plan.STRAWBERRY.h24.available,market_plan.MELON.h24.known_demand,1.0
market_plan.STRAWBERRY.h24.available,market_plan.EGG.h24.available,1.0
market_plan.STRAWBERRY.h24.available,market_plan.MILK.h24.available,1.0
market_plan.STRAWBERRY.h24.available,market_plan.WOOL.h24.available,1.0
market_plan.STRAWBERRY.h24.available,market_plan.FERTILIZER.h24.available,1.0
market_plan.STRAWBERRY.h24.available,market_worker.0.night_sale_available,1.0
market_plan.STRAWBERRY.h24.available,terminal.final_day,-1.0
market_plan.STRAWBERRY.h24.available,terminal.next_refresh_exists,1.0
market_plan.STRAWBERRY.h24.available,terminal.GOOSE.unfed_without_refresh,-1.0
market_plan.STRAWBERRY.h24.available,terminal.SHEEP.unfed_without_refresh,-0.999918424777919
market_plan.STRAWBERRY.h24.available,terminal.routes_generated,-0.9997412823336159
market_plan.STRAWBERRY.h24.available,terminal.room,-0.9998582217229728
market_plan.STRAWBERRY.h24.available,terminal.budget,-0.9997460801076313
market_plan.STRAWBERRY.h24.available,terminal.assignment_leaves,-0.9997516081417404
market_plan.STRAWBERRY.h24.quiet_revenue,market_plan.STRAWBERRY.h24.rival_stress_revenue,0.9999916910753497
market_plan.MELON.rival_ready_units,market_plan.MELON.rival_earliest_delivery,-0.996071749330733
market_plan.MELON.h4.available,market_plan.EGG.h4.available,1.0
market_plan.MELON.h4.available,market_plan.MILK.h4.available,1.0
market_plan.MELON.h4.available,market_plan.WOOL.h4.available,1.0
market_plan.MELON.h4.available,market_plan.FERTILIZER.h4.available,1.0
market_plan.MELON.h12.available,market_plan.EGG.h12.available,1.0
market_plan.MELON.h12.available,market_plan.MILK.h12.available,1.0
market_plan.MELON.h12.available,market_plan.WOOL.h12.available,1.0
market_plan.MELON.h12.available,market_plan.FERTILIZER.h12.available,1.0
market_plan.MELON.h24.available,market_plan.MELON.h24.known_demand,1.0
market_plan.MELON.h24.available,market_plan.EGG.h24.available,1.0
market_plan.MELON.h24.available,market_plan.MILK.h24.available,1.0
market_plan.MELON.h24.available,market_plan.WOOL.h24.available,1.0
market_plan.MELON.h24.available,market_plan.FERTILIZER.h24.available,1.0
market_plan.MELON.h24.available,market_worker.0.night_sale_available,1.0
market_plan.MELON.h24.available,terminal.final_day,-1.0
market_plan.MELON.h24.available,terminal.next_refresh_exists,1.0
market_plan.MELON.h24.available,terminal.GOOSE.unfed_without_refresh,-1.0
market_plan.MELON.h24.available,terminal.SHEEP.unfed_without_refresh,-0.999918424777919
market_plan.MELON.h24.available,terminal.routes_generated,-0.9997412823336159
market_plan.MELON.h24.available,terminal.room,-0.9998582217229728
market_plan.MELON.h24.available,terminal.budget,-0.9997460801076313
market_plan.MELON.h24.available,terminal.assignment_leaves,-0.9997516081417404
market_plan.MELON.h24.known_demand,market_plan.EGG.h24.available,1.0
market_plan.MELON.h24.known_demand,market_plan.MILK.h24.available,1.0
market_plan.MELON.h24.known_demand,market_plan.WOOL.h24.available,1.0
market_plan.MELON.h24.known_demand,market_plan.FERTILIZER.h24.available,1.0
market_plan.MELON.h24.known_demand,market_worker.0.night_sale_available,1.0
market_plan.MELON.h24.known_demand,terminal.final_day,-1.0
market_plan.MELON.h24.known_demand,terminal.next_refresh_exists,1.0
market_plan.MELON.h24.known_demand,terminal.GOOSE.unfed_without_refresh,-1.0
market_plan.MELON.h24.known_demand,terminal.SHEEP.unfed_without_refresh,-0.999918424777919
market_plan.MELON.h24.known_demand,terminal.routes_generated,-0.9997412823336159
market_plan.MELON.h24.known_demand,terminal.room,-0.9998582217229728
market_plan.MELON.h24.known_demand,terminal.budget,-0.9997460801076313
market_plan.MELON.h24.known_demand,terminal.assignment_leaves,-0.9997516081417404
market_plan.EGG.own_ready_units,livestock.own.GOOSE.held_units,1.0
market_plan.EGG.own_ready_units,terminal.EGG.ready,1.0
market_plan.EGG.own_ready_units,terminal.GOOSE.stored_units,1.0
market_plan.EGG.rival_ready_units,market_plan.EGG.rival_earliest_delivery,-0.9979077883220875
market_plan.EGG.rival_ready_units,livestock.opponent.GOOSE.held_units,1.0
market_plan.EGG.shed_units,terminal.EGG.shed,1.0
market_plan.EGG.carried_units,terminal.EGG.carried,1.0
market_plan.EGG.rival_earliest_delivery,livestock.opponent.GOOSE.held_units,-0.9979077883220875
market_plan.EGG.h4.available,market_plan.MILK.h4.available,1.0
market_plan.EGG.h4.available,market_plan.WOOL.h4.available,1.0
market_plan.EGG.h4.available,market_plan.FERTILIZER.h4.available,1.0
market_plan.EGG.h4.quiet_revenue,market_plan.EGG.h4.rival_stress_revenue,0.9999138084910646
market_plan.EGG.h12.available,market_plan.MILK.h12.available,1.0
market_plan.EGG.h12.available,market_plan.WOOL.h12.available,1.0
market_plan.EGG.h12.available,market_plan.FERTILIZER.h12.available,1.0
market_plan.EGG.h12.quiet_revenue,market_plan.EGG.h12.rival_stress_revenue,0.9999296784634926
market_plan.EGG.h24.available,market_plan.MILK.h24.available,1.0
market_plan.EGG.h24.available,market_plan.WOOL.h24.available,1.0
market_plan.EGG.h24.available,market_plan.FERTILIZER.h24.available,1.0
market_plan.EGG.h24.available,market_worker.0.night_sale_available,1.0
market_plan.EGG.h24.available,terminal.final_day,-1.0
market_plan.EGG.h24.available,terminal.next_refresh_exists,1.0
market_plan.EGG.h24.available,terminal.GOOSE.unfed_without_refresh,-1.0
market_plan.EGG.h24.available,terminal.SHEEP.unfed_without_refresh,-0.999918424777919
market_plan.EGG.h24.available,terminal.routes_generated,-0.9997412823336159
market_plan.EGG.h24.available,terminal.room,-0.9998582217229728
market_plan.EGG.h24.available,terminal.budget,-0.9997460801076313
market_plan.EGG.h24.available,terminal.assignment_leaves,-0.9997516081417404
market_plan.EGG.h24.quiet_revenue,market_plan.EGG.h24.rival_stress_revenue,0.9998798782304639
market_plan.MILK.own_ready_units,livestock.own.COW.held_units,1.0
market_plan.MILK.own_ready_units,terminal.MILK.ready,1.0
market_plan.MILK.own_ready_units,terminal.COW.stored_units,1.0
market_plan.MILK.rival_ready_units,market_plan.MILK.rival_earliest_delivery,-0.999307712902768
market_plan.MILK.rival_ready_units,market_plan.MILK.h4.rival_penalty,0.9991136642316293
market_plan.MILK.rival_ready_units,market_plan.MILK.h12.rival_penalty,0.9992199782284167
market_plan.MILK.rival_ready_units,market_plan.MILK.h24.rival_penalty,0.9992152140841122
market_plan.MILK.rival_ready_units,livestock.opponent.COW.held_units,1.0
market_plan.MILK.shed_units,terminal.MILK.shed,1.0
market_plan.MILK.carried_units,terminal.MILK.carried,1.0
market_plan.MILK.rival_earliest_delivery,market_plan.MILK.h4.rival_penalty,-0.9990696763151048
market_plan.MILK.rival_earliest_delivery,market_plan.MILK.h12.rival_penalty,-0.998748721662447
market_plan.MILK.rival_earliest_delivery,market_plan.MILK.h24.rival_penalty,-0.9987505681970759
market_plan.MILK.rival_earliest_delivery,livestock.opponent.COW.held_units,-0.999307712902768
market_plan.MILK.immediate_revenue,market_plan.MILK.h4.quiet_revenue,0.9999947715215967
market_plan.MILK.immediate_revenue,market_plan.MILK.h4.rival_stress_revenue,0.9999489405682245
market_plan.MILK.immediate_revenue,market_plan.MILK.h12.quiet_revenue,0.9999810735582751
market_plan.MILK.immediate_revenue,market_plan.MILK.h12.rival_stress_revenue,0.9999134254539974
market_plan.MILK.immediate_revenue,market_plan.MILK.h24.quiet_revenue,0.9990719216185837
market_plan.MILK.immediate_revenue,market_plan.MILK.h24.rival_stress_revenue,0.9990153087970632
market_plan.MILK.h4.available,market_plan.WOOL.h4.available,1.0
market_plan.MILK.h4.available,market_plan.FERTILIZER.h4.available,1.0
market_plan.MILK.h4.quiet_revenue,market_plan.MILK.h4.rival_stress_revenue,0.999947137854257
market_plan.MILK.h4.quiet_revenue,market_plan.MILK.h12.quiet_revenue,0.999990740142273
market_plan.MILK.h4.quiet_revenue,market_plan.MILK.h12.rival_stress_revenue,0.999908050689262
market_plan.MILK.h4.quiet_revenue,market_plan.MILK.h24.quiet_revenue,0.9991068382053734
market_plan.MILK.h4.quiet_revenue,market_plan.MILK.h24.rival_stress_revenue,0.9990366809348409
market_plan.MILK.h4.rival_stress_revenue,market_plan.MILK.h12.quiet_revenue,0.9999393535459098
market_plan.MILK.h4.rival_stress_revenue,market_plan.MILK.h12.rival_stress_revenue,0.9999775092294075
market_plan.MILK.h4.rival_stress_revenue,market_plan.MILK.h24.quiet_revenue,0.9990344043558289
market_plan.MILK.h4.rival_stress_revenue,market_plan.MILK.h24.rival_stress_revenue,0.9990803548322827
market_plan.MILK.h4.rival_penalty,market_plan.MILK.h12.rival_penalty,0.999861801308454
market_plan.MILK.h4.rival_penalty,market_plan.MILK.h24.rival_penalty,0.9998329036545835
market_plan.MILK.h4.rival_penalty,livestock.opponent.COW.held_units,0.9991136642316293
market_plan.MILK.h12.available,market_plan.WOOL.h12.available,1.0
market_plan.MILK.h12.available,market_plan.FERTILIZER.h12.available,1.0
market_plan.MILK.h12.quiet_revenue,market_plan.MILK.h12.rival_stress_revenue,0.999915375725072
market_plan.MILK.h12.quiet_revenue,market_plan.MILK.h24.quiet_revenue,0.9991583733862207
market_plan.MILK.h12.quiet_revenue,market_plan.MILK.h24.rival_stress_revenue,0.999087754002435
market_plan.MILK.h12.rival_stress_revenue,market_plan.MILK.h24.quiet_revenue,0.9990461032693921
market_plan.MILK.h12.rival_stress_revenue,market_plan.MILK.h24.rival_stress_revenue,0.9991383147621659
market_plan.MILK.h12.rival_penalty,market_plan.MILK.h24.rival_penalty,0.9999580943408827
market_plan.MILK.h12.rival_penalty,livestock.opponent.COW.held_units,0.9992199782284167
market_plan.MILK.h24.available,market_plan.WOOL.h24.available,1.0
market_plan.MILK.h24.available,market_plan.FERTILIZER.h24.available,1.0
market_plan.MILK.h24.available,market_worker.0.night_sale_available,1.0
market_plan.MILK.h24.available,terminal.final_day,-1.0
market_plan.MILK.h24.available,terminal.next_refresh_exists,1.0
market_plan.MILK.h24.available,terminal.GOOSE.unfed_without_refresh,-1.0
market_plan.MILK.h24.available,terminal.SHEEP.unfed_without_refresh,-0.999918424777919
market_plan.MILK.h24.available,terminal.routes_generated,-0.9997412823336159
market_plan.MILK.h24.available,terminal.room,-0.9998582217229728
market_plan.MILK.h24.available,terminal.budget,-0.9997460801076313
market_plan.MILK.h24.available,terminal.assignment_leaves,-0.9997516081417404
market_plan.MILK.h24.quiet_revenue,market_plan.MILK.h24.rival_stress_revenue,0.9999191598782157
market_plan.MILK.h24.rival_penalty,livestock.opponent.COW.held_units,0.9992152140841122
market_plan.WOOL.own_ready_units,livestock.own.SHEEP.held_units,1.0
market_plan.WOOL.own_ready_units,terminal.WOOL.ready,1.0
market_plan.WOOL.own_ready_units,terminal.SHEEP.stored_units,1.0
market_plan.WOOL.rival_ready_units,market_plan.WOOL.rival_earliest_delivery,-0.997383019190822
market_plan.WOOL.rival_ready_units,livestock.opponent.SHEEP.held_units,1.0
market_plan.WOOL.shed_units,terminal.WOOL.shed,1.0
market_plan.WOOL.carried_units,terminal.WOOL.carried,1.0
market_plan.WOOL.rival_earliest_delivery,livestock.opponent.SHEEP.held_units,-0.997383019190822
market_plan.WOOL.immediate_revenue,market_plan.WOOL.h4.quiet_revenue,0.995053593747455
market_plan.WOOL.h4.available,market_plan.FERTILIZER.h4.available,1.0
market_plan.WOOL.h4.quiet_revenue,market_plan.WOOL.h4.rival_stress_revenue,0.999855679175569
market_plan.WOOL.h4.quiet_revenue,market_plan.WOOL.h12.quiet_revenue,0.9950602293125106
market_plan.WOOL.h4.rival_stress_revenue,market_plan.WOOL.h12.rival_stress_revenue,0.9950533412948892
market_plan.WOOL.h12.available,market_plan.FERTILIZER.h12.available,1.0
market_plan.WOOL.h12.quiet_revenue,market_plan.WOOL.h12.rival_stress_revenue,0.9998489047811683
market_plan.WOOL.h24.available,market_plan.FERTILIZER.h24.available,1.0
market_plan.WOOL.h24.available,market_worker.0.night_sale_available,1.0
market_plan.WOOL.h24.available,terminal.final_day,-1.0
market_plan.WOOL.h24.available,terminal.next_refresh_exists,1.0
market_plan.WOOL.h24.available,terminal.GOOSE.unfed_without_refresh,-1.0
market_plan.WOOL.h24.available,terminal.SHEEP.unfed_without_refresh,-0.999918424777919
market_plan.WOOL.h24.available,terminal.routes_generated,-0.9997412823336159
market_plan.WOOL.h24.available,terminal.room,-0.9998582217229728
market_plan.WOOL.h24.available,terminal.budget,-0.9997460801076313
market_plan.WOOL.h24.available,terminal.assignment_leaves,-0.9997516081417404
market_plan.WOOL.h24.quiet_revenue,market_plan.WOOL.h24.rival_stress_revenue,0.9998715821743822
market_plan.FERTILIZER.shed_units,livestock.resources.manure_in_shed,1.0
market_plan.FERTILIZER.shed_units,terminal.FERTILIZER.shed,1.0
market_plan.FERTILIZER.carried_units,terminal.FERTILIZER.carried,1.0
market_plan.FERTILIZER.conditional_quantity,livestock.resources.manure_total,1.0
market_plan.FERTILIZER.immediate_revenue,market_plan.FERTILIZER.h4.quiet_revenue,0.9974661557517719
market_plan.FERTILIZER.immediate_revenue,market_plan.FERTILIZER.h4.rival_stress_revenue,0.9974661557517719
market_plan.FERTILIZER.immediate_revenue,market_plan.FERTILIZER.h12.quiet_revenue,0.9952836081010239
market_plan.FERTILIZER.immediate_revenue,market_plan.FERTILIZER.h12.rival_stress_revenue,0.9952836081010239
market_plan.FERTILIZER.h4.demand_only_price,market_plan.FERTILIZER.h12.demand_only_price,0.9983282062166798
market_plan.FERTILIZER.h4.demand_only_price,market_plan.FERTILIZER.h24.demand_only_price,0.9958778968854152
market_plan.FERTILIZER.h4.quiet_revenue,market_plan.FERTILIZER.h4.rival_stress_revenue,1.0
market_plan.FERTILIZER.h4.quiet_revenue,market_plan.FERTILIZER.h12.quiet_revenue,0.9977678805356511
market_plan.FERTILIZER.h4.quiet_revenue,market_plan.FERTILIZER.h12.rival_stress_revenue,0.9977678805356511
market_plan.FERTILIZER.h4.quiet_revenue,market_plan.FERTILIZER.h24.quiet_revenue,0.995311351902271
market_plan.FERTILIZER.h4.quiet_revenue,market_plan.FERTILIZER.h24.rival_stress_revenue,0.995311351902271
market_plan.FERTILIZER.h4.rival_stress_revenue,market_plan.FERTILIZER.h12.quiet_revenue,0.9977678805356511
market_plan.FERTILIZER.h4.rival_stress_revenue,market_plan.FERTILIZER.h12.rival_stress_revenue,0.9977678805356511
market_plan.FERTILIZER.h4.rival_stress_revenue,market_plan.FERTILIZER.h24.quiet_revenue,0.995311351902271
market_plan.FERTILIZER.h4.rival_stress_revenue,market_plan.FERTILIZER.h24.rival_stress_revenue,0.995311351902271
market_plan.FERTILIZER.h12.demand_only_price,market_plan.FERTILIZER.h24.demand_only_price,0.9974875874364432
market_plan.FERTILIZER.h12.quiet_revenue,market_plan.FERTILIZER.h12.rival_stress_revenue,1.0
market_plan.FERTILIZER.h12.quiet_revenue,market_plan.FERTILIZER.h24.quiet_revenue,0.9974718995607104
market_plan.FERTILIZER.h12.quiet_revenue,market_plan.FERTILIZER.h24.rival_stress_revenue,0.9974718995607104
market_plan.FERTILIZER.h12.rival_stress_revenue,market_plan.FERTILIZER.h24.quiet_revenue,0.9974718995607104
market_plan.FERTILIZER.h12.rival_stress_revenue,market_plan.FERTILIZER.h24.rival_stress_revenue,0.9974718995607104
market_plan.FERTILIZER.h24.available,market_worker.0.night_sale_available,1.0
market_plan.FERTILIZER.h24.available,terminal.final_day,-1.0
market_plan.FERTILIZER.h24.available,terminal.next_refresh_exists,1.0
market_plan.FERTILIZER.h24.available,terminal.GOOSE.unfed_without_refresh,-1.0
market_plan.FERTILIZER.h24.available,terminal.SHEEP.unfed_without_refresh,-0.999918424777919
market_plan.FERTILIZER.h24.available,terminal.routes_generated,-0.9997412823336159
market_plan.FERTILIZER.h24.available,terminal.room,-0.9998582217229728
market_plan.FERTILIZER.h24.available,terminal.budget,-0.9997460801076313
market_plan.FERTILIZER.h24.available,terminal.assignment_leaves,-0.9997516081417404
market_plan.FERTILIZER.h24.quiet_revenue,market_plan.FERTILIZER.h24.rival_stress_revenue,1.0
market_worker.0.quiet_night_revenue,market_worker.0.rival_stress_night_revenue,0.9999669471311116
market_worker.0.night_sale_available,terminal.final_day,-1.0
market_worker.0.night_sale_available,terminal.next_refresh_exists,1.0
market_worker.0.night_sale_available,terminal.GOOSE.unfed_without_refresh,-1.0
market_worker.0.night_sale_available,terminal.SHEEP.unfed_without_refresh,-0.999918424777919
market_worker.0.night_sale_available,terminal.routes_generated,-0.9997412823336159
market_worker.0.night_sale_available,terminal.room,-0.9998582217229728
market_worker.0.night_sale_available,terminal.budget,-0.9997460801076313
market_worker.0.night_sale_available,terminal.assignment_leaves,-0.9997516081417404
market_worker.1.present,market_worker.2.present,1.0
market_worker.1.present,market_worker.3.present,1.0
market_worker.1.present,terminal.worker1.present,1.0
market_worker.1.present,terminal.worker2.present,1.0
market_worker.1.present,terminal.worker3.present,1.0
market_worker.1.quiet_night_revenue,market_worker.1.rival_stress_night_revenue,0.9999862395178467
market_worker.1.night_sale_available,market_worker.2.night_sale_available,1.0
market_worker.1.night_sale_available,market_worker.3.night_sale_available,1.0
market_worker.2.present,market_worker.3.present,1.0
market_worker.2.present,terminal.worker1.present,1.0
market_worker.2.present,terminal.worker2.present,1.0
market_worker.2.present,terminal.worker3.present,1.0
market_worker.2.quiet_night_revenue,market_worker.2.rival_stress_night_revenue,0.9999650002201828
market_worker.2.night_sale_available,market_worker.3.night_sale_available,1.0
market_worker.3.present,terminal.worker1.present,1.0
market_worker.3.present,terminal.worker2.present,1.0
market_worker.3.present,terminal.worker3.present,1.0
market_worker.3.quiet_night_revenue,market_worker.3.rival_stress_night_revenue,0.9999961082021863
market_history.WHEAT.last.available,market_history.WHEAT.w4.observed,1.0
market_history.WHEAT.last.available,market_history.CARROT.last.available,1.0
market_history.WHEAT.last.available,market_history.CARROT.last.sales_identified,1.0
market_history.WHEAT.last.available,market_history.CARROT.w4.observed,1.0
market_history.WHEAT.last.available,market_history.CARROT.w4.identified_fraction,1.0
market_history.WHEAT.last.available,market_history.CARROT.w12.identified_fraction,1.0
market_history.WHEAT.last.available,market_history.CARROT.w24.identified_fraction,1.0
market_history.WHEAT.last.available,market_history.TOMATO.last.available,1.0
market_history.WHEAT.last.available,market_history.TOMATO.last.sales_identified,1.0
market_history.WHEAT.last.available,market_history.TOMATO.w4.observed,1.0
market_history.WHEAT.last.available,market_history.TOMATO.w4.identified_fraction,1.0
market_history.WHEAT.last.available,market_history.TOMATO.w12.identified_fraction,1.0
market_history.WHEAT.last.available,market_history.TOMATO.w24.identified_fraction,1.0
market_history.WHEAT.last.available,market_history.STRAWBERRY.last.available,1.0
market_history.WHEAT.last.available,market_history.STRAWBERRY.last.sales_identified,1.0
market_history.WHEAT.last.available,market_history.STRAWBERRY.w4.observed,1.0
market_history.WHEAT.last.available,market_history.STRAWBERRY.w4.identified_fraction,1.0
market_history.WHEAT.last.available,market_history.STRAWBERRY.w12.identified_fraction,1.0
market_history.WHEAT.last.available,market_history.STRAWBERRY.w24.identified_fraction,1.0
market_history.WHEAT.last.available,market_history.MELON.last.available,1.0
market_history.WHEAT.last.available,market_history.MELON.w4.observed,1.0
market_history.WHEAT.last.available,market_history.EGG.last.available,1.0
market_history.WHEAT.last.available,market_history.EGG.last.sales_identified,1.0
market_history.WHEAT.last.available,market_history.EGG.w4.observed,1.0
market_history.WHEAT.last.available,market_history.EGG.w4.identified_fraction,1.0
market_history.WHEAT.last.available,market_history.EGG.w12.identified_fraction,1.0
market_history.WHEAT.last.available,market_history.EGG.w24.identified_fraction,1.0
market_history.WHEAT.last.available,market_history.MILK.last.available,1.0
market_history.WHEAT.last.available,market_history.MILK.last.sales_identified,1.0
market_history.WHEAT.last.available,market_history.MILK.w4.observed,1.0
market_history.WHEAT.last.available,market_history.MILK.w4.identified_fraction,1.0
market_history.WHEAT.last.available,market_history.MILK.w12.identified_fraction,1.0
market_history.WHEAT.last.available,market_history.MILK.w24.identified_fraction,1.0
market_history.WHEAT.last.available,market_history.WOOL.last.available,1.0
market_history.WHEAT.last.available,market_history.WOOL.w4.observed,1.0
market_history.WHEAT.last.available,market_history.FERTILIZER.last.available,1.0
market_history.WHEAT.last.available,market_history.FERTILIZER.w4.observed,1.0
market_history.WHEAT.w4.observed,market_history.CARROT.last.available,1.0
market_history.WHEAT.w4.observed,market_history.CARROT.last.sales_identified,1.0
market_history.WHEAT.w4.observed,market_history.CARROT.w4.observed,1.0
market_history.WHEAT.w4.observed,market_history.CARROT.w4.identified_fraction,1.0
market_history.WHEAT.w4.observed,market_history.CARROT.w12.identified_fraction,1.0
market_history.WHEAT.w4.observed,market_history.CARROT.w24.identified_fraction,1.0
market_history.WHEAT.w4.observed,market_history.TOMATO.last.available,1.0
market_history.WHEAT.w4.observed,market_history.TOMATO.last.sales_identified,1.0
market_history.WHEAT.w4.observed,market_history.TOMATO.w4.observed,1.0
market_history.WHEAT.w4.observed,market_history.TOMATO.w4.identified_fraction,1.0
market_history.WHEAT.w4.observed,market_history.TOMATO.w12.identified_fraction,1.0
market_history.WHEAT.w4.observed,market_history.TOMATO.w24.identified_fraction,1.0
market_history.WHEAT.w4.observed,market_history.STRAWBERRY.last.available,1.0
market_history.WHEAT.w4.observed,market_history.STRAWBERRY.last.sales_identified,1.0
market_history.WHEAT.w4.observed,market_history.STRAWBERRY.w4.observed,1.0
market_history.WHEAT.w4.observed,market_history.STRAWBERRY.w4.identified_fraction,1.0
market_history.WHEAT.w4.observed,market_history.STRAWBERRY.w12.identified_fraction,1.0
market_history.WHEAT.w4.observed,market_history.STRAWBERRY.w24.identified_fraction,1.0
market_history.WHEAT.w4.observed,market_history.MELON.last.available,1.0
market_history.WHEAT.w4.observed,market_history.MELON.w4.observed,1.0
market_history.WHEAT.w4.observed,market_history.EGG.last.available,1.0
market_history.WHEAT.w4.observed,market_history.EGG.last.sales_identified,1.0
market_history.WHEAT.w4.observed,market_history.EGG.w4.observed,1.0
market_history.WHEAT.w4.observed,market_history.EGG.w4.identified_fraction,1.0
market_history.WHEAT.w4.observed,market_history.EGG.w12.identified_fraction,1.0
market_history.WHEAT.w4.observed,market_history.EGG.w24.identified_fraction,1.0
market_history.WHEAT.w4.observed,market_history.MILK.last.available,1.0
market_history.WHEAT.w4.observed,market_history.MILK.last.sales_identified,1.0
market_history.WHEAT.w4.observed,market_history.MILK.w4.observed,1.0
market_history.WHEAT.w4.observed,market_history.MILK.w4.identified_fraction,1.0
market_history.WHEAT.w4.observed,market_history.MILK.w12.identified_fraction,1.0
market_history.WHEAT.w4.observed,market_history.MILK.w24.identified_fraction,1.0
market_history.WHEAT.w4.observed,market_history.WOOL.last.available,1.0
market_history.WHEAT.w4.observed,market_history.WOOL.w4.observed,1.0
market_history.WHEAT.w4.observed,market_history.FERTILIZER.last.available,1.0
market_history.WHEAT.w4.observed,market_history.FERTILIZER.w4.observed,1.0
market_history.WHEAT.w12.observed,market_history.CARROT.w12.observed,1.0
market_history.WHEAT.w12.observed,market_history.TOMATO.w12.observed,1.0
market_history.WHEAT.w12.observed,market_history.STRAWBERRY.w12.observed,1.0
market_history.WHEAT.w12.observed,market_history.MELON.w12.observed,1.0
market_history.WHEAT.w12.observed,market_history.EGG.w12.observed,1.0
market_history.WHEAT.w12.observed,market_history.MILK.w12.observed,1.0
market_history.WHEAT.w12.observed,market_history.WOOL.w12.observed,1.0
market_history.WHEAT.w12.observed,market_history.FERTILIZER.w12.observed,1.0
market_history.WHEAT.w12.observed,livestock.own.GOOSE.present,0.9999896546194708
market_history.WHEAT.w24.observed,market_history.CARROT.w24.observed,1.0
market_history.WHEAT.w24.observed,market_history.TOMATO.w24.observed,1.0
market_history.WHEAT.w24.observed,market_history.STRAWBERRY.w24.observed,1.0
market_history.WHEAT.w24.observed,market_history.MELON.w24.observed,1.0
market_history.WHEAT.w24.observed,market_history.EGG.w24.observed,1.0
market_history.WHEAT.w24.observed,market_history.MILK.w24.observed,1.0
market_history.WHEAT.w24.observed,market_history.WOOL.w24.observed,1.0
market_history.WHEAT.w24.observed,market_history.FERTILIZER.w24.observed,1.0
market_history.CARROT.last.available,market_history.CARROT.last.sales_identified,1.0
market_history.CARROT.last.available,market_history.CARROT.w4.observed,1.0
market_history.CARROT.last.available,market_history.CARROT.w4.identified_fraction,1.0
market_history.CARROT.last.available,market_history.CARROT.w12.identified_fraction,1.0
market_history.CARROT.last.available,market_history.CARROT.w24.identified_fraction,1.0
market_history.CARROT.last.available,market_history.TOMATO.last.available,1.0
market_history.CARROT.last.available,market_history.TOMATO.last.sales_identified,1.0
market_history.CARROT.last.available,market_history.TOMATO.w4.observed,1.0
market_history.CARROT.last.available,market_history.TOMATO.w4.identified_fraction,1.0
market_history.CARROT.last.available,market_history.TOMATO.w12.identified_fraction,1.0
market_history.CARROT.last.available,market_history.TOMATO.w24.identified_fraction,1.0
market_history.CARROT.last.available,market_history.STRAWBERRY.last.available,1.0
market_history.CARROT.last.available,market_history.STRAWBERRY.last.sales_identified,1.0
market_history.CARROT.last.available,market_history.STRAWBERRY.w4.observed,1.0
market_history.CARROT.last.available,market_history.STRAWBERRY.w4.identified_fraction,1.0
market_history.CARROT.last.available,market_history.STRAWBERRY.w12.identified_fraction,1.0
market_history.CARROT.last.available,market_history.STRAWBERRY.w24.identified_fraction,1.0
market_history.CARROT.last.available,market_history.MELON.last.available,1.0
market_history.CARROT.last.available,market_history.MELON.w4.observed,1.0
market_history.CARROT.last.available,market_history.EGG.last.available,1.0
market_history.CARROT.last.available,market_history.EGG.last.sales_identified,1.0
market_history.CARROT.last.available,market_history.EGG.w4.observed,1.0
market_history.CARROT.last.available,market_history.EGG.w4.identified_fraction,1.0
market_history.CARROT.last.available,market_history.EGG.w12.identified_fraction,1.0
market_history.CARROT.last.available,market_history.EGG.w24.identified_fraction,1.0
market_history.CARROT.last.available,market_history.MILK.last.available,1.0
market_history.CARROT.last.available,market_history.MILK.last.sales_identified,1.0
market_history.CARROT.last.available,market_history.MILK.w4.observed,1.0
market_history.CARROT.last.available,market_history.MILK.w4.identified_fraction,1.0
market_history.CARROT.last.available,market_history.MILK.w12.identified_fraction,1.0
market_history.CARROT.last.available,market_history.MILK.w24.identified_fraction,1.0
market_history.CARROT.last.available,market_history.WOOL.last.available,1.0
market_history.CARROT.last.available,market_history.WOOL.w4.observed,1.0
market_history.CARROT.last.available,market_history.FERTILIZER.last.available,1.0
market_history.CARROT.last.available,market_history.FERTILIZER.w4.observed,1.0
market_history.CARROT.last.sales_identified,market_history.CARROT.w4.observed,1.0
market_history.CARROT.last.sales_identified,market_history.CARROT.w4.identified_fraction,1.0
market_history.CARROT.last.sales_identified,market_history.CARROT.w12.identified_fraction,1.0
market_history.CARROT.last.sales_identified,market_history.CARROT.w24.identified_fraction,1.0
market_history.CARROT.last.sales_identified,market_history.TOMATO.last.available,1.0
market_history.CARROT.last.sales_identified,market_history.TOMATO.last.sales_identified,1.0
market_history.CARROT.last.sales_identified,market_history.TOMATO.w4.observed,1.0
market_history.CARROT.last.sales_identified,market_history.TOMATO.w4.identified_fraction,1.0
market_history.CARROT.last.sales_identified,market_history.TOMATO.w12.identified_fraction,1.0
market_history.CARROT.last.sales_identified,market_history.TOMATO.w24.identified_fraction,1.0
market_history.CARROT.last.sales_identified,market_history.STRAWBERRY.last.available,1.0
market_history.CARROT.last.sales_identified,market_history.STRAWBERRY.last.sales_identified,1.0
market_history.CARROT.last.sales_identified,market_history.STRAWBERRY.w4.observed,1.0
market_history.CARROT.last.sales_identified,market_history.STRAWBERRY.w4.identified_fraction,1.0
market_history.CARROT.last.sales_identified,market_history.STRAWBERRY.w12.identified_fraction,1.0
market_history.CARROT.last.sales_identified,market_history.STRAWBERRY.w24.identified_fraction,1.0
market_history.CARROT.last.sales_identified,market_history.MELON.last.available,1.0
market_history.CARROT.last.sales_identified,market_history.MELON.w4.observed,1.0
market_history.CARROT.last.sales_identified,market_history.EGG.last.available,1.0
market_history.CARROT.last.sales_identified,market_history.EGG.last.sales_identified,1.0
market_history.CARROT.last.sales_identified,market_history.EGG.w4.observed,1.0
market_history.CARROT.last.sales_identified,market_history.EGG.w4.identified_fraction,1.0
market_history.CARROT.last.sales_identified,market_history.EGG.w12.identified_fraction,1.0
market_history.CARROT.last.sales_identified,market_history.EGG.w24.identified_fraction,1.0
market_history.CARROT.last.sales_identified,market_history.MILK.last.available,1.0
market_history.CARROT.last.sales_identified,market_history.MILK.last.sales_identified,1.0
market_history.CARROT.last.sales_identified,market_history.MILK.w4.observed,1.0
market_history.CARROT.last.sales_identified,market_history.MILK.w4.identified_fraction,1.0
market_history.CARROT.last.sales_identified,market_history.MILK.w12.identified_fraction,1.0
market_history.CARROT.last.sales_identified,market_history.MILK.w24.identified_fraction,1.0
market_history.CARROT.last.sales_identified,market_history.WOOL.last.available,1.0
market_history.CARROT.last.sales_identified,market_history.WOOL.w4.observed,1.0
market_history.CARROT.last.sales_identified,market_history.FERTILIZER.last.available,1.0
market_history.CARROT.last.sales_identified,market_history.FERTILIZER.w4.observed,1.0
market_history.CARROT.w4.observed,market_history.CARROT.w4.identified_fraction,1.0
market_history.CARROT.w4.observed,market_history.CARROT.w12.identified_fraction,1.0
market_history.CARROT.w4.observed,market_history.CARROT.w24.identified_fraction,1.0
market_history.CARROT.w4.observed,market_history.TOMATO.last.available,1.0
market_history.CARROT.w4.observed,market_history.TOMATO.last.sales_identified,1.0
market_history.CARROT.w4.observed,market_history.TOMATO.w4.observed,1.0
market_history.CARROT.w4.observed,market_history.TOMATO.w4.identified_fraction,1.0
market_history.CARROT.w4.observed,market_history.TOMATO.w12.identified_fraction,1.0
market_history.CARROT.w4.observed,market_history.TOMATO.w24.identified_fraction,1.0
market_history.CARROT.w4.observed,market_history.STRAWBERRY.last.available,1.0
market_history.CARROT.w4.observed,market_history.STRAWBERRY.last.sales_identified,1.0
market_history.CARROT.w4.observed,market_history.STRAWBERRY.w4.observed,1.0
market_history.CARROT.w4.observed,market_history.STRAWBERRY.w4.identified_fraction,1.0
market_history.CARROT.w4.observed,market_history.STRAWBERRY.w12.identified_fraction,1.0
market_history.CARROT.w4.observed,market_history.STRAWBERRY.w24.identified_fraction,1.0
market_history.CARROT.w4.observed,market_history.MELON.last.available,1.0
market_history.CARROT.w4.observed,market_history.MELON.w4.observed,1.0
market_history.CARROT.w4.observed,market_history.EGG.last.available,1.0
market_history.CARROT.w4.observed,market_history.EGG.last.sales_identified,1.0
market_history.CARROT.w4.observed,market_history.EGG.w4.observed,1.0
market_history.CARROT.w4.observed,market_history.EGG.w4.identified_fraction,1.0
market_history.CARROT.w4.observed,market_history.EGG.w12.identified_fraction,1.0
market_history.CARROT.w4.observed,market_history.EGG.w24.identified_fraction,1.0
market_history.CARROT.w4.observed,market_history.MILK.last.available,1.0
market_history.CARROT.w4.observed,market_history.MILK.last.sales_identified,1.0
market_history.CARROT.w4.observed,market_history.MILK.w4.observed,1.0
market_history.CARROT.w4.observed,market_history.MILK.w4.identified_fraction,1.0
market_history.CARROT.w4.observed,market_history.MILK.w12.identified_fraction,1.0
market_history.CARROT.w4.observed,market_history.MILK.w24.identified_fraction,1.0
market_history.CARROT.w4.observed,market_history.WOOL.last.available,1.0
market_history.CARROT.w4.observed,market_history.WOOL.w4.observed,1.0
market_history.CARROT.w4.observed,market_history.FERTILIZER.last.available,1.0
market_history.CARROT.w4.observed,market_history.FERTILIZER.w4.observed,1.0
market_history.CARROT.w4.identified_fraction,market_history.CARROT.w12.identified_fraction,1.0
market_history.CARROT.w4.identified_fraction,market_history.CARROT.w24.identified_fraction,1.0
market_history.CARROT.w4.identified_fraction,market_history.TOMATO.last.available,1.0
market_history.CARROT.w4.identified_fraction,market_history.TOMATO.last.sales_identified,1.0
market_history.CARROT.w4.identified_fraction,market_history.TOMATO.w4.observed,1.0
market_history.CARROT.w4.identified_fraction,market_history.TOMATO.w4.identified_fraction,1.0
market_history.CARROT.w4.identified_fraction,market_history.TOMATO.w12.identified_fraction,1.0
market_history.CARROT.w4.identified_fraction,market_history.TOMATO.w24.identified_fraction,1.0
market_history.CARROT.w4.identified_fraction,market_history.STRAWBERRY.last.available,1.0
market_history.CARROT.w4.identified_fraction,market_history.STRAWBERRY.last.sales_identified,1.0
market_history.CARROT.w4.identified_fraction,market_history.STRAWBERRY.w4.observed,1.0
market_history.CARROT.w4.identified_fraction,market_history.STRAWBERRY.w4.identified_fraction,1.0
market_history.CARROT.w4.identified_fraction,market_history.STRAWBERRY.w12.identified_fraction,1.0
market_history.CARROT.w4.identified_fraction,market_history.STRAWBERRY.w24.identified_fraction,1.0
market_history.CARROT.w4.identified_fraction,market_history.MELON.last.available,1.0
market_history.CARROT.w4.identified_fraction,market_history.MELON.w4.observed,1.0
market_history.CARROT.w4.identified_fraction,market_history.EGG.last.available,1.0
market_history.CARROT.w4.identified_fraction,market_history.EGG.last.sales_identified,1.0
market_history.CARROT.w4.identified_fraction,market_history.EGG.w4.observed,1.0
market_history.CARROT.w4.identified_fraction,market_history.EGG.w4.identified_fraction,1.0
market_history.CARROT.w4.identified_fraction,market_history.EGG.w12.identified_fraction,1.0
market_history.CARROT.w4.identified_fraction,market_history.EGG.w24.identified_fraction,1.0
market_history.CARROT.w4.identified_fraction,market_history.MILK.last.available,1.0
market_history.CARROT.w4.identified_fraction,market_history.MILK.last.sales_identified,1.0
market_history.CARROT.w4.identified_fraction,market_history.MILK.w4.observed,1.0
market_history.CARROT.w4.identified_fraction,market_history.MILK.w4.identified_fraction,1.0
market_history.CARROT.w4.identified_fraction,market_history.MILK.w12.identified_fraction,1.0
market_history.CARROT.w4.identified_fraction,market_history.MILK.w24.identified_fraction,1.0
market_history.CARROT.w4.identified_fraction,market_history.WOOL.last.available,1.0
market_history.CARROT.w4.identified_fraction,market_history.WOOL.w4.observed,1.0
market_history.CARROT.w4.identified_fraction,market_history.FERTILIZER.last.available,1.0
market_history.CARROT.w4.identified_fraction,market_history.FERTILIZER.w4.observed,1.0
market_history.CARROT.w12.observed,market_history.TOMATO.w12.observed,1.0
market_history.CARROT.w12.observed,market_history.STRAWBERRY.w12.observed,1.0
market_history.CARROT.w12.observed,market_history.MELON.w12.observed,1.0
market_history.CARROT.w12.observed,market_history.EGG.w12.observed,1.0
market_history.CARROT.w12.observed,market_history.MILK.w12.observed,1.0
market_history.CARROT.w12.observed,market_history.WOOL.w12.observed,1.0
market_history.CARROT.w12.observed,market_history.FERTILIZER.w12.observed,1.0
market_history.CARROT.w12.observed,livestock.own.GOOSE.present,0.9999896546194708
market_history.CARROT.w12.identified_fraction,market_history.CARROT.w24.identified_fraction,1.0
market_history.CARROT.w12.identified_fraction,market_history.TOMATO.last.available,1.0
market_history.CARROT.w12.identified_fraction,market_history.TOMATO.last.sales_identified,1.0
market_history.CARROT.w12.identified_fraction,market_history.TOMATO.w4.observed,1.0
market_history.CARROT.w12.identified_fraction,market_history.TOMATO.w4.identified_fraction,1.0
market_history.CARROT.w12.identified_fraction,market_history.TOMATO.w12.identified_fraction,1.0
market_history.CARROT.w12.identified_fraction,market_history.TOMATO.w24.identified_fraction,1.0
market_history.CARROT.w12.identified_fraction,market_history.STRAWBERRY.last.available,1.0
market_history.CARROT.w12.identified_fraction,market_history.STRAWBERRY.last.sales_identified,1.0
market_history.CARROT.w12.identified_fraction,market_history.STRAWBERRY.w4.observed,1.0
market_history.CARROT.w12.identified_fraction,market_history.STRAWBERRY.w4.identified_fraction,1.0
market_history.CARROT.w12.identified_fraction,market_history.STRAWBERRY.w12.identified_fraction,1.0
market_history.CARROT.w12.identified_fraction,market_history.STRAWBERRY.w24.identified_fraction,1.0
market_history.CARROT.w12.identified_fraction,market_history.MELON.last.available,1.0
market_history.CARROT.w12.identified_fraction,market_history.MELON.w4.observed,1.0
market_history.CARROT.w12.identified_fraction,market_history.EGG.last.available,1.0
market_history.CARROT.w12.identified_fraction,market_history.EGG.last.sales_identified,1.0
market_history.CARROT.w12.identified_fraction,market_history.EGG.w4.observed,1.0
market_history.CARROT.w12.identified_fraction,market_history.EGG.w4.identified_fraction,1.0
market_history.CARROT.w12.identified_fraction,market_history.EGG.w12.identified_fraction,1.0
market_history.CARROT.w12.identified_fraction,market_history.EGG.w24.identified_fraction,1.0
market_history.CARROT.w12.identified_fraction,market_history.MILK.last.available,1.0
market_history.CARROT.w12.identified_fraction,market_history.MILK.last.sales_identified,1.0
market_history.CARROT.w12.identified_fraction,market_history.MILK.w4.observed,1.0
market_history.CARROT.w12.identified_fraction,market_history.MILK.w4.identified_fraction,1.0
market_history.CARROT.w12.identified_fraction,market_history.MILK.w12.identified_fraction,1.0
market_history.CARROT.w12.identified_fraction,market_history.MILK.w24.identified_fraction,1.0
market_history.CARROT.w12.identified_fraction,market_history.WOOL.last.available,1.0
market_history.CARROT.w12.identified_fraction,market_history.WOOL.w4.observed,1.0
market_history.CARROT.w12.identified_fraction,market_history.FERTILIZER.last.available,1.0
market_history.CARROT.w12.identified_fraction,market_history.FERTILIZER.w4.observed,1.0
market_history.CARROT.w24.observed,market_history.TOMATO.w24.observed,1.0
market_history.CARROT.w24.observed,market_history.STRAWBERRY.w24.observed,1.0
market_history.CARROT.w24.observed,market_history.MELON.w24.observed,1.0
market_history.CARROT.w24.observed,market_history.EGG.w24.observed,1.0
market_history.CARROT.w24.observed,market_history.MILK.w24.observed,1.0
market_history.CARROT.w24.observed,market_history.WOOL.w24.observed,1.0
market_history.CARROT.w24.observed,market_history.FERTILIZER.w24.observed,1.0
market_history.CARROT.w24.identified_fraction,market_history.TOMATO.last.available,1.0
market_history.CARROT.w24.identified_fraction,market_history.TOMATO.last.sales_identified,1.0
market_history.CARROT.w24.identified_fraction,market_history.TOMATO.w4.observed,1.0
market_history.CARROT.w24.identified_fraction,market_history.TOMATO.w4.identified_fraction,1.0
market_history.CARROT.w24.identified_fraction,market_history.TOMATO.w12.identified_fraction,1.0
market_history.CARROT.w24.identified_fraction,market_history.TOMATO.w24.identified_fraction,1.0
market_history.CARROT.w24.identified_fraction,market_history.STRAWBERRY.last.available,1.0
market_history.CARROT.w24.identified_fraction,market_history.STRAWBERRY.last.sales_identified,1.0
market_history.CARROT.w24.identified_fraction,market_history.STRAWBERRY.w4.observed,1.0
market_history.CARROT.w24.identified_fraction,market_history.STRAWBERRY.w4.identified_fraction,1.0
market_history.CARROT.w24.identified_fraction,market_history.STRAWBERRY.w12.identified_fraction,1.0
market_history.CARROT.w24.identified_fraction,market_history.STRAWBERRY.w24.identified_fraction,1.0
market_history.CARROT.w24.identified_fraction,market_history.MELON.last.available,1.0
market_history.CARROT.w24.identified_fraction,market_history.MELON.w4.observed,1.0
market_history.CARROT.w24.identified_fraction,market_history.EGG.last.available,1.0
market_history.CARROT.w24.identified_fraction,market_history.EGG.last.sales_identified,1.0
market_history.CARROT.w24.identified_fraction,market_history.EGG.w4.observed,1.0
market_history.CARROT.w24.identified_fraction,market_history.EGG.w4.identified_fraction,1.0
market_history.CARROT.w24.identified_fraction,market_history.EGG.w12.identified_fraction,1.0
market_history.CARROT.w24.identified_fraction,market_history.EGG.w24.identified_fraction,1.0
market_history.CARROT.w24.identified_fraction,market_history.MILK.last.available,1.0
market_history.CARROT.w24.identified_fraction,market_history.MILK.last.sales_identified,1.0
market_history.CARROT.w24.identified_fraction,market_history.MILK.w4.observed,1.0
market_history.CARROT.w24.identified_fraction,market_history.MILK.w4.identified_fraction,1.0
market_history.CARROT.w24.identified_fraction,market_history.MILK.w12.identified_fraction,1.0
market_history.CARROT.w24.identified_fraction,market_history.MILK.w24.identified_fraction,1.0
market_history.CARROT.w24.identified_fraction,market_history.WOOL.last.available,1.0
market_history.CARROT.w24.identified_fraction,market_history.WOOL.w4.observed,1.0
market_history.CARROT.w24.identified_fraction,market_history.FERTILIZER.last.available,1.0
market_history.CARROT.w24.identified_fraction,market_history.FERTILIZER.w4.observed,1.0
market_history.TOMATO.last.available,market_history.TOMATO.last.sales_identified,1.0
market_history.TOMATO.last.available,market_history.TOMATO.w4.observed,1.0
market_history.TOMATO.last.available,market_history.TOMATO.w4.identified_fraction,1.0
market_history.TOMATO.last.available,market_history.TOMATO.w12.identified_fraction,1.0
market_history.TOMATO.last.available,market_history.TOMATO.w24.identified_fraction,1.0
market_history.TOMATO.last.available,market_history.STRAWBERRY.last.available,1.0
market_history.TOMATO.last.available,market_history.STRAWBERRY.last.sales_identified,1.0
market_history.TOMATO.last.available,market_history.STRAWBERRY.w4.observed,1.0
market_history.TOMATO.last.available,market_history.STRAWBERRY.w4.identified_fraction,1.0
market_history.TOMATO.last.available,market_history.STRAWBERRY.w12.identified_fraction,1.0
market_history.TOMATO.last.available,market_history.STRAWBERRY.w24.identified_fraction,1.0
market_history.TOMATO.last.available,market_history.MELON.last.available,1.0
market_history.TOMATO.last.available,market_history.MELON.w4.observed,1.0
market_history.TOMATO.last.available,market_history.EGG.last.available,1.0
market_history.TOMATO.last.available,market_history.EGG.last.sales_identified,1.0
market_history.TOMATO.last.available,market_history.EGG.w4.observed,1.0
market_history.TOMATO.last.available,market_history.EGG.w4.identified_fraction,1.0
market_history.TOMATO.last.available,market_history.EGG.w12.identified_fraction,1.0
market_history.TOMATO.last.available,market_history.EGG.w24.identified_fraction,1.0
market_history.TOMATO.last.available,market_history.MILK.last.available,1.0
market_history.TOMATO.last.available,market_history.MILK.last.sales_identified,1.0
market_history.TOMATO.last.available,market_history.MILK.w4.observed,1.0
market_history.TOMATO.last.available,market_history.MILK.w4.identified_fraction,1.0
market_history.TOMATO.last.available,market_history.MILK.w12.identified_fraction,1.0
market_history.TOMATO.last.available,market_history.MILK.w24.identified_fraction,1.0
market_history.TOMATO.last.available,market_history.WOOL.last.available,1.0
market_history.TOMATO.last.available,market_history.WOOL.w4.observed,1.0
market_history.TOMATO.last.available,market_history.FERTILIZER.last.available,1.0
market_history.TOMATO.last.available,market_history.FERTILIZER.w4.observed,1.0
market_history.TOMATO.last.sales_lower,market_history.TOMATO.last.sales_upper,1.0
market_history.TOMATO.last.sales_identified,market_history.TOMATO.w4.observed,1.0
market_history.TOMATO.last.sales_identified,market_history.TOMATO.w4.identified_fraction,1.0
market_history.TOMATO.last.sales_identified,market_history.TOMATO.w12.identified_fraction,1.0
market_history.TOMATO.last.sales_identified,market_history.TOMATO.w24.identified_fraction,1.0
market_history.TOMATO.last.sales_identified,market_history.STRAWBERRY.last.available,1.0
market_history.TOMATO.last.sales_identified,market_history.STRAWBERRY.last.sales_identified,1.0
market_history.TOMATO.last.sales_identified,market_history.STRAWBERRY.w4.observed,1.0
market_history.TOMATO.last.sales_identified,market_history.STRAWBERRY.w4.identified_fraction,1.0
market_history.TOMATO.last.sales_identified,market_history.STRAWBERRY.w12.identified_fraction,1.0
market_history.TOMATO.last.sales_identified,market_history.STRAWBERRY.w24.identified_fraction,1.0
market_history.TOMATO.last.sales_identified,market_history.MELON.last.available,1.0
market_history.TOMATO.last.sales_identified,market_history.MELON.w4.observed,1.0
market_history.TOMATO.last.sales_identified,market_history.EGG.last.available,1.0
market_history.TOMATO.last.sales_identified,market_history.EGG.last.sales_identified,1.0
market_history.TOMATO.last.sales_identified,market_history.EGG.w4.observed,1.0
market_history.TOMATO.last.sales_identified,market_history.EGG.w4.identified_fraction,1.0
market_history.TOMATO.last.sales_identified,market_history.EGG.w12.identified_fraction,1.0
market_history.TOMATO.last.sales_identified,market_history.EGG.w24.identified_fraction,1.0
market_history.TOMATO.last.sales_identified,market_history.MILK.last.available,1.0
market_history.TOMATO.last.sales_identified,market_history.MILK.last.sales_identified,1.0
market_history.TOMATO.last.sales_identified,market_history.MILK.w4.observed,1.0
market_history.TOMATO.last.sales_identified,market_history.MILK.w4.identified_fraction,1.0
market_history.TOMATO.last.sales_identified,market_history.MILK.w12.identified_fraction,1.0
market_history.TOMATO.last.sales_identified,market_history.MILK.w24.identified_fraction,1.0
market_history.TOMATO.last.sales_identified,market_history.WOOL.last.available,1.0
market_history.TOMATO.last.sales_identified,market_history.WOOL.w4.observed,1.0
market_history.TOMATO.last.sales_identified,market_history.FERTILIZER.last.available,1.0
market_history.TOMATO.last.sales_identified,market_history.FERTILIZER.w4.observed,1.0
market_history.TOMATO.w4.observed,market_history.TOMATO.w4.identified_fraction,1.0
market_history.TOMATO.w4.observed,market_history.TOMATO.w12.identified_fraction,1.0
market_history.TOMATO.w4.observed,market_history.TOMATO.w24.identified_fraction,1.0
market_history.TOMATO.w4.observed,market_history.STRAWBERRY.last.available,1.0
market_history.TOMATO.w4.observed,market_history.STRAWBERRY.last.sales_identified,1.0
market_history.TOMATO.w4.observed,market_history.STRAWBERRY.w4.observed,1.0
market_history.TOMATO.w4.observed,market_history.STRAWBERRY.w4.identified_fraction,1.0
market_history.TOMATO.w4.observed,market_history.STRAWBERRY.w12.identified_fraction,1.0
market_history.TOMATO.w4.observed,market_history.STRAWBERRY.w24.identified_fraction,1.0
market_history.TOMATO.w4.observed,market_history.MELON.last.available,1.0
market_history.TOMATO.w4.observed,market_history.MELON.w4.observed,1.0
market_history.TOMATO.w4.observed,market_history.EGG.last.available,1.0
market_history.TOMATO.w4.observed,market_history.EGG.last.sales_identified,1.0
market_history.TOMATO.w4.observed,market_history.EGG.w4.observed,1.0
market_history.TOMATO.w4.observed,market_history.EGG.w4.identified_fraction,1.0
market_history.TOMATO.w4.observed,market_history.EGG.w12.identified_fraction,1.0
market_history.TOMATO.w4.observed,market_history.EGG.w24.identified_fraction,1.0
market_history.TOMATO.w4.observed,market_history.MILK.last.available,1.0
market_history.TOMATO.w4.observed,market_history.MILK.last.sales_identified,1.0
market_history.TOMATO.w4.observed,market_history.MILK.w4.observed,1.0
market_history.TOMATO.w4.observed,market_history.MILK.w4.identified_fraction,1.0
market_history.TOMATO.w4.observed,market_history.MILK.w12.identified_fraction,1.0
market_history.TOMATO.w4.observed,market_history.MILK.w24.identified_fraction,1.0
market_history.TOMATO.w4.observed,market_history.WOOL.last.available,1.0
market_history.TOMATO.w4.observed,market_history.WOOL.w4.observed,1.0
market_history.TOMATO.w4.observed,market_history.FERTILIZER.last.available,1.0
market_history.TOMATO.w4.observed,market_history.FERTILIZER.w4.observed,1.0
market_history.TOMATO.w4.trade_sum,market_history.TOMATO.w4.trade_std,1.0
market_history.TOMATO.w4.sales_lower_sum,market_history.TOMATO.w4.sales_upper_sum,1.0
market_history.TOMATO.w4.identified_fraction,market_history.TOMATO.w12.identified_fraction,1.0
market_history.TOMATO.w4.identified_fraction,market_history.TOMATO.w24.identified_fraction,1.0
market_history.TOMATO.w4.identified_fraction,market_history.STRAWBERRY.last.available,1.0
market_history.TOMATO.w4.identified_fraction,market_history.STRAWBERRY.last.sales_identified,1.0
market_history.TOMATO.w4.identified_fraction,market_history.STRAWBERRY.w4.observed,1.0
market_history.TOMATO.w4.identified_fraction,market_history.STRAWBERRY.w4.identified_fraction,1.0
market_history.TOMATO.w4.identified_fraction,market_history.STRAWBERRY.w12.identified_fraction,1.0
market_history.TOMATO.w4.identified_fraction,market_history.STRAWBERRY.w24.identified_fraction,1.0
market_history.TOMATO.w4.identified_fraction,market_history.MELON.last.available,1.0
market_history.TOMATO.w4.identified_fraction,market_history.MELON.w4.observed,1.0
market_history.TOMATO.w4.identified_fraction,market_history.EGG.last.available,1.0
market_history.TOMATO.w4.identified_fraction,market_history.EGG.last.sales_identified,1.0
market_history.TOMATO.w4.identified_fraction,market_history.EGG.w4.observed,1.0
market_history.TOMATO.w4.identified_fraction,market_history.EGG.w4.identified_fraction,1.0
market_history.TOMATO.w4.identified_fraction,market_history.EGG.w12.identified_fraction,1.0
market_history.TOMATO.w4.identified_fraction,market_history.EGG.w24.identified_fraction,1.0
market_history.TOMATO.w4.identified_fraction,market_history.MILK.last.available,1.0
market_history.TOMATO.w4.identified_fraction,market_history.MILK.last.sales_identified,1.0
market_history.TOMATO.w4.identified_fraction,market_history.MILK.w4.observed,1.0
market_history.TOMATO.w4.identified_fraction,market_history.MILK.w4.identified_fraction,1.0
market_history.TOMATO.w4.identified_fraction,market_history.MILK.w12.identified_fraction,1.0
market_history.TOMATO.w4.identified_fraction,market_history.MILK.w24.identified_fraction,1.0
market_history.TOMATO.w4.identified_fraction,market_history.WOOL.last.available,1.0
market_history.TOMATO.w4.identified_fraction,market_history.WOOL.w4.observed,1.0
market_history.TOMATO.w4.identified_fraction,market_history.FERTILIZER.last.available,1.0
market_history.TOMATO.w4.identified_fraction,market_history.FERTILIZER.w4.observed,1.0
market_history.TOMATO.w12.observed,market_history.STRAWBERRY.w12.observed,1.0
market_history.TOMATO.w12.observed,market_history.MELON.w12.observed,1.0
market_history.TOMATO.w12.observed,market_history.EGG.w12.observed,1.0
market_history.TOMATO.w12.observed,market_history.MILK.w12.observed,1.0
market_history.TOMATO.w12.observed,market_history.WOOL.w12.observed,1.0
market_history.TOMATO.w12.observed,market_history.FERTILIZER.w12.observed,1.0
market_history.TOMATO.w12.observed,livestock.own.GOOSE.present,0.9999896546194708
market_history.TOMATO.w12.trade_sum,market_history.TOMATO.w12.trade_std,0.9997152465900587
market_history.TOMATO.w12.sales_lower_sum,market_history.TOMATO.w12.sales_upper_sum,1.0
market_history.TOMATO.w12.identified_fraction,market_history.TOMATO.w24.identified_fraction,1.0
market_history.TOMATO.w12.identified_fraction,market_history.STRAWBERRY.last.available,1.0
market_history.TOMATO.w12.identified_fraction,market_history.STRAWBERRY.last.sales_identified,1.0
market_history.TOMATO.w12.identified_fraction,market_history.STRAWBERRY.w4.observed,1.0
market_history.TOMATO.w12.identified_fraction,market_history.STRAWBERRY.w4.identified_fraction,1.0
market_history.TOMATO.w12.identified_fraction,market_history.STRAWBERRY.w12.identified_fraction,1.0
market_history.TOMATO.w12.identified_fraction,market_history.STRAWBERRY.w24.identified_fraction,1.0
market_history.TOMATO.w12.identified_fraction,market_history.MELON.last.available,1.0
market_history.TOMATO.w12.identified_fraction,market_history.MELON.w4.observed,1.0
market_history.TOMATO.w12.identified_fraction,market_history.EGG.last.available,1.0
market_history.TOMATO.w12.identified_fraction,market_history.EGG.last.sales_identified,1.0
market_history.TOMATO.w12.identified_fraction,market_history.EGG.w4.observed,1.0
market_history.TOMATO.w12.identified_fraction,market_history.EGG.w4.identified_fraction,1.0
market_history.TOMATO.w12.identified_fraction,market_history.EGG.w12.identified_fraction,1.0
market_history.TOMATO.w12.identified_fraction,market_history.EGG.w24.identified_fraction,1.0
market_history.TOMATO.w12.identified_fraction,market_history.MILK.last.available,1.0
market_history.TOMATO.w12.identified_fraction,market_history.MILK.last.sales_identified,1.0
market_history.TOMATO.w12.identified_fraction,market_history.MILK.w4.observed,1.0
market_history.TOMATO.w12.identified_fraction,market_history.MILK.w4.identified_fraction,1.0
market_history.TOMATO.w12.identified_fraction,market_history.MILK.w12.identified_fraction,1.0
market_history.TOMATO.w12.identified_fraction,market_history.MILK.w24.identified_fraction,1.0
market_history.TOMATO.w12.identified_fraction,market_history.WOOL.last.available,1.0
market_history.TOMATO.w12.identified_fraction,market_history.WOOL.w4.observed,1.0
market_history.TOMATO.w12.identified_fraction,market_history.FERTILIZER.last.available,1.0
market_history.TOMATO.w12.identified_fraction,market_history.FERTILIZER.w4.observed,1.0
market_history.TOMATO.w24.observed,market_history.STRAWBERRY.w24.observed,1.0
market_history.TOMATO.w24.observed,market_history.MELON.w24.observed,1.0
market_history.TOMATO.w24.observed,market_history.EGG.w24.observed,1.0
market_history.TOMATO.w24.observed,market_history.MILK.w24.observed,1.0
market_history.TOMATO.w24.observed,market_history.WOOL.w24.observed,1.0
market_history.TOMATO.w24.observed,market_history.FERTILIZER.w24.observed,1.0
market_history.TOMATO.w24.trade_sum,market_history.TOMATO.w24.trade_std,0.9981346091110068
market_history.TOMATO.w24.sales_lower_sum,market_history.TOMATO.w24.sales_upper_sum,1.0
market_history.TOMATO.w24.identified_fraction,market_history.STRAWBERRY.last.available,1.0
market_history.TOMATO.w24.identified_fraction,market_history.STRAWBERRY.last.sales_identified,1.0
market_history.TOMATO.w24.identified_fraction,market_history.STRAWBERRY.w4.observed,1.0
market_history.TOMATO.w24.identified_fraction,market_history.STRAWBERRY.w4.identified_fraction,1.0
market_history.TOMATO.w24.identified_fraction,market_history.STRAWBERRY.w12.identified_fraction,1.0
market_history.TOMATO.w24.identified_fraction,market_history.STRAWBERRY.w24.identified_fraction,1.0
market_history.TOMATO.w24.identified_fraction,market_history.MELON.last.available,1.0
market_history.TOMATO.w24.identified_fraction,market_history.MELON.w4.observed,1.0
market_history.TOMATO.w24.identified_fraction,market_history.EGG.last.available,1.0
market_history.TOMATO.w24.identified_fraction,market_history.EGG.last.sales_identified,1.0
market_history.TOMATO.w24.identified_fraction,market_history.EGG.w4.observed,1.0
market_history.TOMATO.w24.identified_fraction,market_history.EGG.w4.identified_fraction,1.0
market_history.TOMATO.w24.identified_fraction,market_history.EGG.w12.identified_fraction,1.0
market_history.TOMATO.w24.identified_fraction,market_history.EGG.w24.identified_fraction,1.0
market_history.TOMATO.w24.identified_fraction,market_history.MILK.last.available,1.0
market_history.TOMATO.w24.identified_fraction,market_history.MILK.last.sales_identified,1.0
market_history.TOMATO.w24.identified_fraction,market_history.MILK.w4.observed,1.0
market_history.TOMATO.w24.identified_fraction,market_history.MILK.w4.identified_fraction,1.0
market_history.TOMATO.w24.identified_fraction,market_history.MILK.w12.identified_fraction,1.0
market_history.TOMATO.w24.identified_fraction,market_history.MILK.w24.identified_fraction,1.0
market_history.TOMATO.w24.identified_fraction,market_history.WOOL.last.available,1.0
market_history.TOMATO.w24.identified_fraction,market_history.WOOL.w4.observed,1.0
market_history.TOMATO.w24.identified_fraction,market_history.FERTILIZER.last.available,1.0
market_history.TOMATO.w24.identified_fraction,market_history.FERTILIZER.w4.observed,1.0
market_history.STRAWBERRY.last.available,market_history.STRAWBERRY.last.sales_identified,1.0
market_history.STRAWBERRY.last.available,market_history.STRAWBERRY.w4.observed,1.0
market_history.STRAWBERRY.last.available,market_history.STRAWBERRY.w4.identified_fraction,1.0
market_history.STRAWBERRY.last.available,market_history.STRAWBERRY.w12.identified_fraction,1.0
market_history.STRAWBERRY.last.available,market_history.STRAWBERRY.w24.identified_fraction,1.0
market_history.STRAWBERRY.last.available,market_history.MELON.last.available,1.0
market_history.STRAWBERRY.last.available,market_history.MELON.w4.observed,1.0
market_history.STRAWBERRY.last.available,market_history.EGG.last.available,1.0
market_history.STRAWBERRY.last.available,market_history.EGG.last.sales_identified,1.0
market_history.STRAWBERRY.last.available,market_history.EGG.w4.observed,1.0
market_history.STRAWBERRY.last.available,market_history.EGG.w4.identified_fraction,1.0
market_history.STRAWBERRY.last.available,market_history.EGG.w12.identified_fraction,1.0
market_history.STRAWBERRY.last.available,market_history.EGG.w24.identified_fraction,1.0
market_history.STRAWBERRY.last.available,market_history.MILK.last.available,1.0
market_history.STRAWBERRY.last.available,market_history.MILK.last.sales_identified,1.0
market_history.STRAWBERRY.last.available,market_history.MILK.w4.observed,1.0
market_history.STRAWBERRY.last.available,market_history.MILK.w4.identified_fraction,1.0
market_history.STRAWBERRY.last.available,market_history.MILK.w12.identified_fraction,1.0
market_history.STRAWBERRY.last.available,market_history.MILK.w24.identified_fraction,1.0
market_history.STRAWBERRY.last.available,market_history.WOOL.last.available,1.0
market_history.STRAWBERRY.last.available,market_history.WOOL.w4.observed,1.0
market_history.STRAWBERRY.last.available,market_history.FERTILIZER.last.available,1.0
market_history.STRAWBERRY.last.available,market_history.FERTILIZER.w4.observed,1.0
market_history.STRAWBERRY.last.sales_lower,market_history.STRAWBERRY.last.sales_upper,1.0
market_history.STRAWBERRY.last.sales_identified,market_history.STRAWBERRY.w4.observed,1.0
market_history.STRAWBERRY.last.sales_identified,market_history.STRAWBERRY.w4.identified_fraction,1.0
market_history.STRAWBERRY.last.sales_identified,market_history.STRAWBERRY.w12.identified_fraction,1.0
market_history.STRAWBERRY.last.sales_identified,market_history.STRAWBERRY.w24.identified_fraction,1.0
market_history.STRAWBERRY.last.sales_identified,market_history.MELON.last.available,1.0
market_history.STRAWBERRY.last.sales_identified,market_history.MELON.w4.observed,1.0
market_history.STRAWBERRY.last.sales_identified,market_history.EGG.last.available,1.0
market_history.STRAWBERRY.last.sales_identified,market_history.EGG.last.sales_identified,1.0
market_history.STRAWBERRY.last.sales_identified,market_history.EGG.w4.observed,1.0
market_history.STRAWBERRY.last.sales_identified,market_history.EGG.w4.identified_fraction,1.0
market_history.STRAWBERRY.last.sales_identified,market_history.EGG.w12.identified_fraction,1.0
market_history.STRAWBERRY.last.sales_identified,market_history.EGG.w24.identified_fraction,1.0
market_history.STRAWBERRY.last.sales_identified,market_history.MILK.last.available,1.0
market_history.STRAWBERRY.last.sales_identified,market_history.MILK.last.sales_identified,1.0
market_history.STRAWBERRY.last.sales_identified,market_history.MILK.w4.observed,1.0
market_history.STRAWBERRY.last.sales_identified,market_history.MILK.w4.identified_fraction,1.0
market_history.STRAWBERRY.last.sales_identified,market_history.MILK.w12.identified_fraction,1.0
market_history.STRAWBERRY.last.sales_identified,market_history.MILK.w24.identified_fraction,1.0
market_history.STRAWBERRY.last.sales_identified,market_history.WOOL.last.available,1.0
market_history.STRAWBERRY.last.sales_identified,market_history.WOOL.w4.observed,1.0
market_history.STRAWBERRY.last.sales_identified,market_history.FERTILIZER.last.available,1.0
market_history.STRAWBERRY.last.sales_identified,market_history.FERTILIZER.w4.observed,1.0
market_history.STRAWBERRY.w4.observed,market_history.STRAWBERRY.w4.identified_fraction,1.0
market_history.STRAWBERRY.w4.observed,market_history.STRAWBERRY.w12.identified_fraction,1.0
market_history.STRAWBERRY.w4.observed,market_history.STRAWBERRY.w24.identified_fraction,1.0
market_history.STRAWBERRY.w4.observed,market_history.MELON.last.available,1.0
market_history.STRAWBERRY.w4.observed,market_history.MELON.w4.observed,1.0
market_history.STRAWBERRY.w4.observed,market_history.EGG.last.available,1.0
market_history.STRAWBERRY.w4.observed,market_history.EGG.last.sales_identified,1.0
market_history.STRAWBERRY.w4.observed,market_history.EGG.w4.observed,1.0
market_history.STRAWBERRY.w4.observed,market_history.EGG.w4.identified_fraction,1.0
market_history.STRAWBERRY.w4.observed,market_history.EGG.w12.identified_fraction,1.0
market_history.STRAWBERRY.w4.observed,market_history.EGG.w24.identified_fraction,1.0
market_history.STRAWBERRY.w4.observed,market_history.MILK.last.available,1.0
market_history.STRAWBERRY.w4.observed,market_history.MILK.last.sales_identified,1.0
market_history.STRAWBERRY.w4.observed,market_history.MILK.w4.observed,1.0
market_history.STRAWBERRY.w4.observed,market_history.MILK.w4.identified_fraction,1.0
market_history.STRAWBERRY.w4.observed,market_history.MILK.w12.identified_fraction,1.0
market_history.STRAWBERRY.w4.observed,market_history.MILK.w24.identified_fraction,1.0
market_history.STRAWBERRY.w4.observed,market_history.WOOL.last.available,1.0
market_history.STRAWBERRY.w4.observed,market_history.WOOL.w4.observed,1.0
market_history.STRAWBERRY.w4.observed,market_history.FERTILIZER.last.available,1.0
market_history.STRAWBERRY.w4.observed,market_history.FERTILIZER.w4.observed,1.0
market_history.STRAWBERRY.w4.trade_sum,market_history.STRAWBERRY.w4.trade_std,0.9999768001815083
market_history.STRAWBERRY.w4.sales_lower_sum,market_history.STRAWBERRY.w4.sales_upper_sum,1.0
market_history.STRAWBERRY.w4.identified_fraction,market_history.STRAWBERRY.w12.identified_fraction,1.0
market_history.STRAWBERRY.w4.identified_fraction,market_history.STRAWBERRY.w24.identified_fraction,1.0
market_history.STRAWBERRY.w4.identified_fraction,market_history.MELON.last.available,1.0
market_history.STRAWBERRY.w4.identified_fraction,market_history.MELON.w4.observed,1.0
market_history.STRAWBERRY.w4.identified_fraction,market_history.EGG.last.available,1.0
market_history.STRAWBERRY.w4.identified_fraction,market_history.EGG.last.sales_identified,1.0
market_history.STRAWBERRY.w4.identified_fraction,market_history.EGG.w4.observed,1.0
market_history.STRAWBERRY.w4.identified_fraction,market_history.EGG.w4.identified_fraction,1.0
market_history.STRAWBERRY.w4.identified_fraction,market_history.EGG.w12.identified_fraction,1.0
market_history.STRAWBERRY.w4.identified_fraction,market_history.EGG.w24.identified_fraction,1.0
market_history.STRAWBERRY.w4.identified_fraction,market_history.MILK.last.available,1.0
market_history.STRAWBERRY.w4.identified_fraction,market_history.MILK.last.sales_identified,1.0
market_history.STRAWBERRY.w4.identified_fraction,market_history.MILK.w4.observed,1.0
market_history.STRAWBERRY.w4.identified_fraction,market_history.MILK.w4.identified_fraction,1.0
market_history.STRAWBERRY.w4.identified_fraction,market_history.MILK.w12.identified_fraction,1.0
market_history.STRAWBERRY.w4.identified_fraction,market_history.MILK.w24.identified_fraction,1.0
market_history.STRAWBERRY.w4.identified_fraction,market_history.WOOL.last.available,1.0
market_history.STRAWBERRY.w4.identified_fraction,market_history.WOOL.w4.observed,1.0
market_history.STRAWBERRY.w4.identified_fraction,market_history.FERTILIZER.last.available,1.0
market_history.STRAWBERRY.w4.identified_fraction,market_history.FERTILIZER.w4.observed,1.0
market_history.STRAWBERRY.w12.observed,market_history.MELON.w12.observed,1.0
market_history.STRAWBERRY.w12.observed,market_history.EGG.w12.observed,1.0
market_history.STRAWBERRY.w12.observed,market_history.MILK.w12.observed,1.0
market_history.STRAWBERRY.w12.observed,market_history.WOOL.w12.observed,1.0
market_history.STRAWBERRY.w12.observed,market_history.FERTILIZER.w12.observed,1.0
market_history.STRAWBERRY.w12.observed,livestock.own.GOOSE.present,0.9999896546194708
market_history.STRAWBERRY.w12.trade_sum,market_history.STRAWBERRY.w12.trade_std,0.9996284023831705
market_history.STRAWBERRY.w12.sales_lower_sum,market_history.STRAWBERRY.w12.sales_upper_sum,1.0
market_history.STRAWBERRY.w12.identified_fraction,market_history.STRAWBERRY.w24.identified_fraction,1.0
market_history.STRAWBERRY.w12.identified_fraction,market_history.MELON.last.available,1.0
market_history.STRAWBERRY.w12.identified_fraction,market_history.MELON.w4.observed,1.0
market_history.STRAWBERRY.w12.identified_fraction,market_history.EGG.last.available,1.0
market_history.STRAWBERRY.w12.identified_fraction,market_history.EGG.last.sales_identified,1.0
market_history.STRAWBERRY.w12.identified_fraction,market_history.EGG.w4.observed,1.0
market_history.STRAWBERRY.w12.identified_fraction,market_history.EGG.w4.identified_fraction,1.0
market_history.STRAWBERRY.w12.identified_fraction,market_history.EGG.w12.identified_fraction,1.0
market_history.STRAWBERRY.w12.identified_fraction,market_history.EGG.w24.identified_fraction,1.0
market_history.STRAWBERRY.w12.identified_fraction,market_history.MILK.last.available,1.0
market_history.STRAWBERRY.w12.identified_fraction,market_history.MILK.last.sales_identified,1.0
market_history.STRAWBERRY.w12.identified_fraction,market_history.MILK.w4.observed,1.0
market_history.STRAWBERRY.w12.identified_fraction,market_history.MILK.w4.identified_fraction,1.0
market_history.STRAWBERRY.w12.identified_fraction,market_history.MILK.w12.identified_fraction,1.0
market_history.STRAWBERRY.w12.identified_fraction,market_history.MILK.w24.identified_fraction,1.0
market_history.STRAWBERRY.w12.identified_fraction,market_history.WOOL.last.available,1.0
market_history.STRAWBERRY.w12.identified_fraction,market_history.WOOL.w4.observed,1.0
market_history.STRAWBERRY.w12.identified_fraction,market_history.FERTILIZER.last.available,1.0
market_history.STRAWBERRY.w12.identified_fraction,market_history.FERTILIZER.w4.observed,1.0
market_history.STRAWBERRY.w24.observed,market_history.MELON.w24.observed,1.0
market_history.STRAWBERRY.w24.observed,market_history.EGG.w24.observed,1.0
market_history.STRAWBERRY.w24.observed,market_history.MILK.w24.observed,1.0
market_history.STRAWBERRY.w24.observed,market_history.WOOL.w24.observed,1.0
market_history.STRAWBERRY.w24.observed,market_history.FERTILIZER.w24.observed,1.0
market_history.STRAWBERRY.w24.trade_sum,market_history.STRAWBERRY.w24.trade_std,0.9982115935525838
market_history.STRAWBERRY.w24.sales_lower_sum,market_history.STRAWBERRY.w24.sales_upper_sum,1.0
market_history.STRAWBERRY.w24.identified_fraction,market_history.MELON.last.available,1.0
market_history.STRAWBERRY.w24.identified_fraction,market_history.MELON.w4.observed,1.0
market_history.STRAWBERRY.w24.identified_fraction,market_history.EGG.last.available,1.0
market_history.STRAWBERRY.w24.identified_fraction,market_history.EGG.last.sales_identified,1.0
market_history.STRAWBERRY.w24.identified_fraction,market_history.EGG.w4.observed,1.0
market_history.STRAWBERRY.w24.identified_fraction,market_history.EGG.w4.identified_fraction,1.0
market_history.STRAWBERRY.w24.identified_fraction,market_history.EGG.w12.identified_fraction,1.0
market_history.STRAWBERRY.w24.identified_fraction,market_history.EGG.w24.identified_fraction,1.0
market_history.STRAWBERRY.w24.identified_fraction,market_history.MILK.last.available,1.0
market_history.STRAWBERRY.w24.identified_fraction,market_history.MILK.last.sales_identified,1.0
market_history.STRAWBERRY.w24.identified_fraction,market_history.MILK.w4.observed,1.0
market_history.STRAWBERRY.w24.identified_fraction,market_history.MILK.w4.identified_fraction,1.0
market_history.STRAWBERRY.w24.identified_fraction,market_history.MILK.w12.identified_fraction,1.0
market_history.STRAWBERRY.w24.identified_fraction,market_history.MILK.w24.identified_fraction,1.0
market_history.STRAWBERRY.w24.identified_fraction,market_history.WOOL.last.available,1.0
market_history.STRAWBERRY.w24.identified_fraction,market_history.WOOL.w4.observed,1.0
market_history.STRAWBERRY.w24.identified_fraction,market_history.FERTILIZER.last.available,1.0
market_history.STRAWBERRY.w24.identified_fraction,market_history.FERTILIZER.w4.observed,1.0
market_history.MELON.last.available,market_history.MELON.w4.observed,1.0
market_history.MELON.last.available,market_history.EGG.last.available,1.0
market_history.MELON.last.available,market_history.EGG.last.sales_identified,1.0
market_history.MELON.last.available,market_history.EGG.w4.observed,1.0
market_history.MELON.last.available,market_history.EGG.w4.identified_fraction,1.0
market_history.MELON.last.available,market_history.EGG.w12.identified_fraction,1.0
market_history.MELON.last.available,market_history.EGG.w24.identified_fraction,1.0
market_history.MELON.last.available,market_history.MILK.last.available,1.0
market_history.MELON.last.available,market_history.MILK.last.sales_identified,1.0
market_history.MELON.last.available,market_history.MILK.w4.observed,1.0
market_history.MELON.last.available,market_history.MILK.w4.identified_fraction,1.0
market_history.MELON.last.available,market_history.MILK.w12.identified_fraction,1.0
market_history.MELON.last.available,market_history.MILK.w24.identified_fraction,1.0
market_history.MELON.last.available,market_history.WOOL.last.available,1.0
market_history.MELON.last.available,market_history.WOOL.w4.observed,1.0
market_history.MELON.last.available,market_history.FERTILIZER.last.available,1.0
market_history.MELON.last.available,market_history.FERTILIZER.w4.observed,1.0
market_history.MELON.last.trade_net,market_history.MELON.last.quote_change,-1.0
market_history.MELON.last.trade_net,market_history.MELON.last.sales_lower,1.0
market_history.MELON.last.quote_change,market_history.MELON.last.sales_lower,-1.0
market_history.MELON.w4.observed,market_history.EGG.last.available,1.0
market_history.MELON.w4.observed,market_history.EGG.last.sales_identified,1.0
market_history.MELON.w4.observed,market_history.EGG.w4.observed,1.0
market_history.MELON.w4.observed,market_history.EGG.w4.identified_fraction,1.0
market_history.MELON.w4.observed,market_history.EGG.w12.identified_fraction,1.0
market_history.MELON.w4.observed,market_history.EGG.w24.identified_fraction,1.0
market_history.MELON.w4.observed,market_history.MILK.last.available,1.0
market_history.MELON.w4.observed,market_history.MILK.last.sales_identified,1.0
market_history.MELON.w4.observed,market_history.MILK.w4.observed,1.0
market_history.MELON.w4.observed,market_history.MILK.w4.identified_fraction,1.0
market_history.MELON.w4.observed,market_history.MILK.w12.identified_fraction,1.0
market_history.MELON.w4.observed,market_history.MILK.w24.identified_fraction,1.0
market_history.MELON.w4.observed,market_history.WOOL.last.available,1.0
market_history.MELON.w4.observed,market_history.WOOL.w4.observed,1.0
market_history.MELON.w4.observed,market_history.FERTILIZER.last.available,1.0
market_history.MELON.w4.observed,market_history.FERTILIZER.w4.observed,1.0
market_history.MELON.w4.trade_sum,market_history.MELON.w4.trade_std,1.0
market_history.MELON.w4.trade_sum,market_history.MELON.w4.sales_lower_sum,1.0
market_history.MELON.w4.trade_std,market_history.MELON.w4.sales_lower_sum,1.0
market_history.MELON.w12.observed,market_history.EGG.w12.observed,1.0
market_history.MELON.w12.observed,market_history.MILK.w12.observed,1.0
market_history.MELON.w12.observed,market_history.WOOL.w12.observed,1.0
market_history.MELON.w12.observed,market_history.FERTILIZER.w12.observed,1.0
market_history.MELON.w12.observed,livestock.own.GOOSE.present,0.9999896546194708
market_history.MELON.w12.trade_sum,market_history.MELON.w12.trade_std,1.0
market_history.MELON.w12.trade_sum,market_history.MELON.w12.sales_lower_sum,1.0
market_history.MELON.w12.trade_std,market_history.MELON.w12.sales_lower_sum,1.0
market_history.MELON.w24.observed,market_history.EGG.w24.observed,1.0
market_history.MELON.w24.observed,market_history.MILK.w24.observed,1.0
market_history.MELON.w24.observed,market_history.WOOL.w24.observed,1.0
market_history.MELON.w24.observed,market_history.FERTILIZER.w24.observed,1.0
market_history.MELON.w24.trade_sum,market_history.MELON.w24.trade_std,1.0
market_history.MELON.w24.trade_sum,market_history.MELON.w24.sales_lower_sum,1.0
market_history.MELON.w24.trade_std,market_history.MELON.w24.sales_lower_sum,1.0
market_history.EGG.last.available,market_history.EGG.last.sales_identified,1.0
market_history.EGG.last.available,market_history.EGG.w4.observed,1.0
market_history.EGG.last.available,market_history.EGG.w4.identified_fraction,1.0
market_history.EGG.last.available,market_history.EGG.w12.identified_fraction,1.0
market_history.EGG.last.available,market_history.EGG.w24.identified_fraction,1.0
market_history.EGG.last.available,market_history.MILK.last.available,1.0
market_history.EGG.last.available,market_history.MILK.last.sales_identified,1.0
market_history.EGG.last.available,market_history.MILK.w4.observed,1.0
market_history.EGG.last.available,market_history.MILK.w4.identified_fraction,1.0
market_history.EGG.last.available,market_history.MILK.w12.identified_fraction,1.0
market_history.EGG.last.available,market_history.MILK.w24.identified_fraction,1.0
market_history.EGG.last.available,market_history.WOOL.last.available,1.0
market_history.EGG.last.available,market_history.WOOL.w4.observed,1.0
market_history.EGG.last.available,market_history.FERTILIZER.last.available,1.0
market_history.EGG.last.available,market_history.FERTILIZER.w4.observed,1.0
market_history.EGG.last.sales_lower,market_history.EGG.last.sales_upper,1.0
market_history.EGG.last.sales_identified,market_history.EGG.w4.observed,1.0
market_history.EGG.last.sales_identified,market_history.EGG.w4.identified_fraction,1.0
market_history.EGG.last.sales_identified,market_history.EGG.w12.identified_fraction,1.0
market_history.EGG.last.sales_identified,market_history.EGG.w24.identified_fraction,1.0
market_history.EGG.last.sales_identified,market_history.MILK.last.available,1.0
market_history.EGG.last.sales_identified,market_history.MILK.last.sales_identified,1.0
market_history.EGG.last.sales_identified,market_history.MILK.w4.observed,1.0
market_history.EGG.last.sales_identified,market_history.MILK.w4.identified_fraction,1.0
market_history.EGG.last.sales_identified,market_history.MILK.w12.identified_fraction,1.0
market_history.EGG.last.sales_identified,market_history.MILK.w24.identified_fraction,1.0
market_history.EGG.last.sales_identified,market_history.WOOL.last.available,1.0
market_history.EGG.last.sales_identified,market_history.WOOL.w4.observed,1.0
market_history.EGG.last.sales_identified,market_history.FERTILIZER.last.available,1.0
market_history.EGG.last.sales_identified,market_history.FERTILIZER.w4.observed,1.0
market_history.EGG.w4.observed,market_history.EGG.w4.identified_fraction,1.0
market_history.EGG.w4.observed,market_history.EGG.w12.identified_fraction,1.0
market_history.EGG.w4.observed,market_history.EGG.w24.identified_fraction,1.0
market_history.EGG.w4.observed,market_history.MILK.last.available,1.0
market_history.EGG.w4.observed,market_history.MILK.last.sales_identified,1.0
market_history.EGG.w4.observed,market_history.MILK.w4.observed,1.0
market_history.EGG.w4.observed,market_history.MILK.w4.identified_fraction,1.0
market_history.EGG.w4.observed,market_history.MILK.w12.identified_fraction,1.0
market_history.EGG.w4.observed,market_history.MILK.w24.identified_fraction,1.0
market_history.EGG.w4.observed,market_history.WOOL.last.available,1.0
market_history.EGG.w4.observed,market_history.WOOL.w4.observed,1.0
market_history.EGG.w4.observed,market_history.FERTILIZER.last.available,1.0
market_history.EGG.w4.observed,market_history.FERTILIZER.w4.observed,1.0
market_history.EGG.w4.trade_sum,market_history.EGG.w4.trade_std,0.9998281799462327
market_history.EGG.w4.sales_lower_sum,market_history.EGG.w4.sales_upper_sum,1.0
market_history.EGG.w4.identified_fraction,market_history.EGG.w12.identified_fraction,1.0
market_history.EGG.w4.identified_fraction,market_history.EGG.w24.identified_fraction,1.0
market_history.EGG.w4.identified_fraction,market_history.MILK.last.available,1.0
market_history.EGG.w4.identified_fraction,market_history.MILK.last.sales_identified,1.0
market_history.EGG.w4.identified_fraction,market_history.MILK.w4.observed,1.0
market_history.EGG.w4.identified_fraction,market_history.MILK.w4.identified_fraction,1.0
market_history.EGG.w4.identified_fraction,market_history.MILK.w12.identified_fraction,1.0
market_history.EGG.w4.identified_fraction,market_history.MILK.w24.identified_fraction,1.0
market_history.EGG.w4.identified_fraction,market_history.WOOL.last.available,1.0
market_history.EGG.w4.identified_fraction,market_history.WOOL.w4.observed,1.0
market_history.EGG.w4.identified_fraction,market_history.FERTILIZER.last.available,1.0
market_history.EGG.w4.identified_fraction,market_history.FERTILIZER.w4.observed,1.0
market_history.EGG.w12.observed,market_history.MILK.w12.observed,1.0
market_history.EGG.w12.observed,market_history.WOOL.w12.observed,1.0
market_history.EGG.w12.observed,market_history.FERTILIZER.w12.observed,1.0
market_history.EGG.w12.observed,livestock.own.GOOSE.present,0.9999896546194708
market_history.EGG.w12.sales_lower_sum,market_history.EGG.w12.sales_upper_sum,1.0
market_history.EGG.w12.identified_fraction,market_history.EGG.w24.identified_fraction,1.0
market_history.EGG.w12.identified_fraction,market_history.MILK.last.available,1.0
market_history.EGG.w12.identified_fraction,market_history.MILK.last.sales_identified,1.0
market_history.EGG.w12.identified_fraction,market_history.MILK.w4.observed,1.0
market_history.EGG.w12.identified_fraction,market_history.MILK.w4.identified_fraction,1.0
market_history.EGG.w12.identified_fraction,market_history.MILK.w12.identified_fraction,1.0
market_history.EGG.w12.identified_fraction,market_history.MILK.w24.identified_fraction,1.0
market_history.EGG.w12.identified_fraction,market_history.WOOL.last.available,1.0
market_history.EGG.w12.identified_fraction,market_history.WOOL.w4.observed,1.0
market_history.EGG.w12.identified_fraction,market_history.FERTILIZER.last.available,1.0
market_history.EGG.w12.identified_fraction,market_history.FERTILIZER.w4.observed,1.0
market_history.EGG.w24.observed,market_history.MILK.w24.observed,1.0
market_history.EGG.w24.observed,market_history.WOOL.w24.observed,1.0
market_history.EGG.w24.observed,market_history.FERTILIZER.w24.observed,1.0
market_history.EGG.w24.sales_lower_sum,market_history.EGG.w24.sales_upper_sum,1.0
market_history.EGG.w24.identified_fraction,market_history.MILK.last.available,1.0
market_history.EGG.w24.identified_fraction,market_history.MILK.last.sales_identified,1.0
market_history.EGG.w24.identified_fraction,market_history.MILK.w4.observed,1.0
market_history.EGG.w24.identified_fraction,market_history.MILK.w4.identified_fraction,1.0
market_history.EGG.w24.identified_fraction,market_history.MILK.w12.identified_fraction,1.0
market_history.EGG.w24.identified_fraction,market_history.MILK.w24.identified_fraction,1.0
market_history.EGG.w24.identified_fraction,market_history.WOOL.last.available,1.0
market_history.EGG.w24.identified_fraction,market_history.WOOL.w4.observed,1.0
market_history.EGG.w24.identified_fraction,market_history.FERTILIZER.last.available,1.0
market_history.EGG.w24.identified_fraction,market_history.FERTILIZER.w4.observed,1.0
market_history.MILK.last.available,market_history.MILK.last.sales_identified,1.0
market_history.MILK.last.available,market_history.MILK.w4.observed,1.0
market_history.MILK.last.available,market_history.MILK.w4.identified_fraction,1.0
market_history.MILK.last.available,market_history.MILK.w12.identified_fraction,1.0
market_history.MILK.last.available,market_history.MILK.w24.identified_fraction,1.0
market_history.MILK.last.available,market_history.WOOL.last.available,1.0
market_history.MILK.last.available,market_history.WOOL.w4.observed,1.0
market_history.MILK.last.available,market_history.FERTILIZER.last.available,1.0
market_history.MILK.last.available,market_history.FERTILIZER.w4.observed,1.0
market_history.MILK.last.sales_lower,market_history.MILK.last.sales_upper,1.0
market_history.MILK.last.sales_identified,market_history.MILK.w4.observed,1.0
market_history.MILK.last.sales_identified,market_history.MILK.w4.identified_fraction,1.0
market_history.MILK.last.sales_identified,market_history.MILK.w12.identified_fraction,1.0
market_history.MILK.last.sales_identified,market_history.MILK.w24.identified_fraction,1.0
market_history.MILK.last.sales_identified,market_history.WOOL.last.available,1.0
market_history.MILK.last.sales_identified,market_history.WOOL.w4.observed,1.0
market_history.MILK.last.sales_identified,market_history.FERTILIZER.last.available,1.0
market_history.MILK.last.sales_identified,market_history.FERTILIZER.w4.observed,1.0
market_history.MILK.w4.observed,market_history.MILK.w4.identified_fraction,1.0
market_history.MILK.w4.observed,market_history.MILK.w12.identified_fraction,1.0
market_history.MILK.w4.observed,market_history.MILK.w24.identified_fraction,1.0
market_history.MILK.w4.observed,market_history.WOOL.last.available,1.0
market_history.MILK.w4.observed,market_history.WOOL.w4.observed,1.0
market_history.MILK.w4.observed,market_history.FERTILIZER.last.available,1.0
market_history.MILK.w4.observed,market_history.FERTILIZER.w4.observed,1.0
market_history.MILK.w4.trade_sum,market_history.MILK.w4.trade_std,0.9999288953718254
market_history.MILK.w4.sales_lower_sum,market_history.MILK.w4.sales_upper_sum,1.0
market_history.MILK.w4.identified_fraction,market_history.MILK.w12.identified_fraction,1.0
market_history.MILK.w4.identified_fraction,market_history.MILK.w24.identified_fraction,1.0
market_history.MILK.w4.identified_fraction,market_history.WOOL.last.available,1.0
market_history.MILK.w4.identified_fraction,market_history.WOOL.w4.observed,1.0
market_history.MILK.w4.identified_fraction,market_history.FERTILIZER.last.available,1.0
market_history.MILK.w4.identified_fraction,market_history.FERTILIZER.w4.observed,1.0
market_history.MILK.w12.observed,market_history.WOOL.w12.observed,1.0
market_history.MILK.w12.observed,market_history.FERTILIZER.w12.observed,1.0
market_history.MILK.w12.observed,livestock.own.GOOSE.present,0.9999896546194708
market_history.MILK.w12.trade_sum,market_history.MILK.w12.trade_std,0.9987199799377716
market_history.MILK.w12.sales_lower_sum,market_history.MILK.w12.sales_upper_sum,1.0
market_history.MILK.w12.identified_fraction,market_history.MILK.w24.identified_fraction,1.0
market_history.MILK.w12.identified_fraction,market_history.WOOL.last.available,1.0
market_history.MILK.w12.identified_fraction,market_history.WOOL.w4.observed,1.0
market_history.MILK.w12.identified_fraction,market_history.FERTILIZER.last.available,1.0
market_history.MILK.w12.identified_fraction,market_history.FERTILIZER.w4.observed,1.0
market_history.MILK.w24.observed,market_history.WOOL.w24.observed,1.0
market_history.MILK.w24.observed,market_history.FERTILIZER.w24.observed,1.0
market_history.MILK.w24.sales_lower_sum,market_history.MILK.w24.sales_upper_sum,1.0
market_history.MILK.w24.identified_fraction,market_history.WOOL.last.available,1.0
market_history.MILK.w24.identified_fraction,market_history.WOOL.w4.observed,1.0
market_history.MILK.w24.identified_fraction,market_history.FERTILIZER.last.available,1.0
market_history.MILK.w24.identified_fraction,market_history.FERTILIZER.w4.observed,1.0
market_history.WOOL.last.available,market_history.WOOL.w4.observed,1.0
market_history.WOOL.last.available,market_history.FERTILIZER.last.available,1.0
market_history.WOOL.last.available,market_history.FERTILIZER.w4.observed,1.0
market_history.WOOL.w4.observed,market_history.FERTILIZER.last.available,1.0
market_history.WOOL.w4.observed,market_history.FERTILIZER.w4.observed,1.0
market_history.WOOL.w4.trade_sum,market_history.WOOL.w4.trade_std,1.0
market_history.WOOL.w12.observed,market_history.FERTILIZER.w12.observed,1.0
market_history.WOOL.w12.observed,livestock.own.GOOSE.present,0.9999896546194708
market_history.WOOL.w12.trade_sum,market_history.WOOL.w12.trade_std,0.999916725677603
market_history.WOOL.w24.observed,market_history.FERTILIZER.w24.observed,1.0
market_history.WOOL.w24.trade_sum,market_history.WOOL.w24.trade_std,0.9981174524904983
market_history.FERTILIZER.last.available,market_history.FERTILIZER.w4.observed,1.0
market_history.FERTILIZER.w4.trade_sum,market_history.FERTILIZER.w4.trade_std,0.9984672505088912
market_history.FERTILIZER.w12.observed,livestock.own.GOOSE.present,0.9999896546194708
livestock.own.COW.escape_without_feed,livestock.own.COW.replacement_coins_at_escape_risk,1.0
livestock.own.COW.held_units,terminal.MILK.ready,1.0
livestock.own.COW.held_units,terminal.COW.stored_units,1.0
livestock.own.COW.manure_available,livestock.own.COW.uncollected_manure_slot_at_refresh,1.0
livestock.own.COW.daily_feed_current_buy_cost,livestock.own.GOOSE.daily_feed_current_buy_cost,0.9999857457932146
livestock.own.COW.daily_feed_current_buy_cost,livestock.own.SHEEP.daily_feed_current_buy_cost,0.998652620087497
livestock.own.GOOSE.escape_without_feed,livestock.own.GOOSE.stored_units_at_escape_risk,1.0
livestock.own.GOOSE.escape_without_feed,livestock.own.GOOSE.replacement_coins_at_escape_risk,1.0
livestock.own.GOOSE.stored_units_at_escape_risk,livestock.own.GOOSE.replacement_coins_at_escape_risk,1.0
livestock.own.GOOSE.held_units,terminal.EGG.ready,1.0
livestock.own.GOOSE.held_units,terminal.GOOSE.stored_units,1.0
livestock.own.GOOSE.manure_available,livestock.own.GOOSE.uncollected_manure_slot_at_refresh,1.0
livestock.own.GOOSE.daily_feed_current_buy_cost,livestock.own.SHEEP.daily_feed_current_buy_cost,0.9986659799948053
livestock.own.SHEEP.escape_without_feed,livestock.own.SHEEP.replacement_coins_at_escape_risk,1.0
livestock.own.SHEEP.held_units,terminal.WOOL.ready,1.0
livestock.own.SHEEP.held_units,terminal.SHEEP.stored_units,1.0
livestock.own.SHEEP.next_refresh_units_saved_by_feed,livestock.own.SHEEP.bonus_lost_on_unfed_production,0.999940308119212
livestock.own.SHEEP.manure_available,livestock.own.SHEEP.uncollected_manure_slot_at_refresh,1.0
livestock.opponent.COW.present,livestock.opponent.GOOSE.present,0.9972515398770867
livestock.opponent.COW.escape_without_feed,livestock.opponent.COW.replacement_coins_at_escape_risk,1.0
livestock.opponent.COW.manure_available,livestock.opponent.COW.uncollected_manure_slot_at_refresh,1.0
livestock.opponent.COW.daily_feed_current_buy_cost,livestock.opponent.GOOSE.daily_feed_current_buy_cost,0.9987924377180244
livestock.opponent.COW.daily_feed_current_buy_cost,livestock.opponent.SHEEP.daily_feed_current_buy_cost,0.9999022329304561
livestock.opponent.GOOSE.escape_without_feed,livestock.opponent.GOOSE.stored_units_at_escape_risk,1.0
livestock.opponent.GOOSE.escape_without_feed,livestock.opponent.GOOSE.replacement_coins_at_escape_risk,1.0
livestock.opponent.GOOSE.stored_units_at_escape_risk,livestock.opponent.GOOSE.replacement_coins_at_escape_risk,1.0
livestock.opponent.GOOSE.manure_available,livestock.opponent.GOOSE.uncollected_manure_slot_at_refresh,1.0
livestock.opponent.GOOSE.daily_feed_current_buy_cost,livestock.opponent.SHEEP.daily_feed_current_buy_cost,0.998694788708306
livestock.opponent.SHEEP.escape_without_feed,livestock.opponent.SHEEP.replacement_coins_at_escape_risk,1.0
livestock.opponent.SHEEP.next_refresh_units_saved_by_feed,livestock.opponent.SHEEP.bonus_lost_on_unfed_production,0.9999760222472318
livestock.opponent.SHEEP.manure_available,livestock.opponent.SHEEP.uncollected_manure_slot_at_refresh,1.0
livestock.resources.wheat_in_shed,terminal.WHEAT.shed,1.0
livestock.resources.wheat_carried,terminal.WHEAT.carried,1.0
livestock.resources.one_day_feed_deficit,livestock.resources.one_day_feed_buy_cost,0.9999934477638787
livestock.resources.manure_in_shed,terminal.FERTILIZER.shed,1.0
livestock.resources.manure_collectable,terminal.FERTILIZER.ready,1.0
livestock.fertilizer.STRAWBERRY.baseline_harvest_units,livestock.fertilizer.STRAWBERRY.treated_harvest_units,0.9950783739485022
livestock.fertilizer.STRAWBERRY.bankable_extra_units,livestock.fertilizer.STRAWBERRY.positive_value_plants,0.9984263438084812
livestock.fertilizer.STRAWBERRY.first_harvest_action_gain,terminal.STRAWBERRY.ready,-0.9994902553497981
livestock.fertilizer.TOMATO.first_harvest_action_gain,terminal.TOMATO.ready,-0.9972147866759553
livestock.fertilizer.WHEAT.extra_scenario_work,livestock.fertilizer.WHEAT.present,0.9999913235719732
terminal.decisions_remaining,terminal.refreshes_remaining,0.999457991660016
terminal.final_day,terminal.next_refresh_exists,-1.0
terminal.final_day,terminal.GOOSE.unfed_without_refresh,1.0
terminal.final_day,terminal.SHEEP.unfed_without_refresh,0.999918424777919
terminal.final_day,terminal.routes_generated,0.9997412823336159
terminal.final_day,terminal.room,0.9998582217229728
terminal.final_day,terminal.budget,0.9997460801076313
terminal.final_day,terminal.assignment_leaves,0.9997516081417404
terminal.next_refresh_exists,terminal.GOOSE.unfed_without_refresh,-1.0
terminal.next_refresh_exists,terminal.SHEEP.unfed_without_refresh,-0.999918424777919
terminal.next_refresh_exists,terminal.routes_generated,-0.9997412823336159
terminal.next_refresh_exists,terminal.room,-0.9998582217229728
terminal.next_refresh_exists,terminal.budget,-0.9997460801076313
terminal.next_refresh_exists,terminal.assignment_leaves,-0.9997516081417404
terminal.EGG.ready,terminal.GOOSE.stored_units,1.0
terminal.MILK.ready,terminal.COW.stored_units,1.0
terminal.STRAWBERRY.carried,terminal.STRAWBERRY.carry_sale_value,0.9989095684807735
terminal.TOMATO.carried,terminal.TOMATO.carry_sale_value,0.9984193524516756
terminal.WOOL.ready,terminal.SHEEP.stored_units,1.0
terminal.GOOSE.unfed_without_refresh,terminal.SHEEP.unfed_without_refresh,0.999918424777919
terminal.GOOSE.unfed_without_refresh,terminal.routes_generated,0.9997412823336159
terminal.GOOSE.unfed_without_refresh,terminal.room,0.9998582217229728
terminal.GOOSE.unfed_without_refresh,terminal.budget,0.9997460801076313
terminal.GOOSE.unfed_without_refresh,terminal.assignment_leaves,0.9997516081417404
terminal.SHEEP.unfed_without_refresh,terminal.routes_generated,0.9996606650249621
terminal.SHEEP.unfed_without_refresh,terminal.room,0.9997722490403487
terminal.SHEEP.unfed_without_refresh,terminal.budget,0.9997174279787074
terminal.SHEEP.unfed_without_refresh,terminal.assignment_leaves,0.9996545130223493
terminal.routes_generated,terminal.room,0.9994085197369965
terminal.routes_generated,terminal.budget,0.9999155623987145
terminal.routes_generated,terminal.assignment_leaves,0.9998107808972521
terminal.routes_feasible,terminal.routes_retained,0.9998990324454561
terminal.routes_feasible,terminal.joint_utility,0.99961882155836
terminal.routes_feasible,terminal.joint_work,0.9998265061119379
terminal.routes_feasible,terminal.joint_units,0.9994816453893081
terminal.routes_retained,terminal.joint_utility,0.9996514959959812
terminal.routes_retained,terminal.joint_work,0.9999263480976954
terminal.routes_retained,terminal.joint_units,0.9996422458007548
terminal.room,terminal.budget,0.9993611274869643
terminal.room,terminal.assignment_leaves,0.9995491940142076
terminal.budget,terminal.assignment_leaves,0.9997722940529898
terminal.joint_utility,terminal.joint_work,0.999596522471099
terminal.joint_utility,terminal.joint_units,0.9999027184044049
terminal.joint_work,terminal.joint_units,0.9996093181316857
terminal.worker0.menu_size,terminal.worker0.best_value,0.9997792376474168
terminal.worker0.menu_size,terminal.worker0.best_utility,0.996233608268784
terminal.worker0.menu_size,terminal.worker0.minimum_route_actions,0.9998670552518842
terminal.worker0.best_value,terminal.worker0.best_utility,0.9964822862224536
terminal.worker0.best_value,terminal.worker0.minimum_route_actions,0.9995676481878082
terminal.worker0.best_utility,terminal.worker0.minimum_route_actions,0.9957536470058558
terminal.worker1.present,terminal.worker2.present,1.0
terminal.worker1.present,terminal.worker3.present,1.0
terminal.worker1.menu_size,terminal.worker1.best_value,0.9999850302197113
terminal.worker1.menu_size,terminal.worker1.minimum_route_actions,0.9999462837703739
terminal.worker1.best_value,terminal.worker1.minimum_route_actions,0.9999283171541897
terminal.worker2.present,terminal.worker3.present,1.0
terminal.worker2.menu_size,terminal.worker2.best_value,0.9999743401612389
terminal.worker2.menu_size,terminal.worker2.best_utility,0.9999725910134292
terminal.worker2.menu_size,terminal.worker2.minimum_route_actions,0.9999319254750512
terminal.worker2.best_value,terminal.worker2.best_utility,0.9999998159571997
terminal.worker2.best_value,terminal.worker2.minimum_route_actions,0.9999169993813347
terminal.worker2.best_utility,terminal.worker2.minimum_route_actions,0.9999177865976798
terminal.worker3.menu_size,terminal.worker3.best_value,0.9999621135903376
terminal.worker3.menu_size,terminal.worker3.best_utility,0.9999579693454658
terminal.worker3.menu_size,terminal.worker3.minimum_route_actions,0.9999475227956652
terminal.worker3.best_value,terminal.worker3.best_utility,0.999999643769737
terminal.worker3.best_value,terminal.worker3.minimum_route_actions,0.9999183593134673
terminal.worker3.best_utility,terminal.worker3.minimum_route_actions,0.999915618750347
